url,http_status,meta_robots,x_robots_tag,in_sitemap,canonical,self_canonical,indexable
https://ironwoodlivigno.com/it,200,,,yes,https://ironwoodlivigno.com/it,yes,yes
https://ironwoodlivigno.com/en,200,,,yes,https://ironwoodlivigno.com/en,yes,yes
https://ironwoodlivigno.com/de,200,,,yes,https://ironwoodlivigno.com/de,yes,yes
https://ironwoodlivigno.com/cs,200,,,yes,https://ironwoodlivigno.com/cs,yes,yes
https://ironwoodlivigno.com/zh,200,,,yes,https://ironwoodlivigno.com/zh,yes,yes
https://ironwoodlivigno.com/da,200,,,yes,https://ironwoodlivigno.com/da,yes,yes
https://ironwoodlivigno.com/no,200,,,yes,https://ironwoodlivigno.com/no,yes,yes
https://ironwoodlivigno.com/pl,200,,,yes,https://ironwoodlivigno.com/pl,yes,yes
https://ironwoodlivigno.com/nl,200,,,yes,https://ironwoodlivigno.com/nl,yes,yes
https://ironwoodlivigno.com/ja,200,,,yes,https://ironwoodlivigno.com/ja,yes,yes
https://ironwoodlivigno.com/fr,200,,,yes,https://ironwoodlivigno.com/fr,yes,yes
https://ironwoodlivigno.com/it/contatti,200,"index, follow",,yes,https://ironwoodlivigno.com/it/contatti,yes,yes
https://ironwoodlivigno.com/en-us,200,,,yes,https://ironwoodlivigno.com/en-us,yes,yes
https://ironwoodlivigno.com/en/contact,200,"index, follow",,yes,https://ironwoodlivigno.com/en/contact,yes,yes
https://ironwoodlivigno.com/de/kontakt,200,"index, follow",,yes,https://ironwoodlivigno.com/de/kontakt,yes,yes
https://ironwoodlivigno.com/fr/contact,200,"index, follow",,yes,https://ironwoodlivigno.com/fr/contact,yes,yes
https://ironwoodlivigno.com/da/kontakt,200,"index, follow",,yes,https://ironwoodlivigno.com/da/kontakt,yes,yes
https://ironwoodlivigno.com/no/kontakt,200,"index, follow",,yes,https://ironwoodlivigno.com/no/kontakt,yes,yes
https://ironwoodlivigno.com/cs/kontakt,200,"index, follow",,yes,https://ironwoodlivigno.com/cs/kontakt,yes,yes
https://ironwoodlivigno.com/pl/kontakt,200,"index, follow",,yes,https://ironwoodlivigno.com/pl/kontakt,yes,yes
https://ironwoodlivigno.com/nl/contact,200,"index, follow",,yes,https://ironwoodlivigno.com/nl/contact,yes,yes
https://ironwoodlivigno.com/zh/contact,200,"index, follow",,yes,https://ironwoodlivigno.com/zh/contact,yes,yes
https://ironwoodlivigno.com/en-us/contact,200,"index, follow",,yes,https://ironwoodlivigno.com/en-us/contact,yes,yes
https://ironwoodlivigno.com/blog,200,,,yes,https://ironwoodlivigno.com/blog,yes,yes
https://ironwoodlivigno.com/blog/de,200,,,yes,https://ironwoodlivigno.com/blog/de,yes,yes
https://ironwoodlivigno.com/blog/nl,200,,,yes,https://ironwoodlivigno.com/blog/nl,yes,yes
https://ironwoodlivigno.com/blog/en,200,,,yes,https://ironwoodlivigno.com/blog/en,yes,yes
https://ironwoodlivigno.com/ja/contact,200,"index, follow",,yes,https://ironwoodlivigno.com/ja/contact,yes,yes
https://ironwoodlivigno.com/blog/pl,200,,,yes,https://ironwoodlivigno.com/blog/pl,yes,yes
https://ironwoodlivigno.com/blog/cs,200,,,yes,https://ironwoodlivigno.com/blog/cs,yes,yes
https://ironwoodlivigno.com/blog/fr,200,,,yes,https://ironwoodlivigno.com/blog/fr,yes,yes
https://ironwoodlivigno.com/blog/no,200,,,yes,https://ironwoodlivigno.com/blog/no,yes,yes
https://ironwoodlivigno.com/blog/da,200,,,yes,https://ironwoodlivigno.com/blog/da,yes,yes
https://ironwoodlivigno.com/blog/zh,200,,,yes,https://ironwoodlivigno.com/blog/zh,yes,yes
https://ironwoodlivigno.com/blog/come-arrivare-a-livigno,200,,,yes,https://ironwoodlivigno.com/blog/come-arrivare-a-livigno,yes,yes
https://ironwoodlivigno.com/blog/ja,200,,,yes,https://ironwoodlivigno.com/blog/ja,yes,yes
https://ironwoodlivigno.com/blog/come-arrivare-a-livigno/en,200,,,yes,https://ironwoodlivigno.com/blog/come-arrivare-a-livigno/en,yes,yes
https://ironwoodlivigno.com/blog/come-arrivare-a-livigno/de,200,,,yes,https://ironwoodlivigno.com/blog/come-arrivare-a-livigno/de,yes,yes
https://ironwoodlivigno.com/blog/come-arrivare-a-livigno/pl,200,,,yes,https://ironwoodlivigno.com/blog/come-arrivare-a-livigno/pl,yes,yes
https://ironwoodlivigno.com/blog/come-arrivare-a-livigno/nl,200,,,yes,https://ironwoodlivigno.com/blog/come-arrivare-a-livigno/nl,yes,yes
https://ironwoodlivigno.com/blog/come-arrivare-a-livigno/cs,200,,,yes,https://ironwoodlivigno.com/blog/come-arrivare-a-livigno/cs,yes,yes
https://ironwoodlivigno.com/blog/come-arrivare-a-livigno/da,200,,,yes,https://ironwoodlivigno.com/blog/come-arrivare-a-livigno/da,yes,yes
https://ironwoodlivigno.com/blog/come-arrivare-a-livigno/no,200,,,yes,https://ironwoodlivigno.com/blog/come-arrivare-a-livigno/no,yes,yes
https://ironwoodlivigno.com/blog/come-arrivare-a-livigno/zh,200,,,yes,https://ironwoodlivigno.com/blog/come-arrivare-a-livigno/zh,yes,yes
https://ironwoodlivigno.com/blog/sci-a-livigno-guida-carosello-3000/en,200,,,yes,https://ironwoodlivigno.com/blog/sci-a-livigno-guida-carosello-3000/en,yes,yes
https://ironwoodlivigno.com/blog/sci-a-livigno-guida-carosello-3000,200,,,yes,https://ironwoodlivigno.com/blog/sci-a-livigno-guida-carosello-3000,yes,yes
https://ironwoodlivigno.com/blog/come-arrivare-a-livigno/ja,200,,,yes,https://ironwoodlivigno.com/blog/come-arrivare-a-livigno/ja,yes,yes
https://ironwoodlivigno.com/blog/sci-a-livigno-guida-carosello-3000/pl,200,,,yes,https://ironwoodlivigno.com/blog/sci-a-livigno-guida-carosello-3000/pl,yes,yes
https://ironwoodlivigno.com/blog/come-arrivare-a-livigno/fr,200,,,yes,https://ironwoodlivigno.com/blog/come-arrivare-a-livigno/fr,yes,yes
https://ironwoodlivigno.com/blog/sci-a-livigno-guida-carosello-3000/nl,200,,,yes,https://ironwoodlivigno.com/blog/sci-a-livigno-guida-carosello-3000/nl,yes,yes
https://ironwoodlivigno.com/blog/sci-a-livigno-guida-carosello-3000/de,200,,,yes,https://ironwoodlivigno.com/blog/sci-a-livigno-guida-carosello-3000/de,yes,yes
https://ironwoodlivigno.com/blog/sci-a-livigno-guida-carosello-3000/fr,200,,,yes,https://ironwoodlivigno.com/blog/sci-a-livigno-guida-carosello-3000/fr,yes,yes
https://ironwoodlivigno.com/blog/sci-a-livigno-guida-carosello-3000/cs,200,,,yes,https://ironwoodlivigno.com/blog/sci-a-livigno-guida-carosello-3000/cs,yes,yes
https://ironwoodlivigno.com/blog/sci-a-livigno-guida-carosello-3000/da,200,,,yes,https://ironwoodlivigno.com/blog/sci-a-livigno-guida-carosello-3000/da,yes,yes
https://ironwoodlivigno.com/blog/sci-a-livigno-guida-carosello-3000/no,200,,,yes,https://ironwoodlivigno.com/blog/sci-a-livigno-guida-carosello-3000/no,yes,yes
https://ironwoodlivigno.com/blog/sci-a-livigno-guida-carosello-3000/zh,200,,,yes,https://ironwoodlivigno.com/blog/sci-a-livigno-guida-carosello-3000/zh,yes,yes
https://ironwoodlivigno.com/blog/sci-a-livigno-guida-carosello-3000/ja,200,,,yes,https://ironwoodlivigno.com/blog/sci-a-livigno-guida-carosello-3000/ja,yes,yes
https://ironwoodlivigno.com/blog/livigno-estate-mountain-bike-trekking-lago/de,200,,,yes,https://ironwoodlivigno.com/blog/livigno-estate-mountain-bike-trekking-lago/de,yes,yes
https://ironwoodlivigno.com/blog/livigno-estate-mountain-bike-trekking-lago/en,200,,,yes,https://ironwoodlivigno.com/blog/livigno-estate-mountain-bike-trekking-lago/en,yes,yes
https://ironwoodlivigno.com/blog/livigno-estate-mountain-bike-trekking-lago,200,,,yes,https://ironwoodlivigno.com/blog/livigno-estate-mountain-bike-trekking-lago,yes,yes
https://ironwoodlivigno.com/blog/livigno-estate-mountain-bike-trekking-lago/pl,200,,,yes,https://ironwoodlivigno.com/blog/livigno-estate-mountain-bike-trekking-lago/pl,yes,yes
https://ironwoodlivigno.com/blog/livigno-estate-mountain-bike-trekking-lago/nl,200,,,yes,https://ironwoodlivigno.com/blog/livigno-estate-mountain-bike-trekking-lago/nl,yes,yes
https://ironwoodlivigno.com/blog/livigno-estate-mountain-bike-trekking-lago/fr,200,,,yes,https://ironwoodlivigno.com/blog/livigno-estate-mountain-bike-trekking-lago/fr,yes,yes
https://ironwoodlivigno.com/blog/livigno-estate-mountain-bike-trekking-lago/cs,200,,,yes,https://ironwoodlivigno.com/blog/livigno-estate-mountain-bike-trekking-lago/cs,yes,yes
https://ironwoodlivigno.com/blog/livigno-estate-mountain-bike-trekking-lago/da,200,,,yes,https://ironwoodlivigno.com/blog/livigno-estate-mountain-bike-trekking-lago/da,yes,yes
https://ironwoodlivigno.com/blog/livigno-estate-mountain-bike-trekking-lago/no,200,,,yes,https://ironwoodlivigno.com/blog/livigno-estate-mountain-bike-trekking-lago/no,yes,yes
https://ironwoodlivigno.com/blog/livigno-estate-mountain-bike-trekking-lago/zh,200,,,yes,https://ironwoodlivigno.com/blog/livigno-estate-mountain-bike-trekking-lago/zh,yes,yes
https://ironwoodlivigno.com/blog/livigno-estate-mountain-bike-trekking-lago/ja,200,,,yes,https://ironwoodlivigno.com/blog/livigno-estate-mountain-bike-trekking-lago/ja,yes,yes
https://ironwoodlivigno.com/blog/cosa-mangiare-a-livigno-piatti-tipici,200,,,yes,https://ironwoodlivigno.com/blog/cosa-mangiare-a-livigno-piatti-tipici,yes,yes
https://ironwoodlivigno.com/blog/cosa-mangiare-a-livigno-piatti-tipici/en,200,,,yes,https://ironwoodlivigno.com/blog/cosa-mangiare-a-livigno-piatti-tipici/en,yes,yes
https://ironwoodlivigno.com/blog/cosa-mangiare-a-livigno-piatti-tipici/de,200,,,yes,https://ironwoodlivigno.com/blog/cosa-mangiare-a-livigno-piatti-tipici/de,yes,yes
https://ironwoodlivigno.com/blog/cosa-mangiare-a-livigno-piatti-tipici/pl,200,,,yes,https://ironwoodlivigno.com/blog/cosa-mangiare-a-livigno-piatti-tipici/pl,yes,yes
https://ironwoodlivigno.com/blog/cosa-mangiare-a-livigno-piatti-tipici/nl,200,,,yes,https://ironwoodlivigno.com/blog/cosa-mangiare-a-livigno-piatti-tipici/nl,yes,yes
https://ironwoodlivigno.com/blog/cosa-mangiare-a-livigno-piatti-tipici/cs,200,,,yes,https://ironwoodlivigno.com/blog/cosa-mangiare-a-livigno-piatti-tipici/cs,yes,yes
https://ironwoodlivigno.com/blog/cosa-mangiare-a-livigno-piatti-tipici/da,200,,,yes,https://ironwoodlivigno.com/blog/cosa-mangiare-a-livigno-piatti-tipici/da,yes,yes
https://ironwoodlivigno.com/blog/cosa-mangiare-a-livigno-piatti-tipici/fr,200,,,yes,https://ironwoodlivigno.com/blog/cosa-mangiare-a-livigno-piatti-tipici/fr,yes,yes
https://ironwoodlivigno.com/blog/cosa-mangiare-a-livigno-piatti-tipici/no,200,,,yes,https://ironwoodlivigno.com/blog/cosa-mangiare-a-livigno-piatti-tipici/no,yes,yes
https://ironwoodlivigno.com/blog/cosa-mangiare-a-livigno-piatti-tipici/zh,200,,,yes,https://ironwoodlivigno.com/blog/cosa-mangiare-a-livigno-piatti-tipici/zh,yes,yes
https://ironwoodlivigno.com/blog/cosa-mangiare-a-livigno-piatti-tipici/ja,200,,,yes,https://ironwoodlivigno.com/blog/cosa-mangiare-a-livigno-piatti-tipici/ja,yes,yes
https://ironwoodlivigno.com/blog/shopping-duty-free-livigno-cosa-comprare/en,200,,,yes,https://ironwoodlivigno.com/blog/shopping-duty-free-livigno-cosa-comprare/en,yes,yes
https://ironwoodlivigno.com/blog/shopping-duty-free-livigno-cosa-comprare,200,,,yes,https://ironwoodlivigno.com/blog/shopping-duty-free-livigno-cosa-comprare,yes,yes
https://ironwoodlivigno.com/blog/shopping-duty-free-livigno-cosa-comprare/de,200,,,yes,https://ironwoodlivigno.com/blog/shopping-duty-free-livigno-cosa-comprare/de,yes,yes
https://ironwoodlivigno.com/blog/shopping-duty-free-livigno-cosa-comprare/pl,200,,,yes,https://ironwoodlivigno.com/blog/shopping-duty-free-livigno-cosa-comprare/pl,yes,yes
https://ironwoodlivigno.com/blog/shopping-duty-free-livigno-cosa-comprare/nl,200,,,yes,https://ironwoodlivigno.com/blog/shopping-duty-free-livigno-cosa-comprare/nl,yes,yes
https://ironwoodlivigno.com/blog/shopping-duty-free-livigno-cosa-comprare/cs,200,,,yes,https://ironwoodlivigno.com/blog/shopping-duty-free-livigno-cosa-comprare/cs,yes,yes
https://ironwoodlivigno.com/blog/shopping-duty-free-livigno-cosa-comprare/fr,200,,,yes,https://ironwoodlivigno.com/blog/shopping-duty-free-livigno-cosa-comprare/fr,yes,yes
https://ironwoodlivigno.com/blog/shopping-duty-free-livigno-cosa-comprare/da,200,,,yes,https://ironwoodlivigno.com/blog/shopping-duty-free-livigno-cosa-comprare/da,yes,yes
https://ironwoodlivigno.com/blog/shopping-duty-free-livigno-cosa-comprare/no,200,,,yes,https://ironwoodlivigno.com/blog/shopping-duty-free-livigno-cosa-comprare/no,yes,yes
https://ironwoodlivigno.com/blog/shopping-duty-free-livigno-cosa-comprare/zh,200,,,yes,https://ironwoodlivigno.com/blog/shopping-duty-free-livigno-cosa-comprare/zh,yes,yes
https://ironwoodlivigno.com/blog/shopping-duty-free-livigno-cosa-comprare/ja,200,,,yes,https://ironwoodlivigno.com/blog/shopping-duty-free-livigno-cosa-comprare/ja,yes,yes
https://ironwoodlivigno.com/blog/livigno-con-bambini-attivita-famiglia/en,200,,,yes,https://ironwoodlivigno.com/blog/livigno-con-bambini-attivita-famiglia/en,yes,yes
https://ironwoodlivigno.com/blog/livigno-con-bambini-attivita-famiglia,200,,,yes,https://ironwoodlivigno.com/blog/livigno-con-bambini-attivita-famiglia,yes,yes
https://ironwoodlivigno.com/blog/livigno-con-bambini-attivita-famiglia/cs,200,,,yes,https://ironwoodlivigno.com/blog/livigno-con-bambini-attivita-famiglia/cs,yes,yes
https://ironwoodlivigno.com/blog/livigno-con-bambini-attivita-famiglia/fr,200,,,yes,https://ironwoodlivigno.com/blog/livigno-con-bambini-attivita-famiglia/fr,yes,yes
https://ironwoodlivigno.com/blog/livigno-con-bambini-attivita-famiglia/pl,200,,,yes,https://ironwoodlivigno.com/blog/livigno-con-bambini-attivita-famiglia/pl,yes,yes
https://ironwoodlivigno.com/blog/livigno-con-bambini-attivita-famiglia/no,200,,,yes,https://ironwoodlivigno.com/blog/livigno-con-bambini-attivita-famiglia/no,yes,yes
https://ironwoodlivigno.com/blog/livigno-con-bambini-attivita-famiglia/da,200,,,yes,https://ironwoodlivigno.com/blog/livigno-con-bambini-attivita-famiglia/da,yes,yes
https://ironwoodlivigno.com/blog/livigno-con-bambini-attivita-famiglia/zh,200,,,yes,https://ironwoodlivigno.com/blog/livigno-con-bambini-attivita-famiglia/zh,yes,yes
https://ironwoodlivigno.com/blog/livigno-con-bambini-attivita-famiglia/nl,200,,,yes,https://ironwoodlivigno.com/blog/livigno-con-bambini-attivita-famiglia/nl,yes,yes
https://ironwoodlivigno.com/blog/livigno-con-bambini-attivita-famiglia/de,200,,,yes,https://ironwoodlivigno.com/blog/livigno-con-bambini-attivita-famiglia/de,yes,yes
https://ironwoodlivigno.com/blog/livigno-con-bambini-attivita-famiglia/ja,200,,,yes,https://ironwoodlivigno.com/blog/livigno-con-bambini-attivita-famiglia/ja,yes,yes
https://ironwoodlivigno.com/blog/livigno-estate-10-esperienze-imperdibili,200,,,yes,https://ironwoodlivigno.com/blog/livigno-estate-10-esperienze-imperdibili,yes,yes
https://ironwoodlivigno.com/blog/livigno-estate-10-esperienze-imperdibili/en,200,,,yes,https://ironwoodlivigno.com/blog/livigno-estate-10-esperienze-imperdibili/en,yes,yes
https://ironwoodlivigno.com/blog/livigno-estate-10-esperienze-imperdibili/pl,200,,,yes,https://ironwoodlivigno.com/blog/livigno-estate-10-esperienze-imperdibili/pl,yes,yes
https://ironwoodlivigno.com/blog/livigno-estate-10-esperienze-imperdibili/de,200,,,yes,https://ironwoodlivigno.com/blog/livigno-estate-10-esperienze-imperdibili/de,yes,yes
https://ironwoodlivigno.com/blog/livigno-estate-10-esperienze-imperdibili/nl,200,,,yes,https://ironwoodlivigno.com/blog/livigno-estate-10-esperienze-imperdibili/nl,yes,yes
https://ironwoodlivigno.com/blog/livigno-estate-10-esperienze-imperdibili/cs,200,,,yes,https://ironwoodlivigno.com/blog/livigno-estate-10-esperienze-imperdibili/cs,yes,yes
https://ironwoodlivigno.com/blog/livigno-estate-10-esperienze-imperdibili/fr,200,,,yes,https://ironwoodlivigno.com/blog/livigno-estate-10-esperienze-imperdibili/fr,yes,yes
https://ironwoodlivigno.com/blog/livigno-estate-10-esperienze-imperdibili/da,200,,,yes,https://ironwoodlivigno.com/blog/livigno-estate-10-esperienze-imperdibili/da,yes,yes
https://ironwoodlivigno.com/blog/livigno-estate-10-esperienze-imperdibili/no,200,,,yes,https://ironwoodlivigno.com/blog/livigno-estate-10-esperienze-imperdibili/no,yes,yes
https://ironwoodlivigno.com/blog/migliori-piste-sci-livigno-famiglie,200,,,yes,https://ironwoodlivigno.com/blog/migliori-piste-sci-livigno-famiglie,yes,yes
https://ironwoodlivigno.com/blog/livigno-estate-10-esperienze-imperdibili/ja,200,,,yes,https://ironwoodlivigno.com/blog/livigno-estate-10-esperienze-imperdibili/ja,yes,yes
https://ironwoodlivigno.com/blog/migliori-piste-sci-livigno-famiglie/en,200,,,yes,https://ironwoodlivigno.com/blog/migliori-piste-sci-livigno-famiglie/en,yes,yes
https://ironwoodlivigno.com/blog/livigno-estate-10-esperienze-imperdibili/zh,200,,,yes,https://ironwoodlivigno.com/blog/livigno-estate-10-esperienze-imperdibili/zh,yes,yes
https://ironwoodlivigno.com/blog/migliori-piste-sci-livigno-famiglie/nl,200,,,yes,https://ironwoodlivigno.com/blog/migliori-piste-sci-livigno-famiglie/nl,yes,yes
https://ironwoodlivigno.com/blog/migliori-piste-sci-livigno-famiglie/de,200,,,yes,https://ironwoodlivigno.com/blog/migliori-piste-sci-livigno-famiglie/de,yes,yes
https://ironwoodlivigno.com/blog/migliori-piste-sci-livigno-famiglie/pl,200,,,yes,https://ironwoodlivigno.com/blog/migliori-piste-sci-livigno-famiglie/pl,yes,yes
https://ironwoodlivigno.com/blog/migliori-piste-sci-livigno-famiglie/cs,200,,,yes,https://ironwoodlivigno.com/blog/migliori-piste-sci-livigno-famiglie/cs,yes,yes
https://ironwoodlivigno.com/blog/migliori-piste-sci-livigno-famiglie/fr,200,,,yes,https://ironwoodlivigno.com/blog/migliori-piste-sci-livigno-famiglie/fr,yes,yes
https://ironwoodlivigno.com/blog/migliori-piste-sci-livigno-famiglie/da,200,,,yes,https://ironwoodlivigno.com/blog/migliori-piste-sci-livigno-famiglie/da,yes,yes
https://ironwoodlivigno.com/blog/migliori-piste-sci-livigno-famiglie/no,200,,,yes,https://ironwoodlivigno.com/blog/migliori-piste-sci-livigno-famiglie/no,yes,yes
https://ironwoodlivigno.com/blog/migliori-piste-sci-livigno-famiglie/zh,200,,,yes,https://ironwoodlivigno.com/blog/migliori-piste-sci-livigno-famiglie/zh,yes,yes
https://ironwoodlivigno.com/blog/migliori-piste-sci-livigno-famiglie/ja,200,,,yes,https://ironwoodlivigno.com/blog/migliori-piste-sci-livigno-famiglie/ja,yes,yes
https://ironwoodlivigno.com/blog/sauna-privata-vs-condivisa-livigno,200,,,yes,https://ironwoodlivigno.com/blog/sauna-privata-vs-condivisa-livigno,yes,yes
https://ironwoodlivigno.com/blog/sauna-privata-vs-condivisa-livigno/en,200,,,yes,https://ironwoodlivigno.com/blog/sauna-privata-vs-condivisa-livigno/en,yes,yes
https://ironwoodlivigno.com/blog/sauna-privata-vs-condivisa-livigno/de,200,,,yes,https://ironwoodlivigno.com/blog/sauna-privata-vs-condivisa-livigno/de,yes,yes
https://ironwoodlivigno.com/blog/sauna-privata-vs-condivisa-livigno/pl,200,,,yes,https://ironwoodlivigno.com/blog/sauna-privata-vs-condivisa-livigno/pl,yes,yes
https://ironwoodlivigno.com/blog/sauna-privata-vs-condivisa-livigno/fr,200,,,yes,https://ironwoodlivigno.com/blog/sauna-privata-vs-condivisa-livigno/fr,yes,yes
https://ironwoodlivigno.com/blog/sauna-privata-vs-condivisa-livigno/nl,200,,,yes,https://ironwoodlivigno.com/blog/sauna-privata-vs-condivisa-livigno/nl,yes,yes
https://ironwoodlivigno.com/blog/sauna-privata-vs-condivisa-livigno/cs,200,,,yes,https://ironwoodlivigno.com/blog/sauna-privata-vs-condivisa-livigno/cs,yes,yes
https://ironwoodlivigno.com/blog/sauna-privata-vs-condivisa-livigno/da,200,,,yes,https://ironwoodlivigno.com/blog/sauna-privata-vs-condivisa-livigno/da,yes,yes
https://ironwoodlivigno.com/blog/sauna-privata-vs-condivisa-livigno/no,200,,,yes,https://ironwoodlivigno.com/blog/sauna-privata-vs-condivisa-livigno/no,yes,yes
https://ironwoodlivigno.com/blog/sauna-privata-vs-condivisa-livigno/zh,200,,,yes,https://ironwoodlivigno.com/blog/sauna-privata-vs-condivisa-livigno/zh,yes,yes
https://ironwoodlivigno.com/blog/sauna-privata-vs-condivisa-livigno/ja,200,,,yes,https://ironwoodlivigno.com/blog/sauna-privata-vs-condivisa-livigno/ja,yes,yes
https://ironwoodlivigno.com/blog/quanto-costa-sciare-a-livigno-guida-prezzi,200,,,yes,https://ironwoodlivigno.com/blog/quanto-costa-sciare-a-livigno-guida-prezzi,yes,yes
https://ironwoodlivigno.com/blog/quanto-costa-sciare-a-livigno-guida-prezzi/en,200,,,yes,https://ironwoodlivigno.com/blog/quanto-costa-sciare-a-livigno-guida-prezzi/en,yes,yes
https://ironwoodlivigno.com/blog/quanto-costa-sciare-a-livigno-guida-prezzi/pl,200,,,yes,https://ironwoodlivigno.com/blog/quanto-costa-sciare-a-livigno-guida-prezzi/pl,yes,yes
https://ironwoodlivigno.com/blog/quanto-costa-sciare-a-livigno-guida-prezzi/nl,200,,,yes,https://ironwoodlivigno.com/blog/quanto-costa-sciare-a-livigno-guida-prezzi/nl,yes,yes
https://ironwoodlivigno.com/blog/quanto-costa-sciare-a-livigno-guida-prezzi/cs,200,,,yes,https://ironwoodlivigno.com/blog/quanto-costa-sciare-a-livigno-guida-prezzi/cs,yes,yes
https://ironwoodlivigno.com/blog/quanto-costa-sciare-a-livigno-guida-prezzi/de,200,,,yes,https://ironwoodlivigno.com/blog/quanto-costa-sciare-a-livigno-guida-prezzi/de,yes,yes
https://ironwoodlivigno.com/blog/quanto-costa-sciare-a-livigno-guida-prezzi/fr,200,,,yes,https://ironwoodlivigno.com/blog/quanto-costa-sciare-a-livigno-guida-prezzi/fr,yes,yes
https://ironwoodlivigno.com/blog/quanto-costa-sciare-a-livigno-guida-prezzi/da,200,,,yes,https://ironwoodlivigno.com/blog/quanto-costa-sciare-a-livigno-guida-prezzi/da,yes,yes
https://ironwoodlivigno.com/blog/quanto-costa-sciare-a-livigno-guida-prezzi/zh,200,,,yes,https://ironwoodlivigno.com/blog/quanto-costa-sciare-a-livigno-guida-prezzi/zh,yes,yes
https://ironwoodlivigno.com/blog/quanto-costa-sciare-a-livigno-guida-prezzi/no,200,,,yes,https://ironwoodlivigno.com/blog/quanto-costa-sciare-a-livigno-guida-prezzi/no,yes,yes
https://ironwoodlivigno.com/blog/quanto-costa-sciare-a-livigno-guida-prezzi/ja,200,,,yes,https://ironwoodlivigno.com/blog/quanto-costa-sciare-a-livigno-guida-prezzi/ja,yes,yes
https://ironwoodlivigno.com/blog/natale-capodanno-a-livigno,200,,,yes,https://ironwoodlivigno.com/blog/natale-capodanno-a-livigno,yes,yes
https://ironwoodlivigno.com/blog/natale-capodanno-a-livigno/de,200,,,yes,https://ironwoodlivigno.com/blog/natale-capodanno-a-livigno/de,yes,yes
https://ironwoodlivigno.com/blog/natale-capodanno-a-livigno/en,200,,,yes,https://ironwoodlivigno.com/blog/natale-capodanno-a-livigno/en,yes,yes
https://ironwoodlivigno.com/blog/natale-capodanno-a-livigno/nl,200,,,yes,https://ironwoodlivigno.com/blog/natale-capodanno-a-livigno/nl,yes,yes
https://ironwoodlivigno.com/blog/natale-capodanno-a-livigno/pl,200,,,yes,https://ironwoodlivigno.com/blog/natale-capodanno-a-livigno/pl,yes,yes
https://ironwoodlivigno.com/blog/natale-capodanno-a-livigno/cs,200,,,yes,https://ironwoodlivigno.com/blog/natale-capodanno-a-livigno/cs,yes,yes
https://ironwoodlivigno.com/blog/natale-capodanno-a-livigno/fr,200,,,yes,https://ironwoodlivigno.com/blog/natale-capodanno-a-livigno/fr,yes,yes
https://ironwoodlivigno.com/blog/natale-capodanno-a-livigno/no,200,,,yes,https://ironwoodlivigno.com/blog/natale-capodanno-a-livigno/no,yes,yes
https://ironwoodlivigno.com/blog/natale-capodanno-a-livigno/da,200,,,yes,https://ironwoodlivigno.com/blog/natale-capodanno-a-livigno/da,yes,yes
https://ironwoodlivigno.com/blog/natale-capodanno-a-livigno/zh,200,,,yes,https://ironwoodlivigno.com/blog/natale-capodanno-a-livigno/zh,yes,yes
https://ironwoodlivigno.com/blog/natale-capodanno-a-livigno/ja,200,,,yes,https://ironwoodlivigno.com/blog/natale-capodanno-a-livigno/ja,yes,yes
https://ironwoodlivigno.com/blog/carosello-3000-vs-mottolino-quale-scegliere,200,,,yes,https://ironwoodlivigno.com/blog/carosello-3000-vs-mottolino-quale-scegliere,yes,yes
https://ironwoodlivigno.com/blog/carosello-3000-vs-mottolino-quale-scegliere/de,200,,,yes,https://ironwoodlivigno.com/blog/carosello-3000-vs-mottolino-quale-scegliere/de,yes,yes
https://ironwoodlivigno.com/blog/carosello-3000-vs-mottolino-quale-scegliere/en,200,,,yes,https://ironwoodlivigno.com/blog/carosello-3000-vs-mottolino-quale-scegliere/en,yes,yes
https://ironwoodlivigno.com/blog/carosello-3000-vs-mottolino-quale-scegliere/pl,200,,,yes,https://ironwoodlivigno.com/blog/carosello-3000-vs-mottolino-quale-scegliere/pl,yes,yes
https://ironwoodlivigno.com/blog/carosello-3000-vs-mottolino-quale-scegliere/cs,200,,,yes,https://ironwoodlivigno.com/blog/carosello-3000-vs-mottolino-quale-scegliere/cs,yes,yes
https://ironwoodlivigno.com/blog/carosello-3000-vs-mottolino-quale-scegliere/fr,200,,,yes,https://ironwoodlivigno.com/blog/carosello-3000-vs-mottolino-quale-scegliere/fr,yes,yes
https://ironwoodlivigno.com/blog/carosello-3000-vs-mottolino-quale-scegliere/da,200,,,yes,https://ironwoodlivigno.com/blog/carosello-3000-vs-mottolino-quale-scegliere/da,yes,yes
https://ironwoodlivigno.com/blog/carosello-3000-vs-mottolino-quale-scegliere/nl,200,,,yes,https://ironwoodlivigno.com/blog/carosello-3000-vs-mottolino-quale-scegliere/nl,yes,yes
https://ironwoodlivigno.com/blog/carosello-3000-vs-mottolino-quale-scegliere/no,200,,,yes,https://ironwoodlivigno.com/blog/carosello-3000-vs-mottolino-quale-scegliere/no,yes,yes
https://ironwoodlivigno.com/blog/carosello-3000-vs-mottolino-quale-scegliere/zh,200,,,yes,https://ironwoodlivigno.com/blog/carosello-3000-vs-mottolino-quale-scegliere/zh,yes,yes
https://ironwoodlivigno.com/blog/carosello-3000-vs-mottolino-quale-scegliere/ja,200,,,yes,https://ironwoodlivigno.com/blog/carosello-3000-vs-mottolino-quale-scegliere/ja,yes,yes
https://ironwoodlivigno.com/blog/quanto-costa-un-appartamento-a-livigno,200,,,yes,https://ironwoodlivigno.com/blog/quanto-costa-un-appartamento-a-livigno,yes,yes
https://ironwoodlivigno.com/blog/quanto-costa-un-appartamento-a-livigno/en,200,,,yes,https://ironwoodlivigno.com/blog/quanto-costa-un-appartamento-a-livigno/en,yes,yes
https://ironwoodlivigno.com/blog/quanto-costa-un-appartamento-a-livigno/pl,200,,,yes,https://ironwoodlivigno.com/blog/quanto-costa-un-appartamento-a-livigno/pl,yes,yes
https://ironwoodlivigno.com/blog/quanto-costa-un-appartamento-a-livigno/de,200,,,yes,https://ironwoodlivigno.com/blog/quanto-costa-un-appartamento-a-livigno/de,yes,yes
https://ironwoodlivigno.com/blog/quanto-costa-un-appartamento-a-livigno/nl,200,,,yes,https://ironwoodlivigno.com/blog/quanto-costa-un-appartamento-a-livigno/nl,yes,yes
https://ironwoodlivigno.com/blog/quanto-costa-un-appartamento-a-livigno/cs,200,,,yes,https://ironwoodlivigno.com/blog/quanto-costa-un-appartamento-a-livigno/cs,yes,yes
https://ironwoodlivigno.com/blog/quanto-costa-un-appartamento-a-livigno/fr,200,,,yes,https://ironwoodlivigno.com/blog/quanto-costa-un-appartamento-a-livigno/fr,yes,yes
https://ironwoodlivigno.com/blog/quanto-costa-un-appartamento-a-livigno/no,200,,,yes,https://ironwoodlivigno.com/blog/quanto-costa-un-appartamento-a-livigno/no,yes,yes
https://ironwoodlivigno.com/blog/quanto-costa-un-appartamento-a-livigno/da,200,,,yes,https://ironwoodlivigno.com/blog/quanto-costa-un-appartamento-a-livigno/da,yes,yes
https://ironwoodlivigno.com/blog/quanto-costa-un-appartamento-a-livigno/zh,200,,,yes,https://ironwoodlivigno.com/blog/quanto-costa-un-appartamento-a-livigno/zh,yes,yes
https://ironwoodlivigno.com/blog/quanto-costa-un-appartamento-a-livigno/ja,200,,,yes,https://ironwoodlivigno.com/blog/quanto-costa-un-appartamento-a-livigno/ja,yes,yes
https://ironwoodlivigno.com/blog/appartamento-con-sauna-privata-livigno-vs-hotel/en,200,,,yes,https://ironwoodlivigno.com/blog/appartamento-con-sauna-privata-livigno-vs-hotel/en,yes,yes
https://ironwoodlivigno.com/blog/appartamento-con-sauna-privata-livigno-vs-hotel/nl,200,,,yes,https://ironwoodlivigno.com/blog/appartamento-con-sauna-privata-livigno-vs-hotel/nl,yes,yes
https://ironwoodlivigno.com/blog/appartamento-con-sauna-privata-livigno-vs-hotel/de,200,,,yes,https://ironwoodlivigno.com/blog/appartamento-con-sauna-privata-livigno-vs-hotel/de,yes,yes
https://ironwoodlivigno.com/blog/appartamento-con-sauna-privata-livigno-vs-hotel/pl,200,,,yes,https://ironwoodlivigno.com/blog/appartamento-con-sauna-privata-livigno-vs-hotel/pl,yes,yes
https://ironwoodlivigno.com/blog/appartamento-con-sauna-privata-livigno-vs-hotel/fr,200,,,yes,https://ironwoodlivigno.com/blog/appartamento-con-sauna-privata-livigno-vs-hotel/fr,yes,yes
https://ironwoodlivigno.com/blog/appartamento-con-sauna-privata-livigno-vs-hotel/cs,200,,,yes,https://ironwoodlivigno.com/blog/appartamento-con-sauna-privata-livigno-vs-hotel/cs,yes,yes
https://ironwoodlivigno.com/blog/appartamento-con-sauna-privata-livigno-vs-hotel/no,200,,,yes,https://ironwoodlivigno.com/blog/appartamento-con-sauna-privata-livigno-vs-hotel/no,yes,yes
https://ironwoodlivigno.com/blog/appartamento-con-sauna-privata-livigno-vs-hotel/da,200,,,yes,https://ironwoodlivigno.com/blog/appartamento-con-sauna-privata-livigno-vs-hotel/da,yes,yes
https://ironwoodlivigno.com/blog/appartamento-con-sauna-privata-livigno-vs-hotel/zh,200,,,yes,https://ironwoodlivigno.com/blog/appartamento-con-sauna-privata-livigno-vs-hotel/zh,yes,yes
https://ironwoodlivigno.com/blog/appartamento-con-sauna-privata-livigno-vs-hotel/ja,200,,,yes,https://ironwoodlivigno.com/blog/appartamento-con-sauna-privata-livigno-vs-hotel/ja,yes,yes
https://ironwoodlivigno.com/blog/livigno-per-gruppi-numerosi-fino-a-6-persone,200,,,yes,https://ironwoodlivigno.com/blog/livigno-per-gruppi-numerosi-fino-a-6-persone,yes,yes
https://ironwoodlivigno.com/blog/livigno-per-gruppi-numerosi-fino-a-6-persone/en,200,,,yes,https://ironwoodlivigno.com/blog/livigno-per-gruppi-numerosi-fino-a-6-persone/en,yes,yes
https://ironwoodlivigno.com/blog/livigno-per-gruppi-numerosi-fino-a-6-persone/de,200,,,yes,https://ironwoodlivigno.com/blog/livigno-per-gruppi-numerosi-fino-a-6-persone/de,yes,yes
https://ironwoodlivigno.com/blog/livigno-per-gruppi-numerosi-fino-a-6-persone/pl,200,,,yes,https://ironwoodlivigno.com/blog/livigno-per-gruppi-numerosi-fino-a-6-persone/pl,yes,yes
https://ironwoodlivigno.com/blog/livigno-per-gruppi-numerosi-fino-a-6-persone/nl,200,,,yes,https://ironwoodlivigno.com/blog/livigno-per-gruppi-numerosi-fino-a-6-persone/nl,yes,yes
https://ironwoodlivigno.com/blog/livigno-per-gruppi-numerosi-fino-a-6-persone/cs,200,,,yes,https://ironwoodlivigno.com/blog/livigno-per-gruppi-numerosi-fino-a-6-persone/cs,yes,yes
https://ironwoodlivigno.com/blog/livigno-per-gruppi-numerosi-fino-a-6-persone/fr,200,,,yes,https://ironwoodlivigno.com/blog/livigno-per-gruppi-numerosi-fino-a-6-persone/fr,yes,yes
https://ironwoodlivigno.com/blog/livigno-per-gruppi-numerosi-fino-a-6-persone/no,200,,,yes,https://ironwoodlivigno.com/blog/livigno-per-gruppi-numerosi-fino-a-6-persone/no,yes,yes
https://ironwoodlivigno.com/blog/livigno-per-gruppi-numerosi-fino-a-6-persone/da,200,,,yes,https://ironwoodlivigno.com/blog/livigno-per-gruppi-numerosi-fino-a-6-persone/da,yes,yes
https://ironwoodlivigno.com/blog/livigno-per-gruppi-numerosi-fino-a-6-persone/zh,200,,,yes,https://ironwoodlivigno.com/blog/livigno-per-gruppi-numerosi-fino-a-6-persone/zh,yes,yes
https://ironwoodlivigno.com/blog/livigno-per-gruppi-numerosi-fino-a-6-persone/ja,200,,,yes,https://ironwoodlivigno.com/blog/livigno-per-gruppi-numerosi-fino-a-6-persone/ja,yes,yes
https://ironwoodlivigno.com/blog/deposito-sci-e-attrezzatura-a-livigno-cosa-cercare,200,,,yes,https://ironwoodlivigno.com/blog/deposito-sci-e-attrezzatura-a-livigno-cosa-cercare,yes,yes
https://ironwoodlivigno.com/blog/deposito-sci-e-attrezzatura-a-livigno-cosa-cercare/en,200,,,yes,https://ironwoodlivigno.com/blog/deposito-sci-e-attrezzatura-a-livigno-cosa-cercare/en,yes,yes
https://ironwoodlivigno.com/blog/deposito-sci-e-attrezzatura-a-livigno-cosa-cercare/de,200,,,yes,https://ironwoodlivigno.com/blog/deposito-sci-e-attrezzatura-a-livigno-cosa-cercare/de,yes,yes
https://ironwoodlivigno.com/blog/deposito-sci-e-attrezzatura-a-livigno-cosa-cercare/pl,200,,,yes,https://ironwoodlivigno.com/blog/deposito-sci-e-attrezzatura-a-livigno-cosa-cercare/pl,yes,yes
https://ironwoodlivigno.com/blog/deposito-sci-e-attrezzatura-a-livigno-cosa-cercare/nl,200,,,yes,https://ironwoodlivigno.com/blog/deposito-sci-e-attrezzatura-a-livigno-cosa-cercare/nl,yes,yes
https://ironwoodlivigno.com/blog/deposito-sci-e-attrezzatura-a-livigno-cosa-cercare/cs,200,,,yes,https://ironwoodlivigno.com/blog/deposito-sci-e-attrezzatura-a-livigno-cosa-cercare/cs,yes,yes
https://ironwoodlivigno.com/blog/deposito-sci-e-attrezzatura-a-livigno-cosa-cercare/fr,200,,,yes,https://ironwoodlivigno.com/blog/deposito-sci-e-attrezzatura-a-livigno-cosa-cercare/fr,yes,yes
https://ironwoodlivigno.com/blog/deposito-sci-e-attrezzatura-a-livigno-cosa-cercare/da,200,,,yes,https://ironwoodlivigno.com/blog/deposito-sci-e-attrezzatura-a-livigno-cosa-cercare/da,yes,yes
https://ironwoodlivigno.com/blog/deposito-sci-e-attrezzatura-a-livigno-cosa-cercare/zh,200,,,yes,https://ironwoodlivigno.com/blog/deposito-sci-e-attrezzatura-a-livigno-cosa-cercare/zh,yes,yes
https://ironwoodlivigno.com/blog/deposito-sci-e-attrezzatura-a-livigno-cosa-cercare/no,200,,,yes,https://ironwoodlivigno.com/blog/deposito-sci-e-attrezzatura-a-livigno-cosa-cercare/no,yes,yes
https://ironwoodlivigno.com/blog/deposito-sci-e-attrezzatura-a-livigno-cosa-cercare/ja,200,,,yes,https://ironwoodlivigno.com/blog/deposito-sci-e-attrezzatura-a-livigno-cosa-cercare/ja,yes,yes
https://ironwoodlivigno.com/blog/quando-prenotare-livigno-calendario-stagionale/en,200,,,yes,https://ironwoodlivigno.com/blog/quando-prenotare-livigno-calendario-stagionale/en,yes,yes
https://ironwoodlivigno.com/blog/quando-prenotare-livigno-calendario-stagionale,200,,,yes,https://ironwoodlivigno.com/blog/quando-prenotare-livigno-calendario-stagionale,yes,yes
https://ironwoodlivigno.com/blog/quando-prenotare-livigno-calendario-stagionale/de,200,,,yes,https://ironwoodlivigno.com/blog/quando-prenotare-livigno-calendario-stagionale/de,yes,yes
https://ironwoodlivigno.com/blog/quando-prenotare-livigno-calendario-stagionale/nl,200,,,yes,https://ironwoodlivigno.com/blog/quando-prenotare-livigno-calendario-stagionale/nl,yes,yes
https://ironwoodlivigno.com/blog/quando-prenotare-livigno-calendario-stagionale/cs,200,,,yes,https://ironwoodlivigno.com/blog/quando-prenotare-livigno-calendario-stagionale/cs,yes,yes
https://ironwoodlivigno.com/blog/quando-prenotare-livigno-calendario-stagionale/pl,200,,,yes,https://ironwoodlivigno.com/blog/quando-prenotare-livigno-calendario-stagionale/pl,yes,yes
https://ironwoodlivigno.com/blog/quando-prenotare-livigno-calendario-stagionale/fr,200,,,yes,https://ironwoodlivigno.com/blog/quando-prenotare-livigno-calendario-stagionale/fr,yes,yes
https://ironwoodlivigno.com/blog/quando-prenotare-livigno-calendario-stagionale/zh,200,,,yes,https://ironwoodlivigno.com/blog/quando-prenotare-livigno-calendario-stagionale/zh,yes,yes
https://ironwoodlivigno.com/blog/quando-prenotare-livigno-calendario-stagionale/no,200,,,yes,https://ironwoodlivigno.com/blog/quando-prenotare-livigno-calendario-stagionale/no,yes,yes
https://ironwoodlivigno.com/blog/quando-prenotare-livigno-calendario-stagionale/da,200,,,yes,https://ironwoodlivigno.com/blog/quando-prenotare-livigno-calendario-stagionale/da,yes,yes
https://ironwoodlivigno.com/blog/vacanza-senza-pensieri-a-livigno-colazione-ed-e-bike,200,,,yes,https://ironwoodlivigno.com/blog/vacanza-senza-pensieri-a-livigno-colazione-ed-e-bike,yes,yes
https://ironwoodlivigno.com/blog/quando-prenotare-livigno-calendario-stagionale/ja,200,,,yes,https://ironwoodlivigno.com/blog/quando-prenotare-livigno-calendario-stagionale/ja,yes,yes
https://ironwoodlivigno.com/blog/vacanza-senza-pensieri-a-livigno-colazione-ed-e-bike/en,200,,,yes,https://ironwoodlivigno.com/blog/vacanza-senza-pensieri-a-livigno-colazione-ed-e-bike/en,yes,yes
https://ironwoodlivigno.com/blog/vacanza-senza-pensieri-a-livigno-colazione-ed-e-bike/de,200,,,yes,https://ironwoodlivigno.com/blog/vacanza-senza-pensieri-a-livigno-colazione-ed-e-bike/de,yes,yes
https://ironwoodlivigno.com/blog/vacanza-senza-pensieri-a-livigno-colazione-ed-e-bike/pl,200,,,yes,https://ironwoodlivigno.com/blog/vacanza-senza-pensieri-a-livigno-colazione-ed-e-bike/pl,yes,yes
https://ironwoodlivigno.com/blog/vacanza-senza-pensieri-a-livigno-colazione-ed-e-bike/nl,200,,,yes,https://ironwoodlivigno.com/blog/vacanza-senza-pensieri-a-livigno-colazione-ed-e-bike/nl,yes,yes
https://ironwoodlivigno.com/blog/vacanza-senza-pensieri-a-livigno-colazione-ed-e-bike/fr,200,,,yes,https://ironwoodlivigno.com/blog/vacanza-senza-pensieri-a-livigno-colazione-ed-e-bike/fr,yes,yes
https://ironwoodlivigno.com/blog/vacanza-senza-pensieri-a-livigno-colazione-ed-e-bike/da,200,,,yes,https://ironwoodlivigno.com/blog/vacanza-senza-pensieri-a-livigno-colazione-ed-e-bike/da,yes,yes
https://ironwoodlivigno.com/blog/vacanza-senza-pensieri-a-livigno-colazione-ed-e-bike/cs,200,,,yes,https://ironwoodlivigno.com/blog/vacanza-senza-pensieri-a-livigno-colazione-ed-e-bike/cs,yes,yes
https://ironwoodlivigno.com/blog/vacanza-senza-pensieri-a-livigno-colazione-ed-e-bike/no,200,,,yes,https://ironwoodlivigno.com/blog/vacanza-senza-pensieri-a-livigno-colazione-ed-e-bike/no,yes,yes
https://ironwoodlivigno.com/blog/vacanza-senza-pensieri-a-livigno-colazione-ed-e-bike/zh,200,,,yes,https://ironwoodlivigno.com/blog/vacanza-senza-pensieri-a-livigno-colazione-ed-e-bike/zh,yes,yes
https://ironwoodlivigno.com/blog/vacanza-senza-pensieri-a-livigno-colazione-ed-e-bike/ja,200,,,yes,https://ironwoodlivigno.com/blog/vacanza-senza-pensieri-a-livigno-colazione-ed-e-bike/ja,yes,yes
https://ironwoodlivigno.com/blog/livigno-tax-free-guida-per-chi-arriva-dallestero/en,200,,,yes,https://ironwoodlivigno.com/blog/livigno-tax-free-guida-per-chi-arriva-dallestero/en,yes,yes
https://ironwoodlivigno.com/blog/livigno-tax-free-guida-per-chi-arriva-dallestero,200,,,yes,https://ironwoodlivigno.com/blog/livigno-tax-free-guida-per-chi-arriva-dallestero,yes,yes
https://ironwoodlivigno.com/blog/livigno-tax-free-guida-per-chi-arriva-dallestero/de,200,,,yes,https://ironwoodlivigno.com/blog/livigno-tax-free-guida-per-chi-arriva-dallestero/de,yes,yes
https://ironwoodlivigno.com/blog/livigno-tax-free-guida-per-chi-arriva-dallestero/pl,200,,,yes,https://ironwoodlivigno.com/blog/livigno-tax-free-guida-per-chi-arriva-dallestero/pl,yes,yes
https://ironwoodlivigno.com/blog/livigno-tax-free-guida-per-chi-arriva-dallestero/nl,200,,,yes,https://ironwoodlivigno.com/blog/livigno-tax-free-guida-per-chi-arriva-dallestero/nl,yes,yes
https://ironwoodlivigno.com/blog/livigno-tax-free-guida-per-chi-arriva-dallestero/fr,200,,,yes,https://ironwoodlivigno.com/blog/livigno-tax-free-guida-per-chi-arriva-dallestero/fr,yes,yes
https://ironwoodlivigno.com/blog/livigno-tax-free-guida-per-chi-arriva-dallestero/cs,200,,,yes,https://ironwoodlivigno.com/blog/livigno-tax-free-guida-per-chi-arriva-dallestero/cs,yes,yes
https://ironwoodlivigno.com/blog/livigno-tax-free-guida-per-chi-arriva-dallestero/da,200,,,yes,https://ironwoodlivigno.com/blog/livigno-tax-free-guida-per-chi-arriva-dallestero/da,yes,yes
https://ironwoodlivigno.com/blog/livigno-tax-free-guida-per-chi-arriva-dallestero/no,200,,,yes,https://ironwoodlivigno.com/blog/livigno-tax-free-guida-per-chi-arriva-dallestero/no,yes,yes
https://ironwoodlivigno.com/blog/livigno-tax-free-guida-per-chi-arriva-dallestero/zh,200,,,yes,https://ironwoodlivigno.com/blog/livigno-tax-free-guida-per-chi-arriva-dallestero/zh,yes,yes
https://ironwoodlivigno.com/blog/livigno-tax-free-guida-per-chi-arriva-dallestero/ja,200,,,yes,https://ironwoodlivigno.com/blog/livigno-tax-free-guida-per-chi-arriva-dallestero/ja,yes,yes
https://ironwoodlivigno.com/blog/migliori-periodi-per-evitare-la-folla-a-livigno,200,,,yes,https://ironwoodlivigno.com/blog/migliori-periodi-per-evitare-la-folla-a-livigno,yes,yes
https://ironwoodlivigno.com/blog/migliori-periodi-per-evitare-la-folla-a-livigno/en,200,,,yes,https://ironwoodlivigno.com/blog/migliori-periodi-per-evitare-la-folla-a-livigno/en,yes,yes
https://ironwoodlivigno.com/blog/migliori-periodi-per-evitare-la-folla-a-livigno/de,200,,,yes,https://ironwoodlivigno.com/blog/migliori-periodi-per-evitare-la-folla-a-livigno/de,yes,yes
https://ironwoodlivigno.com/blog/migliori-periodi-per-evitare-la-folla-a-livigno/pl,200,,,yes,https://ironwoodlivigno.com/blog/migliori-periodi-per-evitare-la-folla-a-livigno/pl,yes,yes
https://ironwoodlivigno.com/blog/migliori-periodi-per-evitare-la-folla-a-livigno/cs,200,,,yes,https://ironwoodlivigno.com/blog/migliori-periodi-per-evitare-la-folla-a-livigno/cs,yes,yes
https://ironwoodlivigno.com/blog/migliori-periodi-per-evitare-la-folla-a-livigno/fr,200,,,yes,https://ironwoodlivigno.com/blog/migliori-periodi-per-evitare-la-folla-a-livigno/fr,yes,yes
https://ironwoodlivigno.com/blog/migliori-periodi-per-evitare-la-folla-a-livigno/nl,200,,,yes,https://ironwoodlivigno.com/blog/migliori-periodi-per-evitare-la-folla-a-livigno/nl,yes,yes
https://ironwoodlivigno.com/blog/migliori-periodi-per-evitare-la-folla-a-livigno/no,200,,,yes,https://ironwoodlivigno.com/blog/migliori-periodi-per-evitare-la-folla-a-livigno/no,yes,yes
https://ironwoodlivigno.com/blog/migliori-periodi-per-evitare-la-folla-a-livigno/da,200,,,yes,https://ironwoodlivigno.com/blog/migliori-periodi-per-evitare-la-folla-a-livigno/da,yes,yes
https://ironwoodlivigno.com/blog/migliori-periodi-per-evitare-la-folla-a-livigno/ja,200,,,yes,https://ironwoodlivigno.com/blog/migliori-periodi-per-evitare-la-folla-a-livigno/ja,yes,yes
https://ironwoodlivigno.com/blog/livigno-con-il-cane-regole-e-alternative,200,,,yes,https://ironwoodlivigno.com/blog/livigno-con-il-cane-regole-e-alternative,yes,yes
https://ironwoodlivigno.com/blog/migliori-periodi-per-evitare-la-folla-a-livigno/zh,200,,,yes,https://ironwoodlivigno.com/blog/migliori-periodi-per-evitare-la-folla-a-livigno/zh,yes,yes
https://ironwoodlivigno.com/blog/livigno-con-il-cane-regole-e-alternative/en,200,,,yes,https://ironwoodlivigno.com/blog/livigno-con-il-cane-regole-e-alternative/en,yes,yes
https://ironwoodlivigno.com/blog/livigno-con-il-cane-regole-e-alternative/de,200,,,yes,https://ironwoodlivigno.com/blog/livigno-con-il-cane-regole-e-alternative/de,yes,yes
https://ironwoodlivigno.com/blog/livigno-con-il-cane-regole-e-alternative/pl,200,,,yes,https://ironwoodlivigno.com/blog/livigno-con-il-cane-regole-e-alternative/pl,yes,yes
https://ironwoodlivigno.com/blog/livigno-con-il-cane-regole-e-alternative/nl,200,,,yes,https://ironwoodlivigno.com/blog/livigno-con-il-cane-regole-e-alternative/nl,yes,yes
https://ironwoodlivigno.com/blog/livigno-con-il-cane-regole-e-alternative/cs,200,,,yes,https://ironwoodlivigno.com/blog/livigno-con-il-cane-regole-e-alternative/cs,yes,yes
https://ironwoodlivigno.com/blog/livigno-con-il-cane-regole-e-alternative/fr,200,,,yes,https://ironwoodlivigno.com/blog/livigno-con-il-cane-regole-e-alternative/fr,yes,yes
https://ironwoodlivigno.com/blog/livigno-con-il-cane-regole-e-alternative/da,200,,,yes,https://ironwoodlivigno.com/blog/livigno-con-il-cane-regole-e-alternative/da,yes,yes
https://ironwoodlivigno.com/blog/livigno-con-il-cane-regole-e-alternative/no,200,,,yes,https://ironwoodlivigno.com/blog/livigno-con-il-cane-regole-e-alternative/no,yes,yes
https://ironwoodlivigno.com/blog/livigno-con-il-cane-regole-e-alternative/zh,200,,,yes,https://ironwoodlivigno.com/blog/livigno-con-il-cane-regole-e-alternative/zh,yes,yes
https://ironwoodlivigno.com/blog/livigno-con-il-cane-regole-e-alternative/ja,200,,,yes,https://ironwoodlivigno.com/blog/livigno-con-il-cane-regole-e-alternative/ja,yes,yes
https://ironwoodlivigno.com/blog/da-dove-ammirare-il-tramonto-a-livigno/en,200,,,yes,https://ironwoodlivigno.com/blog/da-dove-ammirare-il-tramonto-a-livigno/en,yes,yes
https://ironwoodlivigno.com/blog/da-dove-ammirare-il-tramonto-a-livigno,200,,,yes,https://ironwoodlivigno.com/blog/da-dove-ammirare-il-tramonto-a-livigno,yes,yes
https://ironwoodlivigno.com/blog/da-dove-ammirare-il-tramonto-a-livigno/de,200,,,yes,https://ironwoodlivigno.com/blog/da-dove-ammirare-il-tramonto-a-livigno/de,yes,yes
https://ironwoodlivigno.com/blog/da-dove-ammirare-il-tramonto-a-livigno/pl,200,,,yes,https://ironwoodlivigno.com/blog/da-dove-ammirare-il-tramonto-a-livigno/pl,yes,yes
https://ironwoodlivigno.com/blog/da-dove-ammirare-il-tramonto-a-livigno/nl,200,,,yes,https://ironwoodlivigno.com/blog/da-dove-ammirare-il-tramonto-a-livigno/nl,yes,yes
https://ironwoodlivigno.com/blog/da-dove-ammirare-il-tramonto-a-livigno/cs,200,,,yes,https://ironwoodlivigno.com/blog/da-dove-ammirare-il-tramonto-a-livigno/cs,yes,yes
https://ironwoodlivigno.com/blog/da-dove-ammirare-il-tramonto-a-livigno/da,200,,,yes,https://ironwoodlivigno.com/blog/da-dove-ammirare-il-tramonto-a-livigno/da,yes,yes
https://ironwoodlivigno.com/blog/da-dove-ammirare-il-tramonto-a-livigno/fr,200,,,yes,https://ironwoodlivigno.com/blog/da-dove-ammirare-il-tramonto-a-livigno/fr,yes,yes
https://ironwoodlivigno.com/blog/da-dove-ammirare-il-tramonto-a-livigno/no,200,,,yes,https://ironwoodlivigno.com/blog/da-dove-ammirare-il-tramonto-a-livigno/no,yes,yes
https://ironwoodlivigno.com/blog/da-dove-ammirare-il-tramonto-a-livigno/zh,200,,,yes,https://ironwoodlivigno.com/blog/da-dove-ammirare-il-tramonto-a-livigno/zh,yes,yes
https://ironwoodlivigno.com/blog/da-dove-ammirare-il-tramonto-a-livigno/ja,200,,,yes,https://ironwoodlivigno.com/blog/da-dove-ammirare-il-tramonto-a-livigno/ja,yes,yes
https://ironwoodlivigno.com/inverno/en-us,200,,,yes,https://ironwoodlivigno.com/inverno/en-us,yes,yes
https://ironwoodlivigno.com/inverno/de,200,,,yes,https://ironwoodlivigno.com/inverno/de,yes,yes
https://ironwoodlivigno.com/inverno,200,,,yes,https://ironwoodlivigno.com/inverno,yes,yes
https://ironwoodlivigno.com/inverno/en,200,,,yes,https://ironwoodlivigno.com/inverno/en,yes,yes
https://ironwoodlivigno.com/inverno/fr,200,,,yes,https://ironwoodlivigno.com/inverno/fr,yes,yes
https://ironwoodlivigno.com/inverno/da,200,,,yes,https://ironwoodlivigno.com/inverno/da,yes,yes
https://ironwoodlivigno.com/inverno/pl,200,,,yes,https://ironwoodlivigno.com/inverno/pl,yes,yes
https://ironwoodlivigno.com/inverno/cs,200,,,yes,https://ironwoodlivigno.com/inverno/cs,yes,yes
https://ironwoodlivigno.com/inverno/no,200,,,yes,https://ironwoodlivigno.com/inverno/no,yes,yes
https://ironwoodlivigno.com/inverno/nl,200,,,yes,https://ironwoodlivigno.com/inverno/nl,yes,yes
https://ironwoodlivigno.com/estate,200,,,yes,https://ironwoodlivigno.com/estate,yes,yes
https://ironwoodlivigno.com/inverno/zh,200,,,yes,https://ironwoodlivigno.com/inverno/zh,yes,yes
https://ironwoodlivigno.com/inverno/ja,200,,,yes,https://ironwoodlivigno.com/inverno/ja,yes,yes
https://ironwoodlivigno.com/estate/en,200,,,yes,https://ironwoodlivigno.com/estate/en,yes,yes
https://ironwoodlivigno.com/estate/en-us,200,,,yes,https://ironwoodlivigno.com/estate/en-us,yes,yes
https://ironwoodlivigno.com/estate/de,200,,,yes,https://ironwoodlivigno.com/estate/de,yes,yes
https://ironwoodlivigno.com/estate/fr,200,,,yes,https://ironwoodlivigno.com/estate/fr,yes,yes
https://ironwoodlivigno.com/estate/da,200,,,yes,https://ironwoodlivigno.com/estate/da,yes,yes
https://ironwoodlivigno.com/estate/pl,200,,,yes,https://ironwoodlivigno.com/estate/pl,yes,yes
https://ironwoodlivigno.com/estate/cs,200,,,yes,https://ironwoodlivigno.com/estate/cs,yes,yes
https://ironwoodlivigno.com/estate/nl,200,,,yes,https://ironwoodlivigno.com/estate/nl,yes,yes
https://ironwoodlivigno.com/estate/ja,200,,,yes,https://ironwoodlivigno.com/estate/ja,yes,yes
https://ironwoodlivigno.com/estate/no,200,,,yes,https://ironwoodlivigno.com/estate/no,yes,yes
https://ironwoodlivigno.com/estate/zh,200,,,yes,https://ironwoodlivigno.com/estate/zh,yes,yes
https://ironwoodlivigno.com/famiglie,200,,,yes,https://ironwoodlivigno.com/famiglie,yes,yes
https://ironwoodlivigno.com/famiglie/en,200,,,yes,https://ironwoodlivigno.com/famiglie/en,yes,yes
https://ironwoodlivigno.com/famiglie/en-us,200,,,yes,https://ironwoodlivigno.com/famiglie/en-us,yes,yes
https://ironwoodlivigno.com/famiglie/de,200,,,yes,https://ironwoodlivigno.com/famiglie/de,yes,yes
https://ironwoodlivigno.com/famiglie/fr,200,,,yes,https://ironwoodlivigno.com/famiglie/fr,yes,yes
https://ironwoodlivigno.com/famiglie/da,200,,,yes,https://ironwoodlivigno.com/famiglie/da,yes,yes
https://ironwoodlivigno.com/famiglie/pl,200,,,yes,https://ironwoodlivigno.com/famiglie/pl,yes,yes
https://ironwoodlivigno.com/famiglie/cs,200,,,yes,https://ironwoodlivigno.com/famiglie/cs,yes,yes
https://ironwoodlivigno.com/famiglie/no,200,,,yes,https://ironwoodlivigno.com/famiglie/no,yes,yes
https://ironwoodlivigno.com/famiglie/nl,200,,,yes,https://ironwoodlivigno.com/famiglie/nl,yes,yes
https://ironwoodlivigno.com/famiglie/zh,200,,,yes,https://ironwoodlivigno.com/famiglie/zh,yes,yes
https://ironwoodlivigno.com/come-arrivare,200,,,yes,https://ironwoodlivigno.com/come-arrivare,yes,yes
https://ironwoodlivigno.com/famiglie/ja,200,,,yes,https://ironwoodlivigno.com/famiglie/ja,yes,yes
https://ironwoodlivigno.com/come-arrivare/en,200,,,yes,https://ironwoodlivigno.com/come-arrivare/en,yes,yes
https://ironwoodlivigno.com/come-arrivare/en-us,200,,,yes,https://ironwoodlivigno.com/come-arrivare/en-us,yes,yes
https://ironwoodlivigno.com/come-arrivare/fr,200,,,yes,https://ironwoodlivigno.com/come-arrivare/fr,yes,yes
https://ironwoodlivigno.com/come-arrivare/de,200,,,yes,https://ironwoodlivigno.com/come-arrivare/de,yes,yes
https://ironwoodlivigno.com/come-arrivare/pl,200,,,yes,https://ironwoodlivigno.com/come-arrivare/pl,yes,yes
https://ironwoodlivigno.com/come-arrivare/da,200,,,yes,https://ironwoodlivigno.com/come-arrivare/da,yes,yes
https://ironwoodlivigno.com/come-arrivare/cs,200,,,yes,https://ironwoodlivigno.com/come-arrivare/cs,yes,yes
https://ironwoodlivigno.com/come-arrivare/no,200,,,yes,https://ironwoodlivigno.com/come-arrivare/no,yes,yes
https://ironwoodlivigno.com/come-arrivare/nl,200,,,yes,https://ironwoodlivigno.com/come-arrivare/nl,yes,yes
https://ironwoodlivigno.com/chi-siamo,200,,,yes,https://ironwoodlivigno.com/chi-siamo,yes,yes
https://ironwoodlivigno.com/chi-siamo/en-us,200,,,yes,https://ironwoodlivigno.com/chi-siamo/en-us,yes,yes
https://ironwoodlivigno.com/chi-siamo/en,200,,,yes,https://ironwoodlivigno.com/chi-siamo/en,yes,yes
https://ironwoodlivigno.com/come-arrivare/ja,200,,,yes,https://ironwoodlivigno.com/come-arrivare/ja,yes,yes
https://ironwoodlivigno.com/come-arrivare/zh,200,,,yes,https://ironwoodlivigno.com/come-arrivare/zh,yes,yes
https://ironwoodlivigno.com/chi-siamo/de,200,,,yes,https://ironwoodlivigno.com/chi-siamo/de,yes,yes
https://ironwoodlivigno.com/chi-siamo/fr,200,,,yes,https://ironwoodlivigno.com/chi-siamo/fr,yes,yes
https://ironwoodlivigno.com/chi-siamo/da,200,,,yes,https://ironwoodlivigno.com/chi-siamo/da,yes,yes
https://ironwoodlivigno.com/chi-siamo/pl,200,,,yes,https://ironwoodlivigno.com/chi-siamo/pl,yes,yes
https://ironwoodlivigno.com/chi-siamo/cs,200,,,yes,https://ironwoodlivigno.com/chi-siamo/cs,yes,yes
https://ironwoodlivigno.com/chi-siamo/no,200,,,yes,https://ironwoodlivigno.com/chi-siamo/no,yes,yes
https://ironwoodlivigno.com/chi-siamo/nl,200,,,yes,https://ironwoodlivigno.com/chi-siamo/nl,yes,yes
https://ironwoodlivigno.com/chi-siamo/zh,200,,,yes,https://ironwoodlivigno.com/chi-siamo/zh,yes,yes
https://ironwoodlivigno.com/sauna-bagno-turco-privato-livigno,200,,,yes,https://ironwoodlivigno.com/sauna-bagno-turco-privato-livigno,yes,yes
https://ironwoodlivigno.com/sauna-bagno-turco-privato-livigno/en,200,,,yes,https://ironwoodlivigno.com/sauna-bagno-turco-privato-livigno/en,yes,yes
https://ironwoodlivigno.com/chi-siamo/ja,200,,,yes,https://ironwoodlivigno.com/chi-siamo/ja,yes,yes
https://ironwoodlivigno.com/sauna-bagno-turco-privato-livigno/en-us,200,,,yes,https://ironwoodlivigno.com/sauna-bagno-turco-privato-livigno/en-us,yes,yes
https://ironwoodlivigno.com/sauna-bagno-turco-privato-livigno/de,200,,,yes,https://ironwoodlivigno.com/sauna-bagno-turco-privato-livigno/de,yes,yes
https://ironwoodlivigno.com/sauna-bagno-turco-privato-livigno/pl,200,,,yes,https://ironwoodlivigno.com/sauna-bagno-turco-privato-livigno/pl,yes,yes
https://ironwoodlivigno.com/sauna-bagno-turco-privato-livigno/fr,200,,,yes,https://ironwoodlivigno.com/sauna-bagno-turco-privato-livigno/fr,yes,yes
https://ironwoodlivigno.com/sauna-bagno-turco-privato-livigno/cs,200,,,yes,https://ironwoodlivigno.com/sauna-bagno-turco-privato-livigno/cs,yes,yes
https://ironwoodlivigno.com/sauna-bagno-turco-privato-livigno/no,200,,,yes,https://ironwoodlivigno.com/sauna-bagno-turco-privato-livigno/no,yes,yes
https://ironwoodlivigno.com/sauna-bagno-turco-privato-livigno/da,200,,,yes,https://ironwoodlivigno.com/sauna-bagno-turco-privato-livigno/da,yes,yes
https://ironwoodlivigno.com/sauna-bagno-turco-privato-livigno/nl,200,,,yes,https://ironwoodlivigno.com/sauna-bagno-turco-privato-livigno/nl,yes,yes
https://ironwoodlivigno.com/sauna-bagno-turco-privato-livigno/ja,200,,,yes,https://ironwoodlivigno.com/sauna-bagno-turco-privato-livigno/ja,yes,yes
https://ironwoodlivigno.com/camere-appartamento-livigno,200,,,yes,https://ironwoodlivigno.com/camere-appartamento-livigno,yes,yes
https://ironwoodlivigno.com/camere-appartamento-livigno/en-us,200,,,yes,https://ironwoodlivigno.com/camere-appartamento-livigno/en-us,yes,yes
https://ironwoodlivigno.com/camere-appartamento-livigno/en,200,,,yes,https://ironwoodlivigno.com/camere-appartamento-livigno/en,yes,yes
https://ironwoodlivigno.com/camere-appartamento-livigno/de,200,,,yes,https://ironwoodlivigno.com/camere-appartamento-livigno/de,yes,yes
https://ironwoodlivigno.com/sauna-bagno-turco-privato-livigno/zh,200,,,yes,https://ironwoodlivigno.com/sauna-bagno-turco-privato-livigno/zh,yes,yes
https://ironwoodlivigno.com/camere-appartamento-livigno/fr,200,,,yes,https://ironwoodlivigno.com/camere-appartamento-livigno/fr,yes,yes
https://ironwoodlivigno.com/camere-appartamento-livigno/da,200,,,yes,https://ironwoodlivigno.com/camere-appartamento-livigno/da,yes,yes
https://ironwoodlivigno.com/camere-appartamento-livigno/pl,200,,,yes,https://ironwoodlivigno.com/camere-appartamento-livigno/pl,yes,yes
https://ironwoodlivigno.com/camere-appartamento-livigno/cs,200,,,yes,https://ironwoodlivigno.com/camere-appartamento-livigno/cs,yes,yes
https://ironwoodlivigno.com/camere-appartamento-livigno/nl,200,,,yes,https://ironwoodlivigno.com/camere-appartamento-livigno/nl,yes,yes
https://ironwoodlivigno.com/camere-appartamento-livigno/no,200,,,yes,https://ironwoodlivigno.com/camere-appartamento-livigno/no,yes,yes
https://ironwoodlivigno.com/camere-appartamento-livigno/zh,200,,,yes,https://ironwoodlivigno.com/camere-appartamento-livigno/zh,yes,yes
https://ironwoodlivigno.com/camere-appartamento-livigno/ja,200,,,yes,https://ironwoodlivigno.com/camere-appartamento-livigno/ja,yes,yes
https://ironwoodlivigno.com/blog/appartamento-con-sauna-privata-livigno-vs-hotel,200,,,yes,https://ironwoodlivigno.com/blog/appartamento-con-sauna-privata-livigno-vs-hotel,yes,yes
