url,canonical,match,og_url,og_url_match
https://ironwoodlivigno.com/it,https://ironwoodlivigno.com/it,true,https://ironwoodlivigno.com/it,true
https://ironwoodlivigno.com/en,https://ironwoodlivigno.com/en,true,https://ironwoodlivigno.com/en,true
https://ironwoodlivigno.com/de,https://ironwoodlivigno.com/de,true,https://ironwoodlivigno.com/de,true
https://ironwoodlivigno.com/fr,https://ironwoodlivigno.com/fr,true,https://ironwoodlivigno.com/fr,true
https://ironwoodlivigno.com/da,https://ironwoodlivigno.com/da,true,https://ironwoodlivigno.com/da,true
https://ironwoodlivigno.com/pl,https://ironwoodlivigno.com/pl,true,https://ironwoodlivigno.com/pl,true
https://ironwoodlivigno.com/cs,https://ironwoodlivigno.com/cs,true,https://ironwoodlivigno.com/cs,true
https://ironwoodlivigno.com/no,https://ironwoodlivigno.com/no,true,https://ironwoodlivigno.com/no,true
https://ironwoodlivigno.com/nl,https://ironwoodlivigno.com/nl,true,https://ironwoodlivigno.com/nl,true
https://ironwoodlivigno.com/zh,https://ironwoodlivigno.com/zh,true,https://ironwoodlivigno.com/zh,true
https://ironwoodlivigno.com/ja,https://ironwoodlivigno.com/ja,true,https://ironwoodlivigno.com/ja,true
https://ironwoodlivigno.com/en-us,https://ironwoodlivigno.com/en-us,true,https://ironwoodlivigno.com/en-us,true
https://ironwoodlivigno.com/it/contatti,https://ironwoodlivigno.com/it/contatti,true,https://ironwoodlivigno.com/it/contatti,true
https://ironwoodlivigno.com/en/contact,https://ironwoodlivigno.com/en/contact,true,https://ironwoodlivigno.com/en/contact,true
https://ironwoodlivigno.com/de/kontakt,https://ironwoodlivigno.com/de/kontakt,true,https://ironwoodlivigno.com/de/kontakt,true
https://ironwoodlivigno.com/fr/contact,https://ironwoodlivigno.com/fr/contact,true,https://ironwoodlivigno.com/fr/contact,true
https://ironwoodlivigno.com/da/kontakt,https://ironwoodlivigno.com/da/kontakt,true,https://ironwoodlivigno.com/da/kontakt,true
https://ironwoodlivigno.com/pl/kontakt,https://ironwoodlivigno.com/pl/kontakt,true,https://ironwoodlivigno.com/pl/kontakt,true
https://ironwoodlivigno.com/cs/kontakt,https://ironwoodlivigno.com/cs/kontakt,true,https://ironwoodlivigno.com/cs/kontakt,true
https://ironwoodlivigno.com/no/kontakt,https://ironwoodlivigno.com/no/kontakt,true,https://ironwoodlivigno.com/no/kontakt,true
https://ironwoodlivigno.com/nl/contact,https://ironwoodlivigno.com/nl/contact,true,https://ironwoodlivigno.com/nl/contact,true
https://ironwoodlivigno.com/zh/contact,https://ironwoodlivigno.com/zh/contact,true,https://ironwoodlivigno.com/zh/contact,true
https://ironwoodlivigno.com/ja/contact,https://ironwoodlivigno.com/ja/contact,true,https://ironwoodlivigno.com/ja/contact,true
https://ironwoodlivigno.com/en-us/contact,https://ironwoodlivigno.com/en-us/contact,true,https://ironwoodlivigno.com/en-us/contact,true
https://ironwoodlivigno.com/blog,https://ironwoodlivigno.com/blog,true,https://ironwoodlivigno.com/blog,true
https://ironwoodlivigno.com/blog/en,https://ironwoodlivigno.com/blog/en,true,https://ironwoodlivigno.com/blog/en,true
https://ironwoodlivigno.com/blog/de,https://ironwoodlivigno.com/blog/de,true,https://ironwoodlivigno.com/blog/de,true
https://ironwoodlivigno.com/blog/pl,https://ironwoodlivigno.com/blog/pl,true,https://ironwoodlivigno.com/blog/pl,true
https://ironwoodlivigno.com/blog/nl,https://ironwoodlivigno.com/blog/nl,true,https://ironwoodlivigno.com/blog/nl,true
https://ironwoodlivigno.com/blog/cs,https://ironwoodlivigno.com/blog/cs,true,https://ironwoodlivigno.com/blog/cs,true
https://ironwoodlivigno.com/blog/fr,https://ironwoodlivigno.com/blog/fr,true,https://ironwoodlivigno.com/blog/fr,true
https://ironwoodlivigno.com/blog/da,https://ironwoodlivigno.com/blog/da,true,https://ironwoodlivigno.com/blog/da,true
https://ironwoodlivigno.com/blog/no,https://ironwoodlivigno.com/blog/no,true,https://ironwoodlivigno.com/blog/no,true
https://ironwoodlivigno.com/blog/zh,https://ironwoodlivigno.com/blog/zh,true,https://ironwoodlivigno.com/blog/zh,true
https://ironwoodlivigno.com/blog/ja,https://ironwoodlivigno.com/blog/ja,true,https://ironwoodlivigno.com/blog/ja,true
https://ironwoodlivigno.com/blog/come-arrivare-a-livigno,https://ironwoodlivigno.com/blog/come-arrivare-a-livigno,true,https://ironwoodlivigno.com/blog/come-arrivare-a-livigno,true
https://ironwoodlivigno.com/blog/come-arrivare-a-livigno/en,https://ironwoodlivigno.com/blog/come-arrivare-a-livigno/en,true,https://ironwoodlivigno.com/blog/come-arrivare-a-livigno/en,true
https://ironwoodlivigno.com/blog/come-arrivare-a-livigno/de,https://ironwoodlivigno.com/blog/come-arrivare-a-livigno/de,true,https://ironwoodlivigno.com/blog/come-arrivare-a-livigno/de,true
https://ironwoodlivigno.com/blog/come-arrivare-a-livigno/pl,https://ironwoodlivigno.com/blog/come-arrivare-a-livigno/pl,true,https://ironwoodlivigno.com/blog/come-arrivare-a-livigno/pl,true
https://ironwoodlivigno.com/blog/come-arrivare-a-livigno/nl,https://ironwoodlivigno.com/blog/come-arrivare-a-livigno/nl,true,https://ironwoodlivigno.com/blog/come-arrivare-a-livigno/nl,true
https://ironwoodlivigno.com/blog/come-arrivare-a-livigno/cs,https://ironwoodlivigno.com/blog/come-arrivare-a-livigno/cs,true,https://ironwoodlivigno.com/blog/come-arrivare-a-livigno/cs,true
https://ironwoodlivigno.com/blog/come-arrivare-a-livigno/fr,https://ironwoodlivigno.com/blog/come-arrivare-a-livigno/fr,true,https://ironwoodlivigno.com/blog/come-arrivare-a-livigno/fr,true
https://ironwoodlivigno.com/blog/come-arrivare-a-livigno/da,https://ironwoodlivigno.com/blog/come-arrivare-a-livigno/da,true,https://ironwoodlivigno.com/blog/come-arrivare-a-livigno/da,true
https://ironwoodlivigno.com/blog/come-arrivare-a-livigno/no,https://ironwoodlivigno.com/blog/come-arrivare-a-livigno/no,true,https://ironwoodlivigno.com/blog/come-arrivare-a-livigno/no,true
https://ironwoodlivigno.com/blog/come-arrivare-a-livigno/zh,https://ironwoodlivigno.com/blog/come-arrivare-a-livigno/zh,true,https://ironwoodlivigno.com/blog/come-arrivare-a-livigno/zh,true
https://ironwoodlivigno.com/blog/come-arrivare-a-livigno/ja,https://ironwoodlivigno.com/blog/come-arrivare-a-livigno/ja,true,https://ironwoodlivigno.com/blog/come-arrivare-a-livigno/ja,true
https://ironwoodlivigno.com/blog/sci-a-livigno-guida-carosello-3000,https://ironwoodlivigno.com/blog/sci-a-livigno-guida-carosello-3000,true,https://ironwoodlivigno.com/blog/sci-a-livigno-guida-carosello-3000,true
https://ironwoodlivigno.com/blog/sci-a-livigno-guida-carosello-3000/en,https://ironwoodlivigno.com/blog/sci-a-livigno-guida-carosello-3000/en,true,https://ironwoodlivigno.com/blog/sci-a-livigno-guida-carosello-3000/en,true
https://ironwoodlivigno.com/blog/sci-a-livigno-guida-carosello-3000/de,https://ironwoodlivigno.com/blog/sci-a-livigno-guida-carosello-3000/de,true,https://ironwoodlivigno.com/blog/sci-a-livigno-guida-carosello-3000/de,true
https://ironwoodlivigno.com/blog/sci-a-livigno-guida-carosello-3000/pl,https://ironwoodlivigno.com/blog/sci-a-livigno-guida-carosello-3000/pl,true,https://ironwoodlivigno.com/blog/sci-a-livigno-guida-carosello-3000/pl,true
https://ironwoodlivigno.com/blog/sci-a-livigno-guida-carosello-3000/nl,https://ironwoodlivigno.com/blog/sci-a-livigno-guida-carosello-3000/nl,true,https://ironwoodlivigno.com/blog/sci-a-livigno-guida-carosello-3000/nl,true
https://ironwoodlivigno.com/blog/sci-a-livigno-guida-carosello-3000/cs,https://ironwoodlivigno.com/blog/sci-a-livigno-guida-carosello-3000/cs,true,https://ironwoodlivigno.com/blog/sci-a-livigno-guida-carosello-3000/cs,true
https://ironwoodlivigno.com/blog/sci-a-livigno-guida-carosello-3000/fr,https://ironwoodlivigno.com/blog/sci-a-livigno-guida-carosello-3000/fr,true,https://ironwoodlivigno.com/blog/sci-a-livigno-guida-carosello-3000/fr,true
https://ironwoodlivigno.com/blog/sci-a-livigno-guida-carosello-3000/da,https://ironwoodlivigno.com/blog/sci-a-livigno-guida-carosello-3000/da,true,https://ironwoodlivigno.com/blog/sci-a-livigno-guida-carosello-3000/da,true
https://ironwoodlivigno.com/blog/sci-a-livigno-guida-carosello-3000/no,https://ironwoodlivigno.com/blog/sci-a-livigno-guida-carosello-3000/no,true,https://ironwoodlivigno.com/blog/sci-a-livigno-guida-carosello-3000/no,true
https://ironwoodlivigno.com/blog/sci-a-livigno-guida-carosello-3000/zh,https://ironwoodlivigno.com/blog/sci-a-livigno-guida-carosello-3000/zh,true,https://ironwoodlivigno.com/blog/sci-a-livigno-guida-carosello-3000/zh,true
https://ironwoodlivigno.com/blog/sci-a-livigno-guida-carosello-3000/ja,https://ironwoodlivigno.com/blog/sci-a-livigno-guida-carosello-3000/ja,true,https://ironwoodlivigno.com/blog/sci-a-livigno-guida-carosello-3000/ja,true
https://ironwoodlivigno.com/blog/livigno-estate-mountain-bike-trekking-lago,https://ironwoodlivigno.com/blog/livigno-estate-mountain-bike-trekking-lago,true,https://ironwoodlivigno.com/blog/livigno-estate-mountain-bike-trekking-lago,true
https://ironwoodlivigno.com/blog/livigno-estate-mountain-bike-trekking-lago/en,https://ironwoodlivigno.com/blog/livigno-estate-mountain-bike-trekking-lago/en,true,https://ironwoodlivigno.com/blog/livigno-estate-mountain-bike-trekking-lago/en,true
https://ironwoodlivigno.com/blog/livigno-estate-mountain-bike-trekking-lago/de,https://ironwoodlivigno.com/blog/livigno-estate-mountain-bike-trekking-lago/de,true,https://ironwoodlivigno.com/blog/livigno-estate-mountain-bike-trekking-lago/de,true
https://ironwoodlivigno.com/blog/livigno-estate-mountain-bike-trekking-lago/pl,https://ironwoodlivigno.com/blog/livigno-estate-mountain-bike-trekking-lago/pl,true,https://ironwoodlivigno.com/blog/livigno-estate-mountain-bike-trekking-lago/pl,true
https://ironwoodlivigno.com/blog/livigno-estate-mountain-bike-trekking-lago/nl,https://ironwoodlivigno.com/blog/livigno-estate-mountain-bike-trekking-lago/nl,true,https://ironwoodlivigno.com/blog/livigno-estate-mountain-bike-trekking-lago/nl,true
https://ironwoodlivigno.com/blog/livigno-estate-mountain-bike-trekking-lago/cs,https://ironwoodlivigno.com/blog/livigno-estate-mountain-bike-trekking-lago/cs,true,https://ironwoodlivigno.com/blog/livigno-estate-mountain-bike-trekking-lago/cs,true
https://ironwoodlivigno.com/blog/livigno-estate-mountain-bike-trekking-lago/fr,https://ironwoodlivigno.com/blog/livigno-estate-mountain-bike-trekking-lago/fr,true,https://ironwoodlivigno.com/blog/livigno-estate-mountain-bike-trekking-lago/fr,true
https://ironwoodlivigno.com/blog/livigno-estate-mountain-bike-trekking-lago/da,https://ironwoodlivigno.com/blog/livigno-estate-mountain-bike-trekking-lago/da,true,https://ironwoodlivigno.com/blog/livigno-estate-mountain-bike-trekking-lago/da,true
https://ironwoodlivigno.com/blog/livigno-estate-mountain-bike-trekking-lago/no,https://ironwoodlivigno.com/blog/livigno-estate-mountain-bike-trekking-lago/no,true,https://ironwoodlivigno.com/blog/livigno-estate-mountain-bike-trekking-lago/no,true
https://ironwoodlivigno.com/blog/livigno-estate-mountain-bike-trekking-lago/zh,https://ironwoodlivigno.com/blog/livigno-estate-mountain-bike-trekking-lago/zh,true,https://ironwoodlivigno.com/blog/livigno-estate-mountain-bike-trekking-lago/zh,true
https://ironwoodlivigno.com/blog/livigno-estate-mountain-bike-trekking-lago/ja,https://ironwoodlivigno.com/blog/livigno-estate-mountain-bike-trekking-lago/ja,true,https://ironwoodlivigno.com/blog/livigno-estate-mountain-bike-trekking-lago/ja,true
https://ironwoodlivigno.com/blog/cosa-mangiare-a-livigno-piatti-tipici,https://ironwoodlivigno.com/blog/cosa-mangiare-a-livigno-piatti-tipici,true,https://ironwoodlivigno.com/blog/cosa-mangiare-a-livigno-piatti-tipici,true
https://ironwoodlivigno.com/blog/cosa-mangiare-a-livigno-piatti-tipici/en,https://ironwoodlivigno.com/blog/cosa-mangiare-a-livigno-piatti-tipici/en,true,https://ironwoodlivigno.com/blog/cosa-mangiare-a-livigno-piatti-tipici/en,true
https://ironwoodlivigno.com/blog/cosa-mangiare-a-livigno-piatti-tipici/de,https://ironwoodlivigno.com/blog/cosa-mangiare-a-livigno-piatti-tipici/de,true,https://ironwoodlivigno.com/blog/cosa-mangiare-a-livigno-piatti-tipici/de,true
https://ironwoodlivigno.com/blog/cosa-mangiare-a-livigno-piatti-tipici/pl,https://ironwoodlivigno.com/blog/cosa-mangiare-a-livigno-piatti-tipici/pl,true,https://ironwoodlivigno.com/blog/cosa-mangiare-a-livigno-piatti-tipici/pl,true
https://ironwoodlivigno.com/blog/cosa-mangiare-a-livigno-piatti-tipici/nl,https://ironwoodlivigno.com/blog/cosa-mangiare-a-livigno-piatti-tipici/nl,true,https://ironwoodlivigno.com/blog/cosa-mangiare-a-livigno-piatti-tipici/nl,true
https://ironwoodlivigno.com/blog/cosa-mangiare-a-livigno-piatti-tipici/cs,https://ironwoodlivigno.com/blog/cosa-mangiare-a-livigno-piatti-tipici/cs,true,https://ironwoodlivigno.com/blog/cosa-mangiare-a-livigno-piatti-tipici/cs,true
https://ironwoodlivigno.com/blog/cosa-mangiare-a-livigno-piatti-tipici/fr,https://ironwoodlivigno.com/blog/cosa-mangiare-a-livigno-piatti-tipici/fr,true,https://ironwoodlivigno.com/blog/cosa-mangiare-a-livigno-piatti-tipici/fr,true
https://ironwoodlivigno.com/blog/cosa-mangiare-a-livigno-piatti-tipici/da,https://ironwoodlivigno.com/blog/cosa-mangiare-a-livigno-piatti-tipici/da,true,https://ironwoodlivigno.com/blog/cosa-mangiare-a-livigno-piatti-tipici/da,true
https://ironwoodlivigno.com/blog/cosa-mangiare-a-livigno-piatti-tipici/no,https://ironwoodlivigno.com/blog/cosa-mangiare-a-livigno-piatti-tipici/no,true,https://ironwoodlivigno.com/blog/cosa-mangiare-a-livigno-piatti-tipici/no,true
https://ironwoodlivigno.com/blog/cosa-mangiare-a-livigno-piatti-tipici/zh,https://ironwoodlivigno.com/blog/cosa-mangiare-a-livigno-piatti-tipici/zh,true,https://ironwoodlivigno.com/blog/cosa-mangiare-a-livigno-piatti-tipici/zh,true
https://ironwoodlivigno.com/blog/cosa-mangiare-a-livigno-piatti-tipici/ja,https://ironwoodlivigno.com/blog/cosa-mangiare-a-livigno-piatti-tipici/ja,true,https://ironwoodlivigno.com/blog/cosa-mangiare-a-livigno-piatti-tipici/ja,true
https://ironwoodlivigno.com/blog/shopping-duty-free-livigno-cosa-comprare,https://ironwoodlivigno.com/blog/shopping-duty-free-livigno-cosa-comprare,true,https://ironwoodlivigno.com/blog/shopping-duty-free-livigno-cosa-comprare,true
https://ironwoodlivigno.com/blog/shopping-duty-free-livigno-cosa-comprare/en,https://ironwoodlivigno.com/blog/shopping-duty-free-livigno-cosa-comprare/en,true,https://ironwoodlivigno.com/blog/shopping-duty-free-livigno-cosa-comprare/en,true
https://ironwoodlivigno.com/blog/shopping-duty-free-livigno-cosa-comprare/de,https://ironwoodlivigno.com/blog/shopping-duty-free-livigno-cosa-comprare/de,true,https://ironwoodlivigno.com/blog/shopping-duty-free-livigno-cosa-comprare/de,true
https://ironwoodlivigno.com/blog/shopping-duty-free-livigno-cosa-comprare/pl,https://ironwoodlivigno.com/blog/shopping-duty-free-livigno-cosa-comprare/pl,true,https://ironwoodlivigno.com/blog/shopping-duty-free-livigno-cosa-comprare/pl,true
https://ironwoodlivigno.com/blog/shopping-duty-free-livigno-cosa-comprare/nl,https://ironwoodlivigno.com/blog/shopping-duty-free-livigno-cosa-comprare/nl,true,https://ironwoodlivigno.com/blog/shopping-duty-free-livigno-cosa-comprare/nl,true
https://ironwoodlivigno.com/blog/shopping-duty-free-livigno-cosa-comprare/cs,https://ironwoodlivigno.com/blog/shopping-duty-free-livigno-cosa-comprare/cs,true,https://ironwoodlivigno.com/blog/shopping-duty-free-livigno-cosa-comprare/cs,true
https://ironwoodlivigno.com/blog/shopping-duty-free-livigno-cosa-comprare/fr,https://ironwoodlivigno.com/blog/shopping-duty-free-livigno-cosa-comprare/fr,true,https://ironwoodlivigno.com/blog/shopping-duty-free-livigno-cosa-comprare/fr,true
https://ironwoodlivigno.com/blog/shopping-duty-free-livigno-cosa-comprare/da,https://ironwoodlivigno.com/blog/shopping-duty-free-livigno-cosa-comprare/da,true,https://ironwoodlivigno.com/blog/shopping-duty-free-livigno-cosa-comprare/da,true
https://ironwoodlivigno.com/blog/shopping-duty-free-livigno-cosa-comprare/no,https://ironwoodlivigno.com/blog/shopping-duty-free-livigno-cosa-comprare/no,true,https://ironwoodlivigno.com/blog/shopping-duty-free-livigno-cosa-comprare/no,true
https://ironwoodlivigno.com/blog/shopping-duty-free-livigno-cosa-comprare/zh,https://ironwoodlivigno.com/blog/shopping-duty-free-livigno-cosa-comprare/zh,true,https://ironwoodlivigno.com/blog/shopping-duty-free-livigno-cosa-comprare/zh,true
https://ironwoodlivigno.com/blog/shopping-duty-free-livigno-cosa-comprare/ja,https://ironwoodlivigno.com/blog/shopping-duty-free-livigno-cosa-comprare/ja,true,https://ironwoodlivigno.com/blog/shopping-duty-free-livigno-cosa-comprare/ja,true
https://ironwoodlivigno.com/blog/livigno-con-bambini-attivita-famiglia,https://ironwoodlivigno.com/blog/livigno-con-bambini-attivita-famiglia,true,https://ironwoodlivigno.com/blog/livigno-con-bambini-attivita-famiglia,true
https://ironwoodlivigno.com/blog/livigno-con-bambini-attivita-famiglia/en,https://ironwoodlivigno.com/blog/livigno-con-bambini-attivita-famiglia/en,true,https://ironwoodlivigno.com/blog/livigno-con-bambini-attivita-famiglia/en,true
https://ironwoodlivigno.com/blog/livigno-con-bambini-attivita-famiglia/de,https://ironwoodlivigno.com/blog/livigno-con-bambini-attivita-famiglia/de,true,https://ironwoodlivigno.com/blog/livigno-con-bambini-attivita-famiglia/de,true
https://ironwoodlivigno.com/blog/livigno-con-bambini-attivita-famiglia/pl,https://ironwoodlivigno.com/blog/livigno-con-bambini-attivita-famiglia/pl,true,https://ironwoodlivigno.com/blog/livigno-con-bambini-attivita-famiglia/pl,true
https://ironwoodlivigno.com/blog/livigno-con-bambini-attivita-famiglia/nl,https://ironwoodlivigno.com/blog/livigno-con-bambini-attivita-famiglia/nl,true,https://ironwoodlivigno.com/blog/livigno-con-bambini-attivita-famiglia/nl,true
https://ironwoodlivigno.com/blog/livigno-con-bambini-attivita-famiglia/cs,https://ironwoodlivigno.com/blog/livigno-con-bambini-attivita-famiglia/cs,true,https://ironwoodlivigno.com/blog/livigno-con-bambini-attivita-famiglia/cs,true
https://ironwoodlivigno.com/blog/livigno-con-bambini-attivita-famiglia/fr,https://ironwoodlivigno.com/blog/livigno-con-bambini-attivita-famiglia/fr,true,https://ironwoodlivigno.com/blog/livigno-con-bambini-attivita-famiglia/fr,true
https://ironwoodlivigno.com/blog/livigno-con-bambini-attivita-famiglia/da,https://ironwoodlivigno.com/blog/livigno-con-bambini-attivita-famiglia/da,true,https://ironwoodlivigno.com/blog/livigno-con-bambini-attivita-famiglia/da,true
https://ironwoodlivigno.com/blog/livigno-con-bambini-attivita-famiglia/no,https://ironwoodlivigno.com/blog/livigno-con-bambini-attivita-famiglia/no,true,https://ironwoodlivigno.com/blog/livigno-con-bambini-attivita-famiglia/no,true
https://ironwoodlivigno.com/blog/livigno-con-bambini-attivita-famiglia/zh,https://ironwoodlivigno.com/blog/livigno-con-bambini-attivita-famiglia/zh,true,https://ironwoodlivigno.com/blog/livigno-con-bambini-attivita-famiglia/zh,true
https://ironwoodlivigno.com/blog/livigno-con-bambini-attivita-famiglia/ja,https://ironwoodlivigno.com/blog/livigno-con-bambini-attivita-famiglia/ja,true,https://ironwoodlivigno.com/blog/livigno-con-bambini-attivita-famiglia/ja,true
https://ironwoodlivigno.com/blog/livigno-estate-10-esperienze-imperdibili,https://ironwoodlivigno.com/blog/livigno-estate-10-esperienze-imperdibili,true,https://ironwoodlivigno.com/blog/livigno-estate-10-esperienze-imperdibili,true
https://ironwoodlivigno.com/blog/livigno-estate-10-esperienze-imperdibili/en,https://ironwoodlivigno.com/blog/livigno-estate-10-esperienze-imperdibili/en,true,https://ironwoodlivigno.com/blog/livigno-estate-10-esperienze-imperdibili/en,true
https://ironwoodlivigno.com/blog/livigno-estate-10-esperienze-imperdibili/de,https://ironwoodlivigno.com/blog/livigno-estate-10-esperienze-imperdibili/de,true,https://ironwoodlivigno.com/blog/livigno-estate-10-esperienze-imperdibili/de,true
https://ironwoodlivigno.com/blog/livigno-estate-10-esperienze-imperdibili/pl,https://ironwoodlivigno.com/blog/livigno-estate-10-esperienze-imperdibili/pl,true,https://ironwoodlivigno.com/blog/livigno-estate-10-esperienze-imperdibili/pl,true
https://ironwoodlivigno.com/blog/livigno-estate-10-esperienze-imperdibili/nl,https://ironwoodlivigno.com/blog/livigno-estate-10-esperienze-imperdibili/nl,true,https://ironwoodlivigno.com/blog/livigno-estate-10-esperienze-imperdibili/nl,true
https://ironwoodlivigno.com/blog/livigno-estate-10-esperienze-imperdibili/cs,https://ironwoodlivigno.com/blog/livigno-estate-10-esperienze-imperdibili/cs,true,https://ironwoodlivigno.com/blog/livigno-estate-10-esperienze-imperdibili/cs,true
https://ironwoodlivigno.com/blog/livigno-estate-10-esperienze-imperdibili/fr,https://ironwoodlivigno.com/blog/livigno-estate-10-esperienze-imperdibili/fr,true,https://ironwoodlivigno.com/blog/livigno-estate-10-esperienze-imperdibili/fr,true
https://ironwoodlivigno.com/blog/livigno-estate-10-esperienze-imperdibili/da,https://ironwoodlivigno.com/blog/livigno-estate-10-esperienze-imperdibili/da,true,https://ironwoodlivigno.com/blog/livigno-estate-10-esperienze-imperdibili/da,true
https://ironwoodlivigno.com/blog/livigno-estate-10-esperienze-imperdibili/no,https://ironwoodlivigno.com/blog/livigno-estate-10-esperienze-imperdibili/no,true,https://ironwoodlivigno.com/blog/livigno-estate-10-esperienze-imperdibili/no,true
https://ironwoodlivigno.com/blog/livigno-estate-10-esperienze-imperdibili/zh,https://ironwoodlivigno.com/blog/livigno-estate-10-esperienze-imperdibili/zh,true,https://ironwoodlivigno.com/blog/livigno-estate-10-esperienze-imperdibili/zh,true
https://ironwoodlivigno.com/blog/livigno-estate-10-esperienze-imperdibili/ja,https://ironwoodlivigno.com/blog/livigno-estate-10-esperienze-imperdibili/ja,true,https://ironwoodlivigno.com/blog/livigno-estate-10-esperienze-imperdibili/ja,true
https://ironwoodlivigno.com/blog/migliori-piste-sci-livigno-famiglie,https://ironwoodlivigno.com/blog/migliori-piste-sci-livigno-famiglie,true,https://ironwoodlivigno.com/blog/migliori-piste-sci-livigno-famiglie,true
https://ironwoodlivigno.com/blog/migliori-piste-sci-livigno-famiglie/en,https://ironwoodlivigno.com/blog/migliori-piste-sci-livigno-famiglie/en,true,https://ironwoodlivigno.com/blog/migliori-piste-sci-livigno-famiglie/en,true
https://ironwoodlivigno.com/blog/migliori-piste-sci-livigno-famiglie/de,https://ironwoodlivigno.com/blog/migliori-piste-sci-livigno-famiglie/de,true,https://ironwoodlivigno.com/blog/migliori-piste-sci-livigno-famiglie/de,true
https://ironwoodlivigno.com/blog/migliori-piste-sci-livigno-famiglie/pl,https://ironwoodlivigno.com/blog/migliori-piste-sci-livigno-famiglie/pl,true,https://ironwoodlivigno.com/blog/migliori-piste-sci-livigno-famiglie/pl,true
https://ironwoodlivigno.com/blog/migliori-piste-sci-livigno-famiglie/nl,https://ironwoodlivigno.com/blog/migliori-piste-sci-livigno-famiglie/nl,true,https://ironwoodlivigno.com/blog/migliori-piste-sci-livigno-famiglie/nl,true
https://ironwoodlivigno.com/blog/migliori-piste-sci-livigno-famiglie/cs,https://ironwoodlivigno.com/blog/migliori-piste-sci-livigno-famiglie/cs,true,https://ironwoodlivigno.com/blog/migliori-piste-sci-livigno-famiglie/cs,true
https://ironwoodlivigno.com/blog/migliori-piste-sci-livigno-famiglie/fr,https://ironwoodlivigno.com/blog/migliori-piste-sci-livigno-famiglie/fr,true,https://ironwoodlivigno.com/blog/migliori-piste-sci-livigno-famiglie/fr,true
https://ironwoodlivigno.com/blog/migliori-piste-sci-livigno-famiglie/da,https://ironwoodlivigno.com/blog/migliori-piste-sci-livigno-famiglie/da,true,https://ironwoodlivigno.com/blog/migliori-piste-sci-livigno-famiglie/da,true
https://ironwoodlivigno.com/blog/migliori-piste-sci-livigno-famiglie/no,https://ironwoodlivigno.com/blog/migliori-piste-sci-livigno-famiglie/no,true,https://ironwoodlivigno.com/blog/migliori-piste-sci-livigno-famiglie/no,true
https://ironwoodlivigno.com/blog/migliori-piste-sci-livigno-famiglie/zh,https://ironwoodlivigno.com/blog/migliori-piste-sci-livigno-famiglie/zh,true,https://ironwoodlivigno.com/blog/migliori-piste-sci-livigno-famiglie/zh,true
https://ironwoodlivigno.com/blog/migliori-piste-sci-livigno-famiglie/ja,https://ironwoodlivigno.com/blog/migliori-piste-sci-livigno-famiglie/ja,true,https://ironwoodlivigno.com/blog/migliori-piste-sci-livigno-famiglie/ja,true
https://ironwoodlivigno.com/blog/sauna-privata-vs-condivisa-livigno,https://ironwoodlivigno.com/blog/sauna-privata-vs-condivisa-livigno,true,https://ironwoodlivigno.com/blog/sauna-privata-vs-condivisa-livigno,true
https://ironwoodlivigno.com/blog/sauna-privata-vs-condivisa-livigno/en,https://ironwoodlivigno.com/blog/sauna-privata-vs-condivisa-livigno/en,true,https://ironwoodlivigno.com/blog/sauna-privata-vs-condivisa-livigno/en,true
https://ironwoodlivigno.com/blog/sauna-privata-vs-condivisa-livigno/de,https://ironwoodlivigno.com/blog/sauna-privata-vs-condivisa-livigno/de,true,https://ironwoodlivigno.com/blog/sauna-privata-vs-condivisa-livigno/de,true
https://ironwoodlivigno.com/blog/sauna-privata-vs-condivisa-livigno/pl,https://ironwoodlivigno.com/blog/sauna-privata-vs-condivisa-livigno/pl,true,https://ironwoodlivigno.com/blog/sauna-privata-vs-condivisa-livigno/pl,true
https://ironwoodlivigno.com/blog/sauna-privata-vs-condivisa-livigno/nl,https://ironwoodlivigno.com/blog/sauna-privata-vs-condivisa-livigno/nl,true,https://ironwoodlivigno.com/blog/sauna-privata-vs-condivisa-livigno/nl,true
https://ironwoodlivigno.com/blog/sauna-privata-vs-condivisa-livigno/cs,https://ironwoodlivigno.com/blog/sauna-privata-vs-condivisa-livigno/cs,true,https://ironwoodlivigno.com/blog/sauna-privata-vs-condivisa-livigno/cs,true
https://ironwoodlivigno.com/blog/sauna-privata-vs-condivisa-livigno/fr,https://ironwoodlivigno.com/blog/sauna-privata-vs-condivisa-livigno/fr,true,https://ironwoodlivigno.com/blog/sauna-privata-vs-condivisa-livigno/fr,true
https://ironwoodlivigno.com/blog/sauna-privata-vs-condivisa-livigno/da,https://ironwoodlivigno.com/blog/sauna-privata-vs-condivisa-livigno/da,true,https://ironwoodlivigno.com/blog/sauna-privata-vs-condivisa-livigno/da,true
https://ironwoodlivigno.com/blog/sauna-privata-vs-condivisa-livigno/no,https://ironwoodlivigno.com/blog/sauna-privata-vs-condivisa-livigno/no,true,https://ironwoodlivigno.com/blog/sauna-privata-vs-condivisa-livigno/no,true
https://ironwoodlivigno.com/blog/sauna-privata-vs-condivisa-livigno/zh,https://ironwoodlivigno.com/blog/sauna-privata-vs-condivisa-livigno/zh,true,https://ironwoodlivigno.com/blog/sauna-privata-vs-condivisa-livigno/zh,true
https://ironwoodlivigno.com/blog/sauna-privata-vs-condivisa-livigno/ja,https://ironwoodlivigno.com/blog/sauna-privata-vs-condivisa-livigno/ja,true,https://ironwoodlivigno.com/blog/sauna-privata-vs-condivisa-livigno/ja,true
https://ironwoodlivigno.com/blog/quanto-costa-sciare-a-livigno-guida-prezzi,https://ironwoodlivigno.com/blog/quanto-costa-sciare-a-livigno-guida-prezzi,true,https://ironwoodlivigno.com/blog/quanto-costa-sciare-a-livigno-guida-prezzi,true
https://ironwoodlivigno.com/blog/quanto-costa-sciare-a-livigno-guida-prezzi/en,https://ironwoodlivigno.com/blog/quanto-costa-sciare-a-livigno-guida-prezzi/en,true,https://ironwoodlivigno.com/blog/quanto-costa-sciare-a-livigno-guida-prezzi/en,true
https://ironwoodlivigno.com/blog/quanto-costa-sciare-a-livigno-guida-prezzi/de,https://ironwoodlivigno.com/blog/quanto-costa-sciare-a-livigno-guida-prezzi/de,true,https://ironwoodlivigno.com/blog/quanto-costa-sciare-a-livigno-guida-prezzi/de,true
https://ironwoodlivigno.com/blog/quanto-costa-sciare-a-livigno-guida-prezzi/pl,https://ironwoodlivigno.com/blog/quanto-costa-sciare-a-livigno-guida-prezzi/pl,true,https://ironwoodlivigno.com/blog/quanto-costa-sciare-a-livigno-guida-prezzi/pl,true
https://ironwoodlivigno.com/blog/quanto-costa-sciare-a-livigno-guida-prezzi/nl,https://ironwoodlivigno.com/blog/quanto-costa-sciare-a-livigno-guida-prezzi/nl,true,https://ironwoodlivigno.com/blog/quanto-costa-sciare-a-livigno-guida-prezzi/nl,true
https://ironwoodlivigno.com/blog/quanto-costa-sciare-a-livigno-guida-prezzi/cs,https://ironwoodlivigno.com/blog/quanto-costa-sciare-a-livigno-guida-prezzi/cs,true,https://ironwoodlivigno.com/blog/quanto-costa-sciare-a-livigno-guida-prezzi/cs,true
https://ironwoodlivigno.com/blog/quanto-costa-sciare-a-livigno-guida-prezzi/fr,https://ironwoodlivigno.com/blog/quanto-costa-sciare-a-livigno-guida-prezzi/fr,true,https://ironwoodlivigno.com/blog/quanto-costa-sciare-a-livigno-guida-prezzi/fr,true
https://ironwoodlivigno.com/blog/quanto-costa-sciare-a-livigno-guida-prezzi/da,https://ironwoodlivigno.com/blog/quanto-costa-sciare-a-livigno-guida-prezzi/da,true,https://ironwoodlivigno.com/blog/quanto-costa-sciare-a-livigno-guida-prezzi/da,true
https://ironwoodlivigno.com/blog/quanto-costa-sciare-a-livigno-guida-prezzi/no,https://ironwoodlivigno.com/blog/quanto-costa-sciare-a-livigno-guida-prezzi/no,true,https://ironwoodlivigno.com/blog/quanto-costa-sciare-a-livigno-guida-prezzi/no,true
https://ironwoodlivigno.com/blog/quanto-costa-sciare-a-livigno-guida-prezzi/zh,https://ironwoodlivigno.com/blog/quanto-costa-sciare-a-livigno-guida-prezzi/zh,true,https://ironwoodlivigno.com/blog/quanto-costa-sciare-a-livigno-guida-prezzi/zh,true
https://ironwoodlivigno.com/blog/quanto-costa-sciare-a-livigno-guida-prezzi/ja,https://ironwoodlivigno.com/blog/quanto-costa-sciare-a-livigno-guida-prezzi/ja,true,https://ironwoodlivigno.com/blog/quanto-costa-sciare-a-livigno-guida-prezzi/ja,true
https://ironwoodlivigno.com/blog/natale-capodanno-a-livigno,https://ironwoodlivigno.com/blog/natale-capodanno-a-livigno,true,https://ironwoodlivigno.com/blog/natale-capodanno-a-livigno,true
https://ironwoodlivigno.com/blog/natale-capodanno-a-livigno/en,https://ironwoodlivigno.com/blog/natale-capodanno-a-livigno/en,true,https://ironwoodlivigno.com/blog/natale-capodanno-a-livigno/en,true
https://ironwoodlivigno.com/blog/natale-capodanno-a-livigno/de,https://ironwoodlivigno.com/blog/natale-capodanno-a-livigno/de,true,https://ironwoodlivigno.com/blog/natale-capodanno-a-livigno/de,true
https://ironwoodlivigno.com/blog/natale-capodanno-a-livigno/pl,https://ironwoodlivigno.com/blog/natale-capodanno-a-livigno/pl,true,https://ironwoodlivigno.com/blog/natale-capodanno-a-livigno/pl,true
https://ironwoodlivigno.com/blog/natale-capodanno-a-livigno/nl,https://ironwoodlivigno.com/blog/natale-capodanno-a-livigno/nl,true,https://ironwoodlivigno.com/blog/natale-capodanno-a-livigno/nl,true
https://ironwoodlivigno.com/blog/natale-capodanno-a-livigno/cs,https://ironwoodlivigno.com/blog/natale-capodanno-a-livigno/cs,true,https://ironwoodlivigno.com/blog/natale-capodanno-a-livigno/cs,true
https://ironwoodlivigno.com/blog/natale-capodanno-a-livigno/fr,https://ironwoodlivigno.com/blog/natale-capodanno-a-livigno/fr,true,https://ironwoodlivigno.com/blog/natale-capodanno-a-livigno/fr,true
https://ironwoodlivigno.com/blog/natale-capodanno-a-livigno/da,https://ironwoodlivigno.com/blog/natale-capodanno-a-livigno/da,true,https://ironwoodlivigno.com/blog/natale-capodanno-a-livigno/da,true
https://ironwoodlivigno.com/blog/natale-capodanno-a-livigno/no,https://ironwoodlivigno.com/blog/natale-capodanno-a-livigno/no,true,https://ironwoodlivigno.com/blog/natale-capodanno-a-livigno/no,true
https://ironwoodlivigno.com/blog/natale-capodanno-a-livigno/zh,https://ironwoodlivigno.com/blog/natale-capodanno-a-livigno/zh,true,https://ironwoodlivigno.com/blog/natale-capodanno-a-livigno/zh,true
https://ironwoodlivigno.com/blog/natale-capodanno-a-livigno/ja,https://ironwoodlivigno.com/blog/natale-capodanno-a-livigno/ja,true,https://ironwoodlivigno.com/blog/natale-capodanno-a-livigno/ja,true
https://ironwoodlivigno.com/blog/carosello-3000-vs-mottolino-quale-scegliere,https://ironwoodlivigno.com/blog/carosello-3000-vs-mottolino-quale-scegliere,true,https://ironwoodlivigno.com/blog/carosello-3000-vs-mottolino-quale-scegliere,true
https://ironwoodlivigno.com/blog/carosello-3000-vs-mottolino-quale-scegliere/en,https://ironwoodlivigno.com/blog/carosello-3000-vs-mottolino-quale-scegliere/en,true,https://ironwoodlivigno.com/blog/carosello-3000-vs-mottolino-quale-scegliere/en,true
https://ironwoodlivigno.com/blog/carosello-3000-vs-mottolino-quale-scegliere/de,https://ironwoodlivigno.com/blog/carosello-3000-vs-mottolino-quale-scegliere/de,true,https://ironwoodlivigno.com/blog/carosello-3000-vs-mottolino-quale-scegliere/de,true
https://ironwoodlivigno.com/blog/carosello-3000-vs-mottolino-quale-scegliere/pl,https://ironwoodlivigno.com/blog/carosello-3000-vs-mottolino-quale-scegliere/pl,true,https://ironwoodlivigno.com/blog/carosello-3000-vs-mottolino-quale-scegliere/pl,true
https://ironwoodlivigno.com/blog/carosello-3000-vs-mottolino-quale-scegliere/nl,https://ironwoodlivigno.com/blog/carosello-3000-vs-mottolino-quale-scegliere/nl,true,https://ironwoodlivigno.com/blog/carosello-3000-vs-mottolino-quale-scegliere/nl,true
https://ironwoodlivigno.com/blog/carosello-3000-vs-mottolino-quale-scegliere/cs,https://ironwoodlivigno.com/blog/carosello-3000-vs-mottolino-quale-scegliere/cs,true,https://ironwoodlivigno.com/blog/carosello-3000-vs-mottolino-quale-scegliere/cs,true
https://ironwoodlivigno.com/blog/carosello-3000-vs-mottolino-quale-scegliere/fr,https://ironwoodlivigno.com/blog/carosello-3000-vs-mottolino-quale-scegliere/fr,true,https://ironwoodlivigno.com/blog/carosello-3000-vs-mottolino-quale-scegliere/fr,true
https://ironwoodlivigno.com/blog/carosello-3000-vs-mottolino-quale-scegliere/da,https://ironwoodlivigno.com/blog/carosello-3000-vs-mottolino-quale-scegliere/da,true,https://ironwoodlivigno.com/blog/carosello-3000-vs-mottolino-quale-scegliere/da,true
https://ironwoodlivigno.com/blog/carosello-3000-vs-mottolino-quale-scegliere/no,https://ironwoodlivigno.com/blog/carosello-3000-vs-mottolino-quale-scegliere/no,true,https://ironwoodlivigno.com/blog/carosello-3000-vs-mottolino-quale-scegliere/no,true
https://ironwoodlivigno.com/blog/carosello-3000-vs-mottolino-quale-scegliere/zh,https://ironwoodlivigno.com/blog/carosello-3000-vs-mottolino-quale-scegliere/zh,true,https://ironwoodlivigno.com/blog/carosello-3000-vs-mottolino-quale-scegliere/zh,true
https://ironwoodlivigno.com/blog/carosello-3000-vs-mottolino-quale-scegliere/ja,https://ironwoodlivigno.com/blog/carosello-3000-vs-mottolino-quale-scegliere/ja,true,https://ironwoodlivigno.com/blog/carosello-3000-vs-mottolino-quale-scegliere/ja,true
https://ironwoodlivigno.com/blog/quanto-costa-un-appartamento-a-livigno,https://ironwoodlivigno.com/blog/quanto-costa-un-appartamento-a-livigno,true,https://ironwoodlivigno.com/blog/quanto-costa-un-appartamento-a-livigno,true
https://ironwoodlivigno.com/blog/quanto-costa-un-appartamento-a-livigno/en,https://ironwoodlivigno.com/blog/quanto-costa-un-appartamento-a-livigno/en,true,https://ironwoodlivigno.com/blog/quanto-costa-un-appartamento-a-livigno/en,true
https://ironwoodlivigno.com/blog/quanto-costa-un-appartamento-a-livigno/de,https://ironwoodlivigno.com/blog/quanto-costa-un-appartamento-a-livigno/de,true,https://ironwoodlivigno.com/blog/quanto-costa-un-appartamento-a-livigno/de,true
https://ironwoodlivigno.com/blog/quanto-costa-un-appartamento-a-livigno/pl,https://ironwoodlivigno.com/blog/quanto-costa-un-appartamento-a-livigno/pl,true,https://ironwoodlivigno.com/blog/quanto-costa-un-appartamento-a-livigno/pl,true
https://ironwoodlivigno.com/blog/quanto-costa-un-appartamento-a-livigno/nl,https://ironwoodlivigno.com/blog/quanto-costa-un-appartamento-a-livigno/nl,true,https://ironwoodlivigno.com/blog/quanto-costa-un-appartamento-a-livigno/nl,true
https://ironwoodlivigno.com/blog/quanto-costa-un-appartamento-a-livigno/cs,https://ironwoodlivigno.com/blog/quanto-costa-un-appartamento-a-livigno/cs,true,https://ironwoodlivigno.com/blog/quanto-costa-un-appartamento-a-livigno/cs,true
https://ironwoodlivigno.com/blog/quanto-costa-un-appartamento-a-livigno/fr,https://ironwoodlivigno.com/blog/quanto-costa-un-appartamento-a-livigno/fr,true,https://ironwoodlivigno.com/blog/quanto-costa-un-appartamento-a-livigno/fr,true
https://ironwoodlivigno.com/blog/quanto-costa-un-appartamento-a-livigno/da,https://ironwoodlivigno.com/blog/quanto-costa-un-appartamento-a-livigno/da,true,https://ironwoodlivigno.com/blog/quanto-costa-un-appartamento-a-livigno/da,true
https://ironwoodlivigno.com/blog/quanto-costa-un-appartamento-a-livigno/no,https://ironwoodlivigno.com/blog/quanto-costa-un-appartamento-a-livigno/no,true,https://ironwoodlivigno.com/blog/quanto-costa-un-appartamento-a-livigno/no,true
https://ironwoodlivigno.com/blog/quanto-costa-un-appartamento-a-livigno/zh,https://ironwoodlivigno.com/blog/quanto-costa-un-appartamento-a-livigno/zh,true,https://ironwoodlivigno.com/blog/quanto-costa-un-appartamento-a-livigno/zh,true
https://ironwoodlivigno.com/blog/quanto-costa-un-appartamento-a-livigno/ja,https://ironwoodlivigno.com/blog/quanto-costa-un-appartamento-a-livigno/ja,true,https://ironwoodlivigno.com/blog/quanto-costa-un-appartamento-a-livigno/ja,true
https://ironwoodlivigno.com/blog/appartamento-con-sauna-privata-livigno-vs-hotel,https://ironwoodlivigno.com/blog/appartamento-con-sauna-privata-livigno-vs-hotel,true,https://ironwoodlivigno.com/blog/appartamento-con-sauna-privata-livigno-vs-hotel,true
https://ironwoodlivigno.com/blog/appartamento-con-sauna-privata-livigno-vs-hotel/en,https://ironwoodlivigno.com/blog/appartamento-con-sauna-privata-livigno-vs-hotel/en,true,https://ironwoodlivigno.com/blog/appartamento-con-sauna-privata-livigno-vs-hotel/en,true
https://ironwoodlivigno.com/blog/appartamento-con-sauna-privata-livigno-vs-hotel/de,https://ironwoodlivigno.com/blog/appartamento-con-sauna-privata-livigno-vs-hotel/de,true,https://ironwoodlivigno.com/blog/appartamento-con-sauna-privata-livigno-vs-hotel/de,true
https://ironwoodlivigno.com/blog/appartamento-con-sauna-privata-livigno-vs-hotel/pl,https://ironwoodlivigno.com/blog/appartamento-con-sauna-privata-livigno-vs-hotel/pl,true,https://ironwoodlivigno.com/blog/appartamento-con-sauna-privata-livigno-vs-hotel/pl,true
https://ironwoodlivigno.com/blog/appartamento-con-sauna-privata-livigno-vs-hotel/nl,https://ironwoodlivigno.com/blog/appartamento-con-sauna-privata-livigno-vs-hotel/nl,true,https://ironwoodlivigno.com/blog/appartamento-con-sauna-privata-livigno-vs-hotel/nl,true
https://ironwoodlivigno.com/blog/appartamento-con-sauna-privata-livigno-vs-hotel/cs,https://ironwoodlivigno.com/blog/appartamento-con-sauna-privata-livigno-vs-hotel/cs,true,https://ironwoodlivigno.com/blog/appartamento-con-sauna-privata-livigno-vs-hotel/cs,true
https://ironwoodlivigno.com/blog/appartamento-con-sauna-privata-livigno-vs-hotel/fr,https://ironwoodlivigno.com/blog/appartamento-con-sauna-privata-livigno-vs-hotel/fr,true,https://ironwoodlivigno.com/blog/appartamento-con-sauna-privata-livigno-vs-hotel/fr,true
https://ironwoodlivigno.com/blog/appartamento-con-sauna-privata-livigno-vs-hotel/da,https://ironwoodlivigno.com/blog/appartamento-con-sauna-privata-livigno-vs-hotel/da,true,https://ironwoodlivigno.com/blog/appartamento-con-sauna-privata-livigno-vs-hotel/da,true
https://ironwoodlivigno.com/blog/appartamento-con-sauna-privata-livigno-vs-hotel/no,https://ironwoodlivigno.com/blog/appartamento-con-sauna-privata-livigno-vs-hotel/no,true,https://ironwoodlivigno.com/blog/appartamento-con-sauna-privata-livigno-vs-hotel/no,true
https://ironwoodlivigno.com/blog/appartamento-con-sauna-privata-livigno-vs-hotel/zh,https://ironwoodlivigno.com/blog/appartamento-con-sauna-privata-livigno-vs-hotel/zh,true,https://ironwoodlivigno.com/blog/appartamento-con-sauna-privata-livigno-vs-hotel/zh,true
https://ironwoodlivigno.com/blog/appartamento-con-sauna-privata-livigno-vs-hotel/ja,https://ironwoodlivigno.com/blog/appartamento-con-sauna-privata-livigno-vs-hotel/ja,true,https://ironwoodlivigno.com/blog/appartamento-con-sauna-privata-livigno-vs-hotel/ja,true
https://ironwoodlivigno.com/blog/livigno-per-gruppi-numerosi-fino-a-6-persone,https://ironwoodlivigno.com/blog/livigno-per-gruppi-numerosi-fino-a-6-persone,true,https://ironwoodlivigno.com/blog/livigno-per-gruppi-numerosi-fino-a-6-persone,true
https://ironwoodlivigno.com/blog/livigno-per-gruppi-numerosi-fino-a-6-persone/en,https://ironwoodlivigno.com/blog/livigno-per-gruppi-numerosi-fino-a-6-persone/en,true,https://ironwoodlivigno.com/blog/livigno-per-gruppi-numerosi-fino-a-6-persone/en,true
https://ironwoodlivigno.com/blog/livigno-per-gruppi-numerosi-fino-a-6-persone/de,https://ironwoodlivigno.com/blog/livigno-per-gruppi-numerosi-fino-a-6-persone/de,true,https://ironwoodlivigno.com/blog/livigno-per-gruppi-numerosi-fino-a-6-persone/de,true
https://ironwoodlivigno.com/blog/livigno-per-gruppi-numerosi-fino-a-6-persone/pl,https://ironwoodlivigno.com/blog/livigno-per-gruppi-numerosi-fino-a-6-persone/pl,true,https://ironwoodlivigno.com/blog/livigno-per-gruppi-numerosi-fino-a-6-persone/pl,true
https://ironwoodlivigno.com/blog/livigno-per-gruppi-numerosi-fino-a-6-persone/nl,https://ironwoodlivigno.com/blog/livigno-per-gruppi-numerosi-fino-a-6-persone/nl,true,https://ironwoodlivigno.com/blog/livigno-per-gruppi-numerosi-fino-a-6-persone/nl,true
https://ironwoodlivigno.com/blog/livigno-per-gruppi-numerosi-fino-a-6-persone/cs,https://ironwoodlivigno.com/blog/livigno-per-gruppi-numerosi-fino-a-6-persone/cs,true,https://ironwoodlivigno.com/blog/livigno-per-gruppi-numerosi-fino-a-6-persone/cs,true
https://ironwoodlivigno.com/blog/livigno-per-gruppi-numerosi-fino-a-6-persone/fr,https://ironwoodlivigno.com/blog/livigno-per-gruppi-numerosi-fino-a-6-persone/fr,true,https://ironwoodlivigno.com/blog/livigno-per-gruppi-numerosi-fino-a-6-persone/fr,true
https://ironwoodlivigno.com/blog/livigno-per-gruppi-numerosi-fino-a-6-persone/da,https://ironwoodlivigno.com/blog/livigno-per-gruppi-numerosi-fino-a-6-persone/da,true,https://ironwoodlivigno.com/blog/livigno-per-gruppi-numerosi-fino-a-6-persone/da,true
https://ironwoodlivigno.com/blog/livigno-per-gruppi-numerosi-fino-a-6-persone/no,https://ironwoodlivigno.com/blog/livigno-per-gruppi-numerosi-fino-a-6-persone/no,true,https://ironwoodlivigno.com/blog/livigno-per-gruppi-numerosi-fino-a-6-persone/no,true
https://ironwoodlivigno.com/blog/livigno-per-gruppi-numerosi-fino-a-6-persone/zh,https://ironwoodlivigno.com/blog/livigno-per-gruppi-numerosi-fino-a-6-persone/zh,true,https://ironwoodlivigno.com/blog/livigno-per-gruppi-numerosi-fino-a-6-persone/zh,true
https://ironwoodlivigno.com/blog/livigno-per-gruppi-numerosi-fino-a-6-persone/ja,https://ironwoodlivigno.com/blog/livigno-per-gruppi-numerosi-fino-a-6-persone/ja,true,https://ironwoodlivigno.com/blog/livigno-per-gruppi-numerosi-fino-a-6-persone/ja,true
https://ironwoodlivigno.com/blog/deposito-sci-e-attrezzatura-a-livigno-cosa-cercare,https://ironwoodlivigno.com/blog/deposito-sci-e-attrezzatura-a-livigno-cosa-cercare,true,https://ironwoodlivigno.com/blog/deposito-sci-e-attrezzatura-a-livigno-cosa-cercare,true
https://ironwoodlivigno.com/blog/deposito-sci-e-attrezzatura-a-livigno-cosa-cercare/en,https://ironwoodlivigno.com/blog/deposito-sci-e-attrezzatura-a-livigno-cosa-cercare/en,true,https://ironwoodlivigno.com/blog/deposito-sci-e-attrezzatura-a-livigno-cosa-cercare/en,true
https://ironwoodlivigno.com/blog/deposito-sci-e-attrezzatura-a-livigno-cosa-cercare/de,https://ironwoodlivigno.com/blog/deposito-sci-e-attrezzatura-a-livigno-cosa-cercare/de,true,https://ironwoodlivigno.com/blog/deposito-sci-e-attrezzatura-a-livigno-cosa-cercare/de,true
https://ironwoodlivigno.com/blog/deposito-sci-e-attrezzatura-a-livigno-cosa-cercare/pl,https://ironwoodlivigno.com/blog/deposito-sci-e-attrezzatura-a-livigno-cosa-cercare/pl,true,https://ironwoodlivigno.com/blog/deposito-sci-e-attrezzatura-a-livigno-cosa-cercare/pl,true
https://ironwoodlivigno.com/blog/deposito-sci-e-attrezzatura-a-livigno-cosa-cercare/nl,https://ironwoodlivigno.com/blog/deposito-sci-e-attrezzatura-a-livigno-cosa-cercare/nl,true,https://ironwoodlivigno.com/blog/deposito-sci-e-attrezzatura-a-livigno-cosa-cercare/nl,true
https://ironwoodlivigno.com/blog/deposito-sci-e-attrezzatura-a-livigno-cosa-cercare/cs,https://ironwoodlivigno.com/blog/deposito-sci-e-attrezzatura-a-livigno-cosa-cercare/cs,true,https://ironwoodlivigno.com/blog/deposito-sci-e-attrezzatura-a-livigno-cosa-cercare/cs,true
https://ironwoodlivigno.com/blog/deposito-sci-e-attrezzatura-a-livigno-cosa-cercare/fr,https://ironwoodlivigno.com/blog/deposito-sci-e-attrezzatura-a-livigno-cosa-cercare/fr,true,https://ironwoodlivigno.com/blog/deposito-sci-e-attrezzatura-a-livigno-cosa-cercare/fr,true
https://ironwoodlivigno.com/blog/deposito-sci-e-attrezzatura-a-livigno-cosa-cercare/da,https://ironwoodlivigno.com/blog/deposito-sci-e-attrezzatura-a-livigno-cosa-cercare/da,true,https://ironwoodlivigno.com/blog/deposito-sci-e-attrezzatura-a-livigno-cosa-cercare/da,true
https://ironwoodlivigno.com/blog/deposito-sci-e-attrezzatura-a-livigno-cosa-cercare/no,https://ironwoodlivigno.com/blog/deposito-sci-e-attrezzatura-a-livigno-cosa-cercare/no,true,https://ironwoodlivigno.com/blog/deposito-sci-e-attrezzatura-a-livigno-cosa-cercare/no,true
https://ironwoodlivigno.com/blog/deposito-sci-e-attrezzatura-a-livigno-cosa-cercare/zh,https://ironwoodlivigno.com/blog/deposito-sci-e-attrezzatura-a-livigno-cosa-cercare/zh,true,https://ironwoodlivigno.com/blog/deposito-sci-e-attrezzatura-a-livigno-cosa-cercare/zh,true
https://ironwoodlivigno.com/blog/deposito-sci-e-attrezzatura-a-livigno-cosa-cercare/ja,https://ironwoodlivigno.com/blog/deposito-sci-e-attrezzatura-a-livigno-cosa-cercare/ja,true,https://ironwoodlivigno.com/blog/deposito-sci-e-attrezzatura-a-livigno-cosa-cercare/ja,true
https://ironwoodlivigno.com/blog/quando-prenotare-livigno-calendario-stagionale,https://ironwoodlivigno.com/blog/quando-prenotare-livigno-calendario-stagionale,true,https://ironwoodlivigno.com/blog/quando-prenotare-livigno-calendario-stagionale,true
https://ironwoodlivigno.com/blog/quando-prenotare-livigno-calendario-stagionale/en,https://ironwoodlivigno.com/blog/quando-prenotare-livigno-calendario-stagionale/en,true,https://ironwoodlivigno.com/blog/quando-prenotare-livigno-calendario-stagionale/en,true
https://ironwoodlivigno.com/blog/quando-prenotare-livigno-calendario-stagionale/de,https://ironwoodlivigno.com/blog/quando-prenotare-livigno-calendario-stagionale/de,true,https://ironwoodlivigno.com/blog/quando-prenotare-livigno-calendario-stagionale/de,true
https://ironwoodlivigno.com/blog/quando-prenotare-livigno-calendario-stagionale/pl,https://ironwoodlivigno.com/blog/quando-prenotare-livigno-calendario-stagionale/pl,true,https://ironwoodlivigno.com/blog/quando-prenotare-livigno-calendario-stagionale/pl,true
https://ironwoodlivigno.com/blog/quando-prenotare-livigno-calendario-stagionale/nl,https://ironwoodlivigno.com/blog/quando-prenotare-livigno-calendario-stagionale/nl,true,https://ironwoodlivigno.com/blog/quando-prenotare-livigno-calendario-stagionale/nl,true
https://ironwoodlivigno.com/blog/quando-prenotare-livigno-calendario-stagionale/cs,https://ironwoodlivigno.com/blog/quando-prenotare-livigno-calendario-stagionale/cs,true,https://ironwoodlivigno.com/blog/quando-prenotare-livigno-calendario-stagionale/cs,true
https://ironwoodlivigno.com/blog/quando-prenotare-livigno-calendario-stagionale/fr,https://ironwoodlivigno.com/blog/quando-prenotare-livigno-calendario-stagionale/fr,true,https://ironwoodlivigno.com/blog/quando-prenotare-livigno-calendario-stagionale/fr,true
https://ironwoodlivigno.com/blog/quando-prenotare-livigno-calendario-stagionale/da,https://ironwoodlivigno.com/blog/quando-prenotare-livigno-calendario-stagionale/da,true,https://ironwoodlivigno.com/blog/quando-prenotare-livigno-calendario-stagionale/da,true
https://ironwoodlivigno.com/blog/quando-prenotare-livigno-calendario-stagionale/no,https://ironwoodlivigno.com/blog/quando-prenotare-livigno-calendario-stagionale/no,true,https://ironwoodlivigno.com/blog/quando-prenotare-livigno-calendario-stagionale/no,true
https://ironwoodlivigno.com/blog/quando-prenotare-livigno-calendario-stagionale/zh,https://ironwoodlivigno.com/blog/quando-prenotare-livigno-calendario-stagionale/zh,true,https://ironwoodlivigno.com/blog/quando-prenotare-livigno-calendario-stagionale/zh,true
https://ironwoodlivigno.com/blog/quando-prenotare-livigno-calendario-stagionale/ja,https://ironwoodlivigno.com/blog/quando-prenotare-livigno-calendario-stagionale/ja,true,https://ironwoodlivigno.com/blog/quando-prenotare-livigno-calendario-stagionale/ja,true
https://ironwoodlivigno.com/blog/vacanza-senza-pensieri-a-livigno-colazione-ed-e-bike,https://ironwoodlivigno.com/blog/vacanza-senza-pensieri-a-livigno-colazione-ed-e-bike,true,https://ironwoodlivigno.com/blog/vacanza-senza-pensieri-a-livigno-colazione-ed-e-bike,true
https://ironwoodlivigno.com/blog/vacanza-senza-pensieri-a-livigno-colazione-ed-e-bike/en,https://ironwoodlivigno.com/blog/vacanza-senza-pensieri-a-livigno-colazione-ed-e-bike/en,true,https://ironwoodlivigno.com/blog/vacanza-senza-pensieri-a-livigno-colazione-ed-e-bike/en,true
https://ironwoodlivigno.com/blog/vacanza-senza-pensieri-a-livigno-colazione-ed-e-bike/de,https://ironwoodlivigno.com/blog/vacanza-senza-pensieri-a-livigno-colazione-ed-e-bike/de,true,https://ironwoodlivigno.com/blog/vacanza-senza-pensieri-a-livigno-colazione-ed-e-bike/de,true
https://ironwoodlivigno.com/blog/vacanza-senza-pensieri-a-livigno-colazione-ed-e-bike/pl,https://ironwoodlivigno.com/blog/vacanza-senza-pensieri-a-livigno-colazione-ed-e-bike/pl,true,https://ironwoodlivigno.com/blog/vacanza-senza-pensieri-a-livigno-colazione-ed-e-bike/pl,true
https://ironwoodlivigno.com/blog/vacanza-senza-pensieri-a-livigno-colazione-ed-e-bike/nl,https://ironwoodlivigno.com/blog/vacanza-senza-pensieri-a-livigno-colazione-ed-e-bike/nl,true,https://ironwoodlivigno.com/blog/vacanza-senza-pensieri-a-livigno-colazione-ed-e-bike/nl,true
https://ironwoodlivigno.com/blog/vacanza-senza-pensieri-a-livigno-colazione-ed-e-bike/cs,https://ironwoodlivigno.com/blog/vacanza-senza-pensieri-a-livigno-colazione-ed-e-bike/cs,true,https://ironwoodlivigno.com/blog/vacanza-senza-pensieri-a-livigno-colazione-ed-e-bike/cs,true
https://ironwoodlivigno.com/blog/vacanza-senza-pensieri-a-livigno-colazione-ed-e-bike/fr,https://ironwoodlivigno.com/blog/vacanza-senza-pensieri-a-livigno-colazione-ed-e-bike/fr,true,https://ironwoodlivigno.com/blog/vacanza-senza-pensieri-a-livigno-colazione-ed-e-bike/fr,true
https://ironwoodlivigno.com/blog/vacanza-senza-pensieri-a-livigno-colazione-ed-e-bike/da,https://ironwoodlivigno.com/blog/vacanza-senza-pensieri-a-livigno-colazione-ed-e-bike/da,true,https://ironwoodlivigno.com/blog/vacanza-senza-pensieri-a-livigno-colazione-ed-e-bike/da,true
https://ironwoodlivigno.com/blog/vacanza-senza-pensieri-a-livigno-colazione-ed-e-bike/no,https://ironwoodlivigno.com/blog/vacanza-senza-pensieri-a-livigno-colazione-ed-e-bike/no,true,https://ironwoodlivigno.com/blog/vacanza-senza-pensieri-a-livigno-colazione-ed-e-bike/no,true
https://ironwoodlivigno.com/blog/vacanza-senza-pensieri-a-livigno-colazione-ed-e-bike/zh,https://ironwoodlivigno.com/blog/vacanza-senza-pensieri-a-livigno-colazione-ed-e-bike/zh,true,https://ironwoodlivigno.com/blog/vacanza-senza-pensieri-a-livigno-colazione-ed-e-bike/zh,true
https://ironwoodlivigno.com/blog/vacanza-senza-pensieri-a-livigno-colazione-ed-e-bike/ja,https://ironwoodlivigno.com/blog/vacanza-senza-pensieri-a-livigno-colazione-ed-e-bike/ja,true,https://ironwoodlivigno.com/blog/vacanza-senza-pensieri-a-livigno-colazione-ed-e-bike/ja,true
https://ironwoodlivigno.com/blog/livigno-tax-free-guida-per-chi-arriva-dallestero,https://ironwoodlivigno.com/blog/livigno-tax-free-guida-per-chi-arriva-dallestero,true,https://ironwoodlivigno.com/blog/livigno-tax-free-guida-per-chi-arriva-dallestero,true
https://ironwoodlivigno.com/blog/livigno-tax-free-guida-per-chi-arriva-dallestero/en,https://ironwoodlivigno.com/blog/livigno-tax-free-guida-per-chi-arriva-dallestero/en,true,https://ironwoodlivigno.com/blog/livigno-tax-free-guida-per-chi-arriva-dallestero/en,true
https://ironwoodlivigno.com/blog/livigno-tax-free-guida-per-chi-arriva-dallestero/de,https://ironwoodlivigno.com/blog/livigno-tax-free-guida-per-chi-arriva-dallestero/de,true,https://ironwoodlivigno.com/blog/livigno-tax-free-guida-per-chi-arriva-dallestero/de,true
https://ironwoodlivigno.com/blog/livigno-tax-free-guida-per-chi-arriva-dallestero/pl,https://ironwoodlivigno.com/blog/livigno-tax-free-guida-per-chi-arriva-dallestero/pl,true,https://ironwoodlivigno.com/blog/livigno-tax-free-guida-per-chi-arriva-dallestero/pl,true
https://ironwoodlivigno.com/blog/livigno-tax-free-guida-per-chi-arriva-dallestero/nl,https://ironwoodlivigno.com/blog/livigno-tax-free-guida-per-chi-arriva-dallestero/nl,true,https://ironwoodlivigno.com/blog/livigno-tax-free-guida-per-chi-arriva-dallestero/nl,true
https://ironwoodlivigno.com/blog/livigno-tax-free-guida-per-chi-arriva-dallestero/cs,https://ironwoodlivigno.com/blog/livigno-tax-free-guida-per-chi-arriva-dallestero/cs,true,https://ironwoodlivigno.com/blog/livigno-tax-free-guida-per-chi-arriva-dallestero/cs,true
https://ironwoodlivigno.com/blog/livigno-tax-free-guida-per-chi-arriva-dallestero/fr,https://ironwoodlivigno.com/blog/livigno-tax-free-guida-per-chi-arriva-dallestero/fr,true,https://ironwoodlivigno.com/blog/livigno-tax-free-guida-per-chi-arriva-dallestero/fr,true
https://ironwoodlivigno.com/blog/livigno-tax-free-guida-per-chi-arriva-dallestero/da,https://ironwoodlivigno.com/blog/livigno-tax-free-guida-per-chi-arriva-dallestero/da,true,https://ironwoodlivigno.com/blog/livigno-tax-free-guida-per-chi-arriva-dallestero/da,true
https://ironwoodlivigno.com/blog/livigno-tax-free-guida-per-chi-arriva-dallestero/no,https://ironwoodlivigno.com/blog/livigno-tax-free-guida-per-chi-arriva-dallestero/no,true,https://ironwoodlivigno.com/blog/livigno-tax-free-guida-per-chi-arriva-dallestero/no,true
https://ironwoodlivigno.com/blog/livigno-tax-free-guida-per-chi-arriva-dallestero/zh,https://ironwoodlivigno.com/blog/livigno-tax-free-guida-per-chi-arriva-dallestero/zh,true,https://ironwoodlivigno.com/blog/livigno-tax-free-guida-per-chi-arriva-dallestero/zh,true
https://ironwoodlivigno.com/blog/livigno-tax-free-guida-per-chi-arriva-dallestero/ja,https://ironwoodlivigno.com/blog/livigno-tax-free-guida-per-chi-arriva-dallestero/ja,true,https://ironwoodlivigno.com/blog/livigno-tax-free-guida-per-chi-arriva-dallestero/ja,true
https://ironwoodlivigno.com/blog/migliori-periodi-per-evitare-la-folla-a-livigno,https://ironwoodlivigno.com/blog/migliori-periodi-per-evitare-la-folla-a-livigno,true,https://ironwoodlivigno.com/blog/migliori-periodi-per-evitare-la-folla-a-livigno,true
https://ironwoodlivigno.com/blog/migliori-periodi-per-evitare-la-folla-a-livigno/en,https://ironwoodlivigno.com/blog/migliori-periodi-per-evitare-la-folla-a-livigno/en,true,https://ironwoodlivigno.com/blog/migliori-periodi-per-evitare-la-folla-a-livigno/en,true
https://ironwoodlivigno.com/blog/migliori-periodi-per-evitare-la-folla-a-livigno/de,https://ironwoodlivigno.com/blog/migliori-periodi-per-evitare-la-folla-a-livigno/de,true,https://ironwoodlivigno.com/blog/migliori-periodi-per-evitare-la-folla-a-livigno/de,true
https://ironwoodlivigno.com/blog/migliori-periodi-per-evitare-la-folla-a-livigno/pl,https://ironwoodlivigno.com/blog/migliori-periodi-per-evitare-la-folla-a-livigno/pl,true,https://ironwoodlivigno.com/blog/migliori-periodi-per-evitare-la-folla-a-livigno/pl,true
https://ironwoodlivigno.com/blog/migliori-periodi-per-evitare-la-folla-a-livigno/nl,https://ironwoodlivigno.com/blog/migliori-periodi-per-evitare-la-folla-a-livigno/nl,true,https://ironwoodlivigno.com/blog/migliori-periodi-per-evitare-la-folla-a-livigno/nl,true
https://ironwoodlivigno.com/blog/migliori-periodi-per-evitare-la-folla-a-livigno/cs,https://ironwoodlivigno.com/blog/migliori-periodi-per-evitare-la-folla-a-livigno/cs,true,https://ironwoodlivigno.com/blog/migliori-periodi-per-evitare-la-folla-a-livigno/cs,true
https://ironwoodlivigno.com/blog/migliori-periodi-per-evitare-la-folla-a-livigno/fr,https://ironwoodlivigno.com/blog/migliori-periodi-per-evitare-la-folla-a-livigno/fr,true,https://ironwoodlivigno.com/blog/migliori-periodi-per-evitare-la-folla-a-livigno/fr,true
https://ironwoodlivigno.com/blog/migliori-periodi-per-evitare-la-folla-a-livigno/da,https://ironwoodlivigno.com/blog/migliori-periodi-per-evitare-la-folla-a-livigno/da,true,https://ironwoodlivigno.com/blog/migliori-periodi-per-evitare-la-folla-a-livigno/da,true
https://ironwoodlivigno.com/blog/migliori-periodi-per-evitare-la-folla-a-livigno/no,https://ironwoodlivigno.com/blog/migliori-periodi-per-evitare-la-folla-a-livigno/no,true,https://ironwoodlivigno.com/blog/migliori-periodi-per-evitare-la-folla-a-livigno/no,true
https://ironwoodlivigno.com/blog/migliori-periodi-per-evitare-la-folla-a-livigno/zh,https://ironwoodlivigno.com/blog/migliori-periodi-per-evitare-la-folla-a-livigno/zh,true,https://ironwoodlivigno.com/blog/migliori-periodi-per-evitare-la-folla-a-livigno/zh,true
https://ironwoodlivigno.com/blog/migliori-periodi-per-evitare-la-folla-a-livigno/ja,https://ironwoodlivigno.com/blog/migliori-periodi-per-evitare-la-folla-a-livigno/ja,true,https://ironwoodlivigno.com/blog/migliori-periodi-per-evitare-la-folla-a-livigno/ja,true
https://ironwoodlivigno.com/blog/livigno-con-il-cane-regole-e-alternative,https://ironwoodlivigno.com/blog/livigno-con-il-cane-regole-e-alternative,true,https://ironwoodlivigno.com/blog/livigno-con-il-cane-regole-e-alternative,true
https://ironwoodlivigno.com/blog/livigno-con-il-cane-regole-e-alternative/en,https://ironwoodlivigno.com/blog/livigno-con-il-cane-regole-e-alternative/en,true,https://ironwoodlivigno.com/blog/livigno-con-il-cane-regole-e-alternative/en,true
https://ironwoodlivigno.com/blog/livigno-con-il-cane-regole-e-alternative/de,https://ironwoodlivigno.com/blog/livigno-con-il-cane-regole-e-alternative/de,true,https://ironwoodlivigno.com/blog/livigno-con-il-cane-regole-e-alternative/de,true
https://ironwoodlivigno.com/blog/livigno-con-il-cane-regole-e-alternative/pl,https://ironwoodlivigno.com/blog/livigno-con-il-cane-regole-e-alternative/pl,true,https://ironwoodlivigno.com/blog/livigno-con-il-cane-regole-e-alternative/pl,true
https://ironwoodlivigno.com/blog/livigno-con-il-cane-regole-e-alternative/nl,https://ironwoodlivigno.com/blog/livigno-con-il-cane-regole-e-alternative/nl,true,https://ironwoodlivigno.com/blog/livigno-con-il-cane-regole-e-alternative/nl,true
https://ironwoodlivigno.com/blog/livigno-con-il-cane-regole-e-alternative/cs,https://ironwoodlivigno.com/blog/livigno-con-il-cane-regole-e-alternative/cs,true,https://ironwoodlivigno.com/blog/livigno-con-il-cane-regole-e-alternative/cs,true
https://ironwoodlivigno.com/blog/livigno-con-il-cane-regole-e-alternative/fr,https://ironwoodlivigno.com/blog/livigno-con-il-cane-regole-e-alternative/fr,true,https://ironwoodlivigno.com/blog/livigno-con-il-cane-regole-e-alternative/fr,true
https://ironwoodlivigno.com/blog/livigno-con-il-cane-regole-e-alternative/da,https://ironwoodlivigno.com/blog/livigno-con-il-cane-regole-e-alternative/da,true,https://ironwoodlivigno.com/blog/livigno-con-il-cane-regole-e-alternative/da,true
https://ironwoodlivigno.com/blog/livigno-con-il-cane-regole-e-alternative/no,https://ironwoodlivigno.com/blog/livigno-con-il-cane-regole-e-alternative/no,true,https://ironwoodlivigno.com/blog/livigno-con-il-cane-regole-e-alternative/no,true
https://ironwoodlivigno.com/blog/livigno-con-il-cane-regole-e-alternative/zh,https://ironwoodlivigno.com/blog/livigno-con-il-cane-regole-e-alternative/zh,true,https://ironwoodlivigno.com/blog/livigno-con-il-cane-regole-e-alternative/zh,true
https://ironwoodlivigno.com/blog/livigno-con-il-cane-regole-e-alternative/ja,https://ironwoodlivigno.com/blog/livigno-con-il-cane-regole-e-alternative/ja,true,https://ironwoodlivigno.com/blog/livigno-con-il-cane-regole-e-alternative/ja,true
https://ironwoodlivigno.com/blog/da-dove-ammirare-il-tramonto-a-livigno,https://ironwoodlivigno.com/blog/da-dove-ammirare-il-tramonto-a-livigno,true,https://ironwoodlivigno.com/blog/da-dove-ammirare-il-tramonto-a-livigno,true
https://ironwoodlivigno.com/blog/da-dove-ammirare-il-tramonto-a-livigno/en,https://ironwoodlivigno.com/blog/da-dove-ammirare-il-tramonto-a-livigno/en,true,https://ironwoodlivigno.com/blog/da-dove-ammirare-il-tramonto-a-livigno/en,true
https://ironwoodlivigno.com/blog/da-dove-ammirare-il-tramonto-a-livigno/de,https://ironwoodlivigno.com/blog/da-dove-ammirare-il-tramonto-a-livigno/de,true,https://ironwoodlivigno.com/blog/da-dove-ammirare-il-tramonto-a-livigno/de,true
https://ironwoodlivigno.com/blog/da-dove-ammirare-il-tramonto-a-livigno/pl,https://ironwoodlivigno.com/blog/da-dove-ammirare-il-tramonto-a-livigno/pl,true,https://ironwoodlivigno.com/blog/da-dove-ammirare-il-tramonto-a-livigno/pl,true
https://ironwoodlivigno.com/blog/da-dove-ammirare-il-tramonto-a-livigno/nl,https://ironwoodlivigno.com/blog/da-dove-ammirare-il-tramonto-a-livigno/nl,true,https://ironwoodlivigno.com/blog/da-dove-ammirare-il-tramonto-a-livigno/nl,true
https://ironwoodlivigno.com/blog/da-dove-ammirare-il-tramonto-a-livigno/cs,https://ironwoodlivigno.com/blog/da-dove-ammirare-il-tramonto-a-livigno/cs,true,https://ironwoodlivigno.com/blog/da-dove-ammirare-il-tramonto-a-livigno/cs,true
https://ironwoodlivigno.com/blog/da-dove-ammirare-il-tramonto-a-livigno/fr,https://ironwoodlivigno.com/blog/da-dove-ammirare-il-tramonto-a-livigno/fr,true,https://ironwoodlivigno.com/blog/da-dove-ammirare-il-tramonto-a-livigno/fr,true
https://ironwoodlivigno.com/blog/da-dove-ammirare-il-tramonto-a-livigno/da,https://ironwoodlivigno.com/blog/da-dove-ammirare-il-tramonto-a-livigno/da,true,https://ironwoodlivigno.com/blog/da-dove-ammirare-il-tramonto-a-livigno/da,true
https://ironwoodlivigno.com/blog/da-dove-ammirare-il-tramonto-a-livigno/no,https://ironwoodlivigno.com/blog/da-dove-ammirare-il-tramonto-a-livigno/no,true,https://ironwoodlivigno.com/blog/da-dove-ammirare-il-tramonto-a-livigno/no,true
https://ironwoodlivigno.com/blog/da-dove-ammirare-il-tramonto-a-livigno/zh,https://ironwoodlivigno.com/blog/da-dove-ammirare-il-tramonto-a-livigno/zh,true,https://ironwoodlivigno.com/blog/da-dove-ammirare-il-tramonto-a-livigno/zh,true
https://ironwoodlivigno.com/blog/da-dove-ammirare-il-tramonto-a-livigno/ja,https://ironwoodlivigno.com/blog/da-dove-ammirare-il-tramonto-a-livigno/ja,true,https://ironwoodlivigno.com/blog/da-dove-ammirare-il-tramonto-a-livigno/ja,true
https://ironwoodlivigno.com/inverno,https://ironwoodlivigno.com/inverno,true,https://ironwoodlivigno.com/inverno,true
https://ironwoodlivigno.com/inverno/en,https://ironwoodlivigno.com/inverno/en,true,https://ironwoodlivigno.com/inverno/en,true
https://ironwoodlivigno.com/inverno/en-us,https://ironwoodlivigno.com/inverno/en-us,true,https://ironwoodlivigno.com/inverno/en-us,true
https://ironwoodlivigno.com/inverno/de,https://ironwoodlivigno.com/inverno/de,true,https://ironwoodlivigno.com/inverno/de,true
https://ironwoodlivigno.com/inverno/fr,https://ironwoodlivigno.com/inverno/fr,true,https://ironwoodlivigno.com/inverno/fr,true
https://ironwoodlivigno.com/inverno/da,https://ironwoodlivigno.com/inverno/da,true,https://ironwoodlivigno.com/inverno/da,true
https://ironwoodlivigno.com/inverno/pl,https://ironwoodlivigno.com/inverno/pl,true,https://ironwoodlivigno.com/inverno/pl,true
https://ironwoodlivigno.com/inverno/cs,https://ironwoodlivigno.com/inverno/cs,true,https://ironwoodlivigno.com/inverno/cs,true
https://ironwoodlivigno.com/inverno/no,https://ironwoodlivigno.com/inverno/no,true,https://ironwoodlivigno.com/inverno/no,true
https://ironwoodlivigno.com/inverno/nl,https://ironwoodlivigno.com/inverno/nl,true,https://ironwoodlivigno.com/inverno/nl,true
https://ironwoodlivigno.com/inverno/zh,https://ironwoodlivigno.com/inverno/zh,true,https://ironwoodlivigno.com/inverno/zh,true
https://ironwoodlivigno.com/inverno/ja,https://ironwoodlivigno.com/inverno/ja,true,https://ironwoodlivigno.com/inverno/ja,true
https://ironwoodlivigno.com/estate,https://ironwoodlivigno.com/estate,true,https://ironwoodlivigno.com/estate,true
https://ironwoodlivigno.com/estate/en,https://ironwoodlivigno.com/estate/en,true,https://ironwoodlivigno.com/estate/en,true
https://ironwoodlivigno.com/estate/en-us,https://ironwoodlivigno.com/estate/en-us,true,https://ironwoodlivigno.com/estate/en-us,true
https://ironwoodlivigno.com/estate/de,https://ironwoodlivigno.com/estate/de,true,https://ironwoodlivigno.com/estate/de,true
https://ironwoodlivigno.com/estate/fr,https://ironwoodlivigno.com/estate/fr,true,https://ironwoodlivigno.com/estate/fr,true
https://ironwoodlivigno.com/estate/da,https://ironwoodlivigno.com/estate/da,true,https://ironwoodlivigno.com/estate/da,true
https://ironwoodlivigno.com/estate/pl,https://ironwoodlivigno.com/estate/pl,true,https://ironwoodlivigno.com/estate/pl,true
https://ironwoodlivigno.com/estate/cs,https://ironwoodlivigno.com/estate/cs,true,https://ironwoodlivigno.com/estate/cs,true
https://ironwoodlivigno.com/estate/no,https://ironwoodlivigno.com/estate/no,true,https://ironwoodlivigno.com/estate/no,true
https://ironwoodlivigno.com/estate/nl,https://ironwoodlivigno.com/estate/nl,true,https://ironwoodlivigno.com/estate/nl,true
https://ironwoodlivigno.com/estate/zh,https://ironwoodlivigno.com/estate/zh,true,https://ironwoodlivigno.com/estate/zh,true
https://ironwoodlivigno.com/estate/ja,https://ironwoodlivigno.com/estate/ja,true,https://ironwoodlivigno.com/estate/ja,true
https://ironwoodlivigno.com/famiglie,https://ironwoodlivigno.com/famiglie,true,https://ironwoodlivigno.com/famiglie,true
https://ironwoodlivigno.com/famiglie/en,https://ironwoodlivigno.com/famiglie/en,true,https://ironwoodlivigno.com/famiglie/en,true
https://ironwoodlivigno.com/famiglie/en-us,https://ironwoodlivigno.com/famiglie/en-us,true,https://ironwoodlivigno.com/famiglie/en-us,true
https://ironwoodlivigno.com/famiglie/de,https://ironwoodlivigno.com/famiglie/de,true,https://ironwoodlivigno.com/famiglie/de,true
https://ironwoodlivigno.com/famiglie/fr,https://ironwoodlivigno.com/famiglie/fr,true,https://ironwoodlivigno.com/famiglie/fr,true
https://ironwoodlivigno.com/famiglie/da,https://ironwoodlivigno.com/famiglie/da,true,https://ironwoodlivigno.com/famiglie/da,true
https://ironwoodlivigno.com/famiglie/pl,https://ironwoodlivigno.com/famiglie/pl,true,https://ironwoodlivigno.com/famiglie/pl,true
https://ironwoodlivigno.com/famiglie/cs,https://ironwoodlivigno.com/famiglie/cs,true,https://ironwoodlivigno.com/famiglie/cs,true
https://ironwoodlivigno.com/famiglie/no,https://ironwoodlivigno.com/famiglie/no,true,https://ironwoodlivigno.com/famiglie/no,true
https://ironwoodlivigno.com/famiglie/nl,https://ironwoodlivigno.com/famiglie/nl,true,https://ironwoodlivigno.com/famiglie/nl,true
https://ironwoodlivigno.com/famiglie/zh,https://ironwoodlivigno.com/famiglie/zh,true,https://ironwoodlivigno.com/famiglie/zh,true
https://ironwoodlivigno.com/famiglie/ja,https://ironwoodlivigno.com/famiglie/ja,true,https://ironwoodlivigno.com/famiglie/ja,true
https://ironwoodlivigno.com/come-arrivare,https://ironwoodlivigno.com/come-arrivare,true,https://ironwoodlivigno.com/come-arrivare,true
https://ironwoodlivigno.com/come-arrivare/en,https://ironwoodlivigno.com/come-arrivare/en,true,https://ironwoodlivigno.com/come-arrivare/en,true
https://ironwoodlivigno.com/come-arrivare/en-us,https://ironwoodlivigno.com/come-arrivare/en-us,true,https://ironwoodlivigno.com/come-arrivare/en-us,true
https://ironwoodlivigno.com/come-arrivare/de,https://ironwoodlivigno.com/come-arrivare/de,true,https://ironwoodlivigno.com/come-arrivare/de,true
https://ironwoodlivigno.com/come-arrivare/fr,https://ironwoodlivigno.com/come-arrivare/fr,true,https://ironwoodlivigno.com/come-arrivare/fr,true
https://ironwoodlivigno.com/come-arrivare/da,https://ironwoodlivigno.com/come-arrivare/da,true,https://ironwoodlivigno.com/come-arrivare/da,true
https://ironwoodlivigno.com/come-arrivare/pl,https://ironwoodlivigno.com/come-arrivare/pl,true,https://ironwoodlivigno.com/come-arrivare/pl,true
https://ironwoodlivigno.com/come-arrivare/cs,https://ironwoodlivigno.com/come-arrivare/cs,true,https://ironwoodlivigno.com/come-arrivare/cs,true
https://ironwoodlivigno.com/come-arrivare/no,https://ironwoodlivigno.com/come-arrivare/no,true,https://ironwoodlivigno.com/come-arrivare/no,true
https://ironwoodlivigno.com/come-arrivare/nl,https://ironwoodlivigno.com/come-arrivare/nl,true,https://ironwoodlivigno.com/come-arrivare/nl,true
https://ironwoodlivigno.com/come-arrivare/zh,https://ironwoodlivigno.com/come-arrivare/zh,true,https://ironwoodlivigno.com/come-arrivare/zh,true
https://ironwoodlivigno.com/come-arrivare/ja,https://ironwoodlivigno.com/come-arrivare/ja,true,https://ironwoodlivigno.com/come-arrivare/ja,true
https://ironwoodlivigno.com/chi-siamo,https://ironwoodlivigno.com/chi-siamo,true,https://ironwoodlivigno.com/chi-siamo,true
https://ironwoodlivigno.com/chi-siamo/en,https://ironwoodlivigno.com/chi-siamo/en,true,https://ironwoodlivigno.com/chi-siamo/en,true
https://ironwoodlivigno.com/chi-siamo/en-us,https://ironwoodlivigno.com/chi-siamo/en-us,true,https://ironwoodlivigno.com/chi-siamo/en-us,true
https://ironwoodlivigno.com/chi-siamo/de,https://ironwoodlivigno.com/chi-siamo/de,true,https://ironwoodlivigno.com/chi-siamo/de,true
https://ironwoodlivigno.com/chi-siamo/fr,https://ironwoodlivigno.com/chi-siamo/fr,true,https://ironwoodlivigno.com/chi-siamo/fr,true
https://ironwoodlivigno.com/chi-siamo/da,https://ironwoodlivigno.com/chi-siamo/da,true,https://ironwoodlivigno.com/chi-siamo/da,true
https://ironwoodlivigno.com/chi-siamo/pl,https://ironwoodlivigno.com/chi-siamo/pl,true,https://ironwoodlivigno.com/chi-siamo/pl,true
https://ironwoodlivigno.com/chi-siamo/cs,https://ironwoodlivigno.com/chi-siamo/cs,true,https://ironwoodlivigno.com/chi-siamo/cs,true
https://ironwoodlivigno.com/chi-siamo/no,https://ironwoodlivigno.com/chi-siamo/no,true,https://ironwoodlivigno.com/chi-siamo/no,true
https://ironwoodlivigno.com/chi-siamo/nl,https://ironwoodlivigno.com/chi-siamo/nl,true,https://ironwoodlivigno.com/chi-siamo/nl,true
https://ironwoodlivigno.com/chi-siamo/zh,https://ironwoodlivigno.com/chi-siamo/zh,true,https://ironwoodlivigno.com/chi-siamo/zh,true
https://ironwoodlivigno.com/chi-siamo/ja,https://ironwoodlivigno.com/chi-siamo/ja,true,https://ironwoodlivigno.com/chi-siamo/ja,true
https://ironwoodlivigno.com/sauna-bagno-turco-privato-livigno,https://ironwoodlivigno.com/sauna-bagno-turco-privato-livigno,true,https://ironwoodlivigno.com/sauna-bagno-turco-privato-livigno,true
https://ironwoodlivigno.com/sauna-bagno-turco-privato-livigno/en,https://ironwoodlivigno.com/sauna-bagno-turco-privato-livigno/en,true,https://ironwoodlivigno.com/sauna-bagno-turco-privato-livigno/en,true
https://ironwoodlivigno.com/sauna-bagno-turco-privato-livigno/en-us,https://ironwoodlivigno.com/sauna-bagno-turco-privato-livigno/en-us,true,https://ironwoodlivigno.com/sauna-bagno-turco-privato-livigno/en-us,true
https://ironwoodlivigno.com/sauna-bagno-turco-privato-livigno/de,https://ironwoodlivigno.com/sauna-bagno-turco-privato-livigno/de,true,https://ironwoodlivigno.com/sauna-bagno-turco-privato-livigno/de,true
https://ironwoodlivigno.com/sauna-bagno-turco-privato-livigno/fr,https://ironwoodlivigno.com/sauna-bagno-turco-privato-livigno/fr,true,https://ironwoodlivigno.com/sauna-bagno-turco-privato-livigno/fr,true
https://ironwoodlivigno.com/sauna-bagno-turco-privato-livigno/da,https://ironwoodlivigno.com/sauna-bagno-turco-privato-livigno/da,true,https://ironwoodlivigno.com/sauna-bagno-turco-privato-livigno/da,true
https://ironwoodlivigno.com/sauna-bagno-turco-privato-livigno/pl,https://ironwoodlivigno.com/sauna-bagno-turco-privato-livigno/pl,true,https://ironwoodlivigno.com/sauna-bagno-turco-privato-livigno/pl,true
https://ironwoodlivigno.com/sauna-bagno-turco-privato-livigno/cs,https://ironwoodlivigno.com/sauna-bagno-turco-privato-livigno/cs,true,https://ironwoodlivigno.com/sauna-bagno-turco-privato-livigno/cs,true
https://ironwoodlivigno.com/sauna-bagno-turco-privato-livigno/no,https://ironwoodlivigno.com/sauna-bagno-turco-privato-livigno/no,true,https://ironwoodlivigno.com/sauna-bagno-turco-privato-livigno/no,true
https://ironwoodlivigno.com/sauna-bagno-turco-privato-livigno/nl,https://ironwoodlivigno.com/sauna-bagno-turco-privato-livigno/nl,true,https://ironwoodlivigno.com/sauna-bagno-turco-privato-livigno/nl,true
https://ironwoodlivigno.com/sauna-bagno-turco-privato-livigno/zh,https://ironwoodlivigno.com/sauna-bagno-turco-privato-livigno/zh,true,https://ironwoodlivigno.com/sauna-bagno-turco-privato-livigno/zh,true
https://ironwoodlivigno.com/sauna-bagno-turco-privato-livigno/ja,https://ironwoodlivigno.com/sauna-bagno-turco-privato-livigno/ja,true,https://ironwoodlivigno.com/sauna-bagno-turco-privato-livigno/ja,true
https://ironwoodlivigno.com/camere-appartamento-livigno,https://ironwoodlivigno.com/camere-appartamento-livigno,true,https://ironwoodlivigno.com/camere-appartamento-livigno,true
https://ironwoodlivigno.com/camere-appartamento-livigno/en,https://ironwoodlivigno.com/camere-appartamento-livigno/en,true,https://ironwoodlivigno.com/camere-appartamento-livigno/en,true
https://ironwoodlivigno.com/camere-appartamento-livigno/en-us,https://ironwoodlivigno.com/camere-appartamento-livigno/en-us,true,https://ironwoodlivigno.com/camere-appartamento-livigno/en-us,true
https://ironwoodlivigno.com/camere-appartamento-livigno/de,https://ironwoodlivigno.com/camere-appartamento-livigno/de,true,https://ironwoodlivigno.com/camere-appartamento-livigno/de,true
https://ironwoodlivigno.com/camere-appartamento-livigno/fr,https://ironwoodlivigno.com/camere-appartamento-livigno/fr,true,https://ironwoodlivigno.com/camere-appartamento-livigno/fr,true
https://ironwoodlivigno.com/camere-appartamento-livigno/da,https://ironwoodlivigno.com/camere-appartamento-livigno/da,true,https://ironwoodlivigno.com/camere-appartamento-livigno/da,true
https://ironwoodlivigno.com/camere-appartamento-livigno/pl,https://ironwoodlivigno.com/camere-appartamento-livigno/pl,true,https://ironwoodlivigno.com/camere-appartamento-livigno/pl,true
https://ironwoodlivigno.com/camere-appartamento-livigno/cs,https://ironwoodlivigno.com/camere-appartamento-livigno/cs,true,https://ironwoodlivigno.com/camere-appartamento-livigno/cs,true
https://ironwoodlivigno.com/camere-appartamento-livigno/no,https://ironwoodlivigno.com/camere-appartamento-livigno/no,true,https://ironwoodlivigno.com/camere-appartamento-livigno/no,true
https://ironwoodlivigno.com/camere-appartamento-livigno/nl,https://ironwoodlivigno.com/camere-appartamento-livigno/nl,true,https://ironwoodlivigno.com/camere-appartamento-livigno/nl,true
https://ironwoodlivigno.com/camere-appartamento-livigno/zh,https://ironwoodlivigno.com/camere-appartamento-livigno/zh,true,https://ironwoodlivigno.com/camere-appartamento-livigno/zh,true
https://ironwoodlivigno.com/camere-appartamento-livigno/ja,https://ironwoodlivigno.com/camere-appartamento-livigno/ja,true,https://ironwoodlivigno.com/camere-appartamento-livigno/ja,true
