src,pages_using,alt_variants,width,height,loading,responsive_sources,bytes,format
/images/hero-ironwood.jpg,12,"Åben stue i Ironwood Livigno-lejligheden med pejs, spisebord i træ og køkken med køkkenø | Soggiorno open space dell'appartamento Ironwood Livigno con camino, tavolo da pranzo in legno e cucina con isola | Otevřený obývací prostor apartmánu Ironwood Livigno s krbem, dřevěným jídelním stolem a kuchyní s ostrůvkem | Séjour ouvert de l'appartement Ironwood Livigno avec cheminée, table à manger en bois et cuisine avec îlot",1920,1280,eager,true,,.jpg
/images/appartamento-soggiorno.jpg,68, | Zona giorno dell’appartamento con vista sulle montagne | Soggiorno dell'appartamento a Livigno | Zona giorno dell’appartamento a Livigno con vista sulle montagne,2000,1333,lazy eager,true,,.jpg
/images/camera3.jpg,24,Dobbeltværelse (sammensatte enkeltsenge) — Ironwood Livigno | Camera Doppia (letti uniti) — Ironwood Livigno | Dvoulůžkový pokoj (spojené postele) — Ironwood Livigno | Chambre double (lits jumeaux réunis) — Ironwood Livigno,2000,1333,lazy eager,true,,.jpg
/images/camera2.jpg,12,Værelse med to enkeltsenge — Ironwood Livigno | Camera Letti Singoli — Ironwood Livigno | Ložnice s oddělenými postelemi — Ironwood Livigno | Chambre jumelle — Ironwood Livigno,1905,1269,lazy,true,,.jpg
/images/camera1.jpg,12,Hovedsoveværelse (dobbeltseng) — Ironwood Livigno | Camera Matrimoniale Principale — Ironwood Livigno | Hlavní ložnice (manželská postel) — Ironwood Livigno | Chambre principale (lit double) — Ironwood Livigno,1905,1269,lazy,true,,.jpg
/images/colazione-croissant.jpg,12,Vassoio di croissant per la colazione a Livigno,1400,935,lazy,true,,.jpg
/images/colazione-buffet.jpg,12,Buffet di colazione con affettati e formaggi tipici,1400,932,lazy,true,,.jpg
/images/colazione-tavola.jpg,34,Sala colazioni della struttura convenzionata vicino all’appartamento | Tavola apparecchiata per la colazione,1400,932,lazy eager,true,,.jpg
/images/ebike-laterale.jpg,12,"E-bike a noleggio per gli ospiti dell’appartamento di Livigno, vista laterale",900,700,lazy,true,,.jpg
/images/ebike-frontale.jpg,12,"E-bike a noleggio per gli ospiti dell’appartamento di Livigno, vista frontale",900,700,lazy,true,,.jpg
/images/ebike-dettaglio.jpg,12,Dettaglio del telaio e della sospensione dell’e-bike a noleggio,1333,522,lazy,true,,.jpg
/images/esterno-giorno.jpg,58,"Esterno Ironwood Livigno | Esterno dell’appartamento a Livigno, di giorno | Esterno dell’appartamento a Livigno vicino agli impianti, di giorno | Ironwood Livigno, la casa di famiglia di Francesco e Tania ristrutturata nel 2022",1181,787,lazy eager,true,,.jpg
/images/lago-livigno-panorama.jpg,34,Panorama sul Lago di Livigno,1080,720,lazy eager,true,,.jpg
/images/mountain-bike-estate.jpg,24,Mountain bike in alta quota d’estate,960,640,lazy eager,true,,.jpg
/images/arnica-fiori-alpini-livigno.jpg,34,Fiori alpini di arnica a Livigno | Fiori di arnica sui pascoli alpini intorno a Livigno d’estate,1200,1053,lazy eager,true,,.jpg
/images/mucca-alpeggio-livigno.jpg,34,Mucche al pascolo negli alpeggi di Livigno | Vista panoramica su un alpeggio a Livigno al tramonto,1119,1200,lazy eager,true,,.jpg
/images/livigno-notte-neve-luci.jpg,56,"Via centrale di Livigno di notte durante una nevicata, con luci natalizie | Livigno di sera, illuminata dalle luci natalizie sulla neve | Livigno di notte, con le luci del paese sulla neve",1400,1594,lazy eager,true,,.jpg
/images/livigno-skilift-vallata-nebbia.jpg,68,Vista dalla seggiovia sulla vallata di Livigno tra le nuvole | Impianti di risalita nella vallata di Livigno,1400,1143,lazy eager,true,,.jpg
/images/livigno-ghiaccioli-vista-vallata.jpg,56,Ghiaccioli con vista sulla vallata innevata di Livigno | Vista sulla vallata innevata di Livigno con ghiaccioli in primo piano | Ghiaccioli e vista sulla vallata di Livigno in inverno,1400,1755,lazy eager,true,,.jpg
/images/cane-neve-livigno.jpg,56,"Cane di razza bovaro del bernese coperto di neve per le vie di Livigno | Paesaggio innevato a Livigno, atmosfera invernale per famiglie | Cane nella neve a Livigno",1400,1299,lazy eager,true,,.jpg
/images/sauna-vista-montagna.jpg,56,Sauna a infrarossi privata | Sauna a infrarossi privata con vista sulle montagne di Livigno | Sauna a infrarossi privata con vista sulla montagna,2000,1333,lazy eager,true,,.jpg
/images/livigno-vallata-inverno-bn.jpg,56," | La vallata di Livigno, zona franca doganale tra le Alpi | Vallata di Livigno in inverno, in bianco e nero",1400,933,lazy eager,true,,.jpg
/images/sci-fondo-centro-livigno.jpg,22,Sci di fondo nel centro di Livigno,1600,1382,lazy eager,true,,.jpg
/images/dettaglio-vini.jpg,22,Cantinetta vini in cucina,1333,2000,lazy eager,true,,.jpg
/images/centro-livigno-shopping.jpg,22,Centro pedonale di Livigno con negozi duty-free,1400,1357,lazy eager,true,,.jpg
/images/sauna.jpg,12,Sauna a infrarossi privata nell’appartamento Ironwood a Livigno,2000,1333,eager,true,,.jpg
