url,lang,page_type,topic,owner,factual_source,last_updated,review_by,translation_of,native_review
https://ironwoodlivigno.com/it,it,home,general,Francesco (Ironwood Livigno),property-facts.json,2026-10-02,2027-01-15,(original),n/a
https://ironwoodlivigno.com/en,en,home,general,Francesco (Ironwood Livigno),property-facts.json,2026-10-02,2027-01-15,https://ironwoodlivigno.com/it,done (2026-10-01)
https://ironwoodlivigno.com/de,de,home,general,Francesco (Ironwood Livigno),property-facts.json,2026-10-02,2027-01-15,https://ironwoodlivigno.com/it,"partial (Sie form, 2026-10-01)"
https://ironwoodlivigno.com/fr,fr,home,general,Francesco (Ironwood Livigno),property-facts.json,2026-10-02,2027-01-15,https://ironwoodlivigno.com/it,pending
https://ironwoodlivigno.com/da,da,home,general,Francesco (Ironwood Livigno),property-facts.json,2026-10-02,2027-01-15,https://ironwoodlivigno.com/it,pending
https://ironwoodlivigno.com/pl,pl,home,general,Francesco (Ironwood Livigno),property-facts.json,2026-10-02,2027-01-15,https://ironwoodlivigno.com/it,pending
https://ironwoodlivigno.com/cs,cs,home,general,Francesco (Ironwood Livigno),property-facts.json,2026-10-02,2027-01-15,https://ironwoodlivigno.com/it,pending
https://ironwoodlivigno.com/no,no,home,general,Francesco (Ironwood Livigno),property-facts.json,2026-10-02,2027-01-15,https://ironwoodlivigno.com/it,pending
https://ironwoodlivigno.com/nl,nl,home,general,Francesco (Ironwood Livigno),property-facts.json,2026-10-02,2027-01-15,https://ironwoodlivigno.com/it,pending
https://ironwoodlivigno.com/zh,zh,home,general,Francesco (Ironwood Livigno),property-facts.json,2026-10-02,2027-01-15,https://ironwoodlivigno.com/it,pending
https://ironwoodlivigno.com/ja,ja,home,general,Francesco (Ironwood Livigno),property-facts.json,2026-10-02,2027-01-15,https://ironwoodlivigno.com/it,pending
https://ironwoodlivigno.com/en-us,en-us,home,general,Francesco (Ironwood Livigno),property-facts.json,2026-10-02,2027-01-15,https://ironwoodlivigno.com/it,done (2026-10-01)
https://ironwoodlivigno.com/it/contatti,it,contact,general,Francesco (Ironwood Livigno),property-facts.json,2026-10-02,2027-01-15,(original),n/a
https://ironwoodlivigno.com/en/contact,en,contact,general,Francesco (Ironwood Livigno),property-facts.json,2026-10-02,2027-01-15,https://ironwoodlivigno.com/it/contatti,done (2026-10-01)
https://ironwoodlivigno.com/de/kontakt,de,contact,general,Francesco (Ironwood Livigno),property-facts.json,2026-10-02,2027-01-15,https://ironwoodlivigno.com/it/contatti,"partial (Sie form, 2026-10-01)"
https://ironwoodlivigno.com/fr/contact,fr,contact,general,Francesco (Ironwood Livigno),property-facts.json,2026-10-02,2027-01-15,https://ironwoodlivigno.com/it/contatti,pending
https://ironwoodlivigno.com/da/kontakt,da,contact,general,Francesco (Ironwood Livigno),property-facts.json,2026-10-02,2027-01-15,https://ironwoodlivigno.com/it/contatti,pending
https://ironwoodlivigno.com/pl/kontakt,pl,contact,general,Francesco (Ironwood Livigno),property-facts.json,2026-10-02,2027-01-15,https://ironwoodlivigno.com/it/contatti,pending
https://ironwoodlivigno.com/cs/kontakt,cs,contact,general,Francesco (Ironwood Livigno),property-facts.json,2026-10-02,2027-01-15,https://ironwoodlivigno.com/it/contatti,pending
https://ironwoodlivigno.com/no/kontakt,no,contact,general,Francesco (Ironwood Livigno),property-facts.json,2026-10-02,2027-01-15,https://ironwoodlivigno.com/it/contatti,pending
https://ironwoodlivigno.com/nl/contact,nl,contact,general,Francesco (Ironwood Livigno),property-facts.json,2026-10-02,2027-01-15,https://ironwoodlivigno.com/it/contatti,pending
https://ironwoodlivigno.com/zh/contact,zh,contact,general,Francesco (Ironwood Livigno),property-facts.json,2026-10-02,2027-01-15,https://ironwoodlivigno.com/it/contatti,pending
https://ironwoodlivigno.com/ja/contact,ja,contact,general,Francesco (Ironwood Livigno),property-facts.json,2026-10-02,2027-01-15,https://ironwoodlivigno.com/it/contatti,pending
https://ironwoodlivigno.com/en-us/contact,en-us,contact,general,Francesco (Ironwood Livigno),property-facts.json,2026-10-02,2027-01-15,https://ironwoodlivigno.com/it/contatti,done (2026-10-01)
https://ironwoodlivigno.com/blog,it,blog-index,general,Francesco (Ironwood Livigno),local first-hand knowledge + property-facts.json for any apartment fact,2026-09-11,2027-01-15,(original),n/a
https://ironwoodlivigno.com/blog/en,en,blog-index,general,Francesco (Ironwood Livigno),local first-hand knowledge + property-facts.json for any apartment fact,2026-09-11,2027-01-15,https://ironwoodlivigno.com/blog,done (2026-10-01)
https://ironwoodlivigno.com/blog/de,de,blog-index,general,Francesco (Ironwood Livigno),local first-hand knowledge + property-facts.json for any apartment fact,2026-09-11,2027-01-15,https://ironwoodlivigno.com/blog,"partial (Sie form, 2026-10-01)"
https://ironwoodlivigno.com/blog/pl,pl,blog-index,general,Francesco (Ironwood Livigno),local first-hand knowledge + property-facts.json for any apartment fact,2026-09-11,2027-01-15,https://ironwoodlivigno.com/blog,pending
https://ironwoodlivigno.com/blog/nl,nl,blog-index,general,Francesco (Ironwood Livigno),local first-hand knowledge + property-facts.json for any apartment fact,2026-09-11,2027-01-15,https://ironwoodlivigno.com/blog,pending
https://ironwoodlivigno.com/blog/cs,cs,blog-index,general,Francesco (Ironwood Livigno),local first-hand knowledge + property-facts.json for any apartment fact,2026-09-11,2027-01-15,https://ironwoodlivigno.com/blog,pending
https://ironwoodlivigno.com/blog/fr,fr,blog-index,general,Francesco (Ironwood Livigno),local first-hand knowledge + property-facts.json for any apartment fact,2026-09-11,2027-01-15,https://ironwoodlivigno.com/blog,pending
https://ironwoodlivigno.com/blog/da,da,blog-index,general,Francesco (Ironwood Livigno),local first-hand knowledge + property-facts.json for any apartment fact,2026-09-11,2027-01-15,https://ironwoodlivigno.com/blog,pending
https://ironwoodlivigno.com/blog/no,no,blog-index,general,Francesco (Ironwood Livigno),local first-hand knowledge + property-facts.json for any apartment fact,2026-09-11,2027-01-15,https://ironwoodlivigno.com/blog,pending
https://ironwoodlivigno.com/blog/zh,zh,blog-index,general,Francesco (Ironwood Livigno),local first-hand knowledge + property-facts.json for any apartment fact,2026-09-11,2027-01-15,https://ironwoodlivigno.com/blog,pending
https://ironwoodlivigno.com/blog/ja,ja,blog-index,general,Francesco (Ironwood Livigno),local first-hand knowledge + property-facts.json for any apartment fact,2026-09-11,2027-01-15,https://ironwoodlivigno.com/blog,pending
https://ironwoodlivigno.com/blog/come-arrivare-a-livigno,it,article,travel,Francesco (Ironwood Livigno),local first-hand knowledge + property-facts.json for any apartment fact,2026-08-03,2027-03-01,(original),n/a
https://ironwoodlivigno.com/blog/come-arrivare-a-livigno/en,en,article,travel,Francesco (Ironwood Livigno),local first-hand knowledge + property-facts.json for any apartment fact,2026-08-03,2027-03-01,https://ironwoodlivigno.com/blog/come-arrivare-a-livigno,done (2026-10-01)
https://ironwoodlivigno.com/blog/come-arrivare-a-livigno/de,de,article,travel,Francesco (Ironwood Livigno),local first-hand knowledge + property-facts.json for any apartment fact,2026-08-03,2027-03-01,https://ironwoodlivigno.com/blog/come-arrivare-a-livigno,"partial (Sie form, 2026-10-01)"
https://ironwoodlivigno.com/blog/come-arrivare-a-livigno/pl,pl,article,travel,Francesco (Ironwood Livigno),local first-hand knowledge + property-facts.json for any apartment fact,2026-08-03,2027-03-01,https://ironwoodlivigno.com/blog/come-arrivare-a-livigno,pending
https://ironwoodlivigno.com/blog/come-arrivare-a-livigno/nl,nl,article,travel,Francesco (Ironwood Livigno),local first-hand knowledge + property-facts.json for any apartment fact,2026-08-03,2027-03-01,https://ironwoodlivigno.com/blog/come-arrivare-a-livigno,pending
https://ironwoodlivigno.com/blog/come-arrivare-a-livigno/cs,cs,article,travel,Francesco (Ironwood Livigno),local first-hand knowledge + property-facts.json for any apartment fact,2026-08-03,2027-03-01,https://ironwoodlivigno.com/blog/come-arrivare-a-livigno,pending
https://ironwoodlivigno.com/blog/come-arrivare-a-livigno/fr,fr,article,travel,Francesco (Ironwood Livigno),local first-hand knowledge + property-facts.json for any apartment fact,2026-08-03,2027-03-01,https://ironwoodlivigno.com/blog/come-arrivare-a-livigno,pending
https://ironwoodlivigno.com/blog/come-arrivare-a-livigno/da,da,article,travel,Francesco (Ironwood Livigno),local first-hand knowledge + property-facts.json for any apartment fact,2026-08-03,2027-03-01,https://ironwoodlivigno.com/blog/come-arrivare-a-livigno,pending
https://ironwoodlivigno.com/blog/come-arrivare-a-livigno/no,no,article,travel,Francesco (Ironwood Livigno),local first-hand knowledge + property-facts.json for any apartment fact,2026-08-03,2027-03-01,https://ironwoodlivigno.com/blog/come-arrivare-a-livigno,pending
https://ironwoodlivigno.com/blog/come-arrivare-a-livigno/zh,zh,article,travel,Francesco (Ironwood Livigno),local first-hand knowledge + property-facts.json for any apartment fact,2026-08-03,2027-03-01,https://ironwoodlivigno.com/blog/come-arrivare-a-livigno,pending
https://ironwoodlivigno.com/blog/come-arrivare-a-livigno/ja,ja,article,travel,Francesco (Ironwood Livigno),local first-hand knowledge + property-facts.json for any apartment fact,2026-08-03,2027-03-01,https://ironwoodlivigno.com/blog/come-arrivare-a-livigno,pending
https://ironwoodlivigno.com/blog/sci-a-livigno-guida-carosello-3000,it,article,winter,Francesco (Ironwood Livigno),local first-hand knowledge + property-facts.json for any apartment fact,2026-09-01,2026-11-15,(original),n/a
https://ironwoodlivigno.com/blog/sci-a-livigno-guida-carosello-3000/en,en,article,winter,Francesco (Ironwood Livigno),local first-hand knowledge + property-facts.json for any apartment fact,2026-08-03,2026-11-15,https://ironwoodlivigno.com/blog/sci-a-livigno-guida-carosello-3000,done (2026-10-01)
https://ironwoodlivigno.com/blog/sci-a-livigno-guida-carosello-3000/de,de,article,winter,Francesco (Ironwood Livigno),local first-hand knowledge + property-facts.json for any apartment fact,2026-08-03,2026-11-15,https://ironwoodlivigno.com/blog/sci-a-livigno-guida-carosello-3000,"partial (Sie form, 2026-10-01)"
https://ironwoodlivigno.com/blog/sci-a-livigno-guida-carosello-3000/pl,pl,article,winter,Francesco (Ironwood Livigno),local first-hand knowledge + property-facts.json for any apartment fact,2026-08-03,2026-11-15,https://ironwoodlivigno.com/blog/sci-a-livigno-guida-carosello-3000,pending
https://ironwoodlivigno.com/blog/sci-a-livigno-guida-carosello-3000/nl,nl,article,winter,Francesco (Ironwood Livigno),local first-hand knowledge + property-facts.json for any apartment fact,2026-08-03,2026-11-15,https://ironwoodlivigno.com/blog/sci-a-livigno-guida-carosello-3000,pending
https://ironwoodlivigno.com/blog/sci-a-livigno-guida-carosello-3000/cs,cs,article,winter,Francesco (Ironwood Livigno),local first-hand knowledge + property-facts.json for any apartment fact,2026-08-03,2026-11-15,https://ironwoodlivigno.com/blog/sci-a-livigno-guida-carosello-3000,pending
https://ironwoodlivigno.com/blog/sci-a-livigno-guida-carosello-3000/fr,fr,article,winter,Francesco (Ironwood Livigno),local first-hand knowledge + property-facts.json for any apartment fact,2026-08-03,2026-11-15,https://ironwoodlivigno.com/blog/sci-a-livigno-guida-carosello-3000,pending
https://ironwoodlivigno.com/blog/sci-a-livigno-guida-carosello-3000/da,da,article,winter,Francesco (Ironwood Livigno),local first-hand knowledge + property-facts.json for any apartment fact,2026-08-03,2026-11-15,https://ironwoodlivigno.com/blog/sci-a-livigno-guida-carosello-3000,pending
https://ironwoodlivigno.com/blog/sci-a-livigno-guida-carosello-3000/no,no,article,winter,Francesco (Ironwood Livigno),local first-hand knowledge + property-facts.json for any apartment fact,2026-08-03,2026-11-15,https://ironwoodlivigno.com/blog/sci-a-livigno-guida-carosello-3000,pending
https://ironwoodlivigno.com/blog/sci-a-livigno-guida-carosello-3000/zh,zh,article,winter,Francesco (Ironwood Livigno),local first-hand knowledge + property-facts.json for any apartment fact,2026-08-03,2026-11-15,https://ironwoodlivigno.com/blog/sci-a-livigno-guida-carosello-3000,pending
https://ironwoodlivigno.com/blog/sci-a-livigno-guida-carosello-3000/ja,ja,article,winter,Francesco (Ironwood Livigno),local first-hand knowledge + property-facts.json for any apartment fact,2026-08-03,2026-11-15,https://ironwoodlivigno.com/blog/sci-a-livigno-guida-carosello-3000,pending
https://ironwoodlivigno.com/blog/livigno-estate-mountain-bike-trekking-lago,it,article,summer,Francesco (Ironwood Livigno),local first-hand knowledge + property-facts.json for any apartment fact,2026-08-03,2027-05-01,(original),n/a
https://ironwoodlivigno.com/blog/livigno-estate-mountain-bike-trekking-lago/en,en,article,summer,Francesco (Ironwood Livigno),local first-hand knowledge + property-facts.json for any apartment fact,2026-08-03,2027-05-01,https://ironwoodlivigno.com/blog/livigno-estate-mountain-bike-trekking-lago,done (2026-10-01)
https://ironwoodlivigno.com/blog/livigno-estate-mountain-bike-trekking-lago/de,de,article,summer,Francesco (Ironwood Livigno),local first-hand knowledge + property-facts.json for any apartment fact,2026-08-03,2027-05-01,https://ironwoodlivigno.com/blog/livigno-estate-mountain-bike-trekking-lago,"partial (Sie form, 2026-10-01)"
https://ironwoodlivigno.com/blog/livigno-estate-mountain-bike-trekking-lago/pl,pl,article,summer,Francesco (Ironwood Livigno),local first-hand knowledge + property-facts.json for any apartment fact,2026-08-03,2027-05-01,https://ironwoodlivigno.com/blog/livigno-estate-mountain-bike-trekking-lago,pending
https://ironwoodlivigno.com/blog/livigno-estate-mountain-bike-trekking-lago/nl,nl,article,summer,Francesco (Ironwood Livigno),local first-hand knowledge + property-facts.json for any apartment fact,2026-08-03,2027-05-01,https://ironwoodlivigno.com/blog/livigno-estate-mountain-bike-trekking-lago,pending
https://ironwoodlivigno.com/blog/livigno-estate-mountain-bike-trekking-lago/cs,cs,article,summer,Francesco (Ironwood Livigno),local first-hand knowledge + property-facts.json for any apartment fact,2026-08-03,2027-05-01,https://ironwoodlivigno.com/blog/livigno-estate-mountain-bike-trekking-lago,pending
https://ironwoodlivigno.com/blog/livigno-estate-mountain-bike-trekking-lago/fr,fr,article,summer,Francesco (Ironwood Livigno),local first-hand knowledge + property-facts.json for any apartment fact,2026-08-03,2027-05-01,https://ironwoodlivigno.com/blog/livigno-estate-mountain-bike-trekking-lago,pending
https://ironwoodlivigno.com/blog/livigno-estate-mountain-bike-trekking-lago/da,da,article,summer,Francesco (Ironwood Livigno),local first-hand knowledge + property-facts.json for any apartment fact,2026-08-03,2027-05-01,https://ironwoodlivigno.com/blog/livigno-estate-mountain-bike-trekking-lago,pending
https://ironwoodlivigno.com/blog/livigno-estate-mountain-bike-trekking-lago/no,no,article,summer,Francesco (Ironwood Livigno),local first-hand knowledge + property-facts.json for any apartment fact,2026-08-03,2027-05-01,https://ironwoodlivigno.com/blog/livigno-estate-mountain-bike-trekking-lago,pending
https://ironwoodlivigno.com/blog/livigno-estate-mountain-bike-trekking-lago/zh,zh,article,summer,Francesco (Ironwood Livigno),local first-hand knowledge + property-facts.json for any apartment fact,2026-08-03,2027-05-01,https://ironwoodlivigno.com/blog/livigno-estate-mountain-bike-trekking-lago,pending
https://ironwoodlivigno.com/blog/livigno-estate-mountain-bike-trekking-lago/ja,ja,article,summer,Francesco (Ironwood Livigno),local first-hand knowledge + property-facts.json for any apartment fact,2026-08-03,2027-05-01,https://ironwoodlivigno.com/blog/livigno-estate-mountain-bike-trekking-lago,pending
https://ironwoodlivigno.com/blog/cosa-mangiare-a-livigno-piatti-tipici,it,article,food-shopping,Francesco (Ironwood Livigno),local first-hand knowledge + property-facts.json for any apartment fact,2026-08-03,2027-03-01,(original),n/a
https://ironwoodlivigno.com/blog/cosa-mangiare-a-livigno-piatti-tipici/en,en,article,food-shopping,Francesco (Ironwood Livigno),local first-hand knowledge + property-facts.json for any apartment fact,2026-08-03,2027-03-01,https://ironwoodlivigno.com/blog/cosa-mangiare-a-livigno-piatti-tipici,done (2026-10-01)
https://ironwoodlivigno.com/blog/cosa-mangiare-a-livigno-piatti-tipici/de,de,article,food-shopping,Francesco (Ironwood Livigno),local first-hand knowledge + property-facts.json for any apartment fact,2026-08-03,2027-03-01,https://ironwoodlivigno.com/blog/cosa-mangiare-a-livigno-piatti-tipici,"partial (Sie form, 2026-10-01)"
https://ironwoodlivigno.com/blog/cosa-mangiare-a-livigno-piatti-tipici/pl,pl,article,food-shopping,Francesco (Ironwood Livigno),local first-hand knowledge + property-facts.json for any apartment fact,2026-08-03,2027-03-01,https://ironwoodlivigno.com/blog/cosa-mangiare-a-livigno-piatti-tipici,pending
https://ironwoodlivigno.com/blog/cosa-mangiare-a-livigno-piatti-tipici/nl,nl,article,food-shopping,Francesco (Ironwood Livigno),local first-hand knowledge + property-facts.json for any apartment fact,2026-08-03,2027-03-01,https://ironwoodlivigno.com/blog/cosa-mangiare-a-livigno-piatti-tipici,pending
https://ironwoodlivigno.com/blog/cosa-mangiare-a-livigno-piatti-tipici/cs,cs,article,food-shopping,Francesco (Ironwood Livigno),local first-hand knowledge + property-facts.json for any apartment fact,2026-08-03,2027-03-01,https://ironwoodlivigno.com/blog/cosa-mangiare-a-livigno-piatti-tipici,pending
https://ironwoodlivigno.com/blog/cosa-mangiare-a-livigno-piatti-tipici/fr,fr,article,food-shopping,Francesco (Ironwood Livigno),local first-hand knowledge + property-facts.json for any apartment fact,2026-08-03,2027-03-01,https://ironwoodlivigno.com/blog/cosa-mangiare-a-livigno-piatti-tipici,pending
https://ironwoodlivigno.com/blog/cosa-mangiare-a-livigno-piatti-tipici/da,da,article,food-shopping,Francesco (Ironwood Livigno),local first-hand knowledge + property-facts.json for any apartment fact,2026-08-03,2027-03-01,https://ironwoodlivigno.com/blog/cosa-mangiare-a-livigno-piatti-tipici,pending
https://ironwoodlivigno.com/blog/cosa-mangiare-a-livigno-piatti-tipici/no,no,article,food-shopping,Francesco (Ironwood Livigno),local first-hand knowledge + property-facts.json for any apartment fact,2026-08-03,2027-03-01,https://ironwoodlivigno.com/blog/cosa-mangiare-a-livigno-piatti-tipici,pending
https://ironwoodlivigno.com/blog/cosa-mangiare-a-livigno-piatti-tipici/zh,zh,article,food-shopping,Francesco (Ironwood Livigno),local first-hand knowledge + property-facts.json for any apartment fact,2026-08-03,2027-03-01,https://ironwoodlivigno.com/blog/cosa-mangiare-a-livigno-piatti-tipici,pending
https://ironwoodlivigno.com/blog/cosa-mangiare-a-livigno-piatti-tipici/ja,ja,article,food-shopping,Francesco (Ironwood Livigno),local first-hand knowledge + property-facts.json for any apartment fact,2026-08-03,2027-03-01,https://ironwoodlivigno.com/blog/cosa-mangiare-a-livigno-piatti-tipici,pending
https://ironwoodlivigno.com/blog/shopping-duty-free-livigno-cosa-comprare,it,article,food-shopping,Francesco (Ironwood Livigno),local first-hand knowledge + property-facts.json for any apartment fact,2026-08-03,2027-03-01,(original),n/a
https://ironwoodlivigno.com/blog/shopping-duty-free-livigno-cosa-comprare/en,en,article,food-shopping,Francesco (Ironwood Livigno),local first-hand knowledge + property-facts.json for any apartment fact,2026-08-03,2027-03-01,https://ironwoodlivigno.com/blog/shopping-duty-free-livigno-cosa-comprare,done (2026-10-01)
https://ironwoodlivigno.com/blog/shopping-duty-free-livigno-cosa-comprare/de,de,article,food-shopping,Francesco (Ironwood Livigno),local first-hand knowledge + property-facts.json for any apartment fact,2026-08-03,2027-03-01,https://ironwoodlivigno.com/blog/shopping-duty-free-livigno-cosa-comprare,"partial (Sie form, 2026-10-01)"
https://ironwoodlivigno.com/blog/shopping-duty-free-livigno-cosa-comprare/pl,pl,article,food-shopping,Francesco (Ironwood Livigno),local first-hand knowledge + property-facts.json for any apartment fact,2026-08-03,2027-03-01,https://ironwoodlivigno.com/blog/shopping-duty-free-livigno-cosa-comprare,pending
https://ironwoodlivigno.com/blog/shopping-duty-free-livigno-cosa-comprare/nl,nl,article,food-shopping,Francesco (Ironwood Livigno),local first-hand knowledge + property-facts.json for any apartment fact,2026-08-03,2027-03-01,https://ironwoodlivigno.com/blog/shopping-duty-free-livigno-cosa-comprare,pending
https://ironwoodlivigno.com/blog/shopping-duty-free-livigno-cosa-comprare/cs,cs,article,food-shopping,Francesco (Ironwood Livigno),local first-hand knowledge + property-facts.json for any apartment fact,2026-08-03,2027-03-01,https://ironwoodlivigno.com/blog/shopping-duty-free-livigno-cosa-comprare,pending
https://ironwoodlivigno.com/blog/shopping-duty-free-livigno-cosa-comprare/fr,fr,article,food-shopping,Francesco (Ironwood Livigno),local first-hand knowledge + property-facts.json for any apartment fact,2026-08-03,2027-03-01,https://ironwoodlivigno.com/blog/shopping-duty-free-livigno-cosa-comprare,pending
https://ironwoodlivigno.com/blog/shopping-duty-free-livigno-cosa-comprare/da,da,article,food-shopping,Francesco (Ironwood Livigno),local first-hand knowledge + property-facts.json for any apartment fact,2026-08-03,2027-03-01,https://ironwoodlivigno.com/blog/shopping-duty-free-livigno-cosa-comprare,pending
https://ironwoodlivigno.com/blog/shopping-duty-free-livigno-cosa-comprare/no,no,article,food-shopping,Francesco (Ironwood Livigno),local first-hand knowledge + property-facts.json for any apartment fact,2026-08-03,2027-03-01,https://ironwoodlivigno.com/blog/shopping-duty-free-livigno-cosa-comprare,pending
https://ironwoodlivigno.com/blog/shopping-duty-free-livigno-cosa-comprare/zh,zh,article,food-shopping,Francesco (Ironwood Livigno),local first-hand knowledge + property-facts.json for any apartment fact,2026-08-03,2027-03-01,https://ironwoodlivigno.com/blog/shopping-duty-free-livigno-cosa-comprare,pending
https://ironwoodlivigno.com/blog/shopping-duty-free-livigno-cosa-comprare/ja,ja,article,food-shopping,Francesco (Ironwood Livigno),local first-hand knowledge + property-facts.json for any apartment fact,2026-08-03,2027-03-01,https://ironwoodlivigno.com/blog/shopping-duty-free-livigno-cosa-comprare,pending
https://ironwoodlivigno.com/blog/livigno-con-bambini-attivita-famiglia,it,article,apartment,Francesco (Ironwood Livigno),local first-hand knowledge + property-facts.json for any apartment fact,2026-08-03,2027-01-15,(original),n/a
https://ironwoodlivigno.com/blog/livigno-con-bambini-attivita-famiglia/en,en,article,apartment,Francesco (Ironwood Livigno),local first-hand knowledge + property-facts.json for any apartment fact,2026-08-03,2027-01-15,https://ironwoodlivigno.com/blog/livigno-con-bambini-attivita-famiglia,done (2026-10-01)
https://ironwoodlivigno.com/blog/livigno-con-bambini-attivita-famiglia/de,de,article,apartment,Francesco (Ironwood Livigno),local first-hand knowledge + property-facts.json for any apartment fact,2026-08-03,2027-01-15,https://ironwoodlivigno.com/blog/livigno-con-bambini-attivita-famiglia,"partial (Sie form, 2026-10-01)"
https://ironwoodlivigno.com/blog/livigno-con-bambini-attivita-famiglia/pl,pl,article,apartment,Francesco (Ironwood Livigno),local first-hand knowledge + property-facts.json for any apartment fact,2026-08-03,2027-01-15,https://ironwoodlivigno.com/blog/livigno-con-bambini-attivita-famiglia,pending
https://ironwoodlivigno.com/blog/livigno-con-bambini-attivita-famiglia/nl,nl,article,apartment,Francesco (Ironwood Livigno),local first-hand knowledge + property-facts.json for any apartment fact,2026-08-03,2027-01-15,https://ironwoodlivigno.com/blog/livigno-con-bambini-attivita-famiglia,pending
https://ironwoodlivigno.com/blog/livigno-con-bambini-attivita-famiglia/cs,cs,article,apartment,Francesco (Ironwood Livigno),local first-hand knowledge + property-facts.json for any apartment fact,2026-08-03,2027-01-15,https://ironwoodlivigno.com/blog/livigno-con-bambini-attivita-famiglia,pending
https://ironwoodlivigno.com/blog/livigno-con-bambini-attivita-famiglia/fr,fr,article,apartment,Francesco (Ironwood Livigno),local first-hand knowledge + property-facts.json for any apartment fact,2026-08-03,2027-01-15,https://ironwoodlivigno.com/blog/livigno-con-bambini-attivita-famiglia,pending
https://ironwoodlivigno.com/blog/livigno-con-bambini-attivita-famiglia/da,da,article,apartment,Francesco (Ironwood Livigno),local first-hand knowledge + property-facts.json for any apartment fact,2026-08-03,2027-01-15,https://ironwoodlivigno.com/blog/livigno-con-bambini-attivita-famiglia,pending
https://ironwoodlivigno.com/blog/livigno-con-bambini-attivita-famiglia/no,no,article,apartment,Francesco (Ironwood Livigno),local first-hand knowledge + property-facts.json for any apartment fact,2026-08-03,2027-01-15,https://ironwoodlivigno.com/blog/livigno-con-bambini-attivita-famiglia,pending
https://ironwoodlivigno.com/blog/livigno-con-bambini-attivita-famiglia/zh,zh,article,apartment,Francesco (Ironwood Livigno),local first-hand knowledge + property-facts.json for any apartment fact,2026-08-03,2027-01-15,https://ironwoodlivigno.com/blog/livigno-con-bambini-attivita-famiglia,pending
https://ironwoodlivigno.com/blog/livigno-con-bambini-attivita-famiglia/ja,ja,article,apartment,Francesco (Ironwood Livigno),local first-hand knowledge + property-facts.json for any apartment fact,2026-08-03,2027-01-15,https://ironwoodlivigno.com/blog/livigno-con-bambini-attivita-famiglia,pending
https://ironwoodlivigno.com/blog/livigno-estate-10-esperienze-imperdibili,it,article,summer,Francesco (Ironwood Livigno),local first-hand knowledge + property-facts.json for any apartment fact,2026-08-06,2027-05-01,(original),n/a
https://ironwoodlivigno.com/blog/livigno-estate-10-esperienze-imperdibili/en,en,article,summer,Francesco (Ironwood Livigno),local first-hand knowledge + property-facts.json for any apartment fact,2026-08-06,2027-05-01,https://ironwoodlivigno.com/blog/livigno-estate-10-esperienze-imperdibili,done (2026-10-01)
https://ironwoodlivigno.com/blog/livigno-estate-10-esperienze-imperdibili/de,de,article,summer,Francesco (Ironwood Livigno),local first-hand knowledge + property-facts.json for any apartment fact,2026-08-06,2027-05-01,https://ironwoodlivigno.com/blog/livigno-estate-10-esperienze-imperdibili,"partial (Sie form, 2026-10-01)"
https://ironwoodlivigno.com/blog/livigno-estate-10-esperienze-imperdibili/pl,pl,article,summer,Francesco (Ironwood Livigno),local first-hand knowledge + property-facts.json for any apartment fact,2026-08-06,2027-05-01,https://ironwoodlivigno.com/blog/livigno-estate-10-esperienze-imperdibili,pending
https://ironwoodlivigno.com/blog/livigno-estate-10-esperienze-imperdibili/nl,nl,article,summer,Francesco (Ironwood Livigno),local first-hand knowledge + property-facts.json for any apartment fact,2026-08-06,2027-05-01,https://ironwoodlivigno.com/blog/livigno-estate-10-esperienze-imperdibili,pending
https://ironwoodlivigno.com/blog/livigno-estate-10-esperienze-imperdibili/cs,cs,article,summer,Francesco (Ironwood Livigno),local first-hand knowledge + property-facts.json for any apartment fact,2026-08-06,2027-05-01,https://ironwoodlivigno.com/blog/livigno-estate-10-esperienze-imperdibili,pending
https://ironwoodlivigno.com/blog/livigno-estate-10-esperienze-imperdibili/fr,fr,article,summer,Francesco (Ironwood Livigno),local first-hand knowledge + property-facts.json for any apartment fact,2026-08-06,2027-05-01,https://ironwoodlivigno.com/blog/livigno-estate-10-esperienze-imperdibili,pending
https://ironwoodlivigno.com/blog/livigno-estate-10-esperienze-imperdibili/da,da,article,summer,Francesco (Ironwood Livigno),local first-hand knowledge + property-facts.json for any apartment fact,2026-08-06,2027-05-01,https://ironwoodlivigno.com/blog/livigno-estate-10-esperienze-imperdibili,pending
https://ironwoodlivigno.com/blog/livigno-estate-10-esperienze-imperdibili/no,no,article,summer,Francesco (Ironwood Livigno),local first-hand knowledge + property-facts.json for any apartment fact,2026-08-06,2027-05-01,https://ironwoodlivigno.com/blog/livigno-estate-10-esperienze-imperdibili,pending
https://ironwoodlivigno.com/blog/livigno-estate-10-esperienze-imperdibili/zh,zh,article,summer,Francesco (Ironwood Livigno),local first-hand knowledge + property-facts.json for any apartment fact,2026-08-06,2027-05-01,https://ironwoodlivigno.com/blog/livigno-estate-10-esperienze-imperdibili,pending
https://ironwoodlivigno.com/blog/livigno-estate-10-esperienze-imperdibili/ja,ja,article,summer,Francesco (Ironwood Livigno),local first-hand knowledge + property-facts.json for any apartment fact,2026-08-06,2027-05-01,https://ironwoodlivigno.com/blog/livigno-estate-10-esperienze-imperdibili,pending
https://ironwoodlivigno.com/blog/migliori-piste-sci-livigno-famiglie,it,article,winter,Francesco (Ironwood Livigno),local first-hand knowledge + property-facts.json for any apartment fact,2026-08-06,2026-11-15,(original),n/a
https://ironwoodlivigno.com/blog/migliori-piste-sci-livigno-famiglie/en,en,article,winter,Francesco (Ironwood Livigno),local first-hand knowledge + property-facts.json for any apartment fact,2026-08-06,2026-11-15,https://ironwoodlivigno.com/blog/migliori-piste-sci-livigno-famiglie,done (2026-10-01)
https://ironwoodlivigno.com/blog/migliori-piste-sci-livigno-famiglie/de,de,article,winter,Francesco (Ironwood Livigno),local first-hand knowledge + property-facts.json for any apartment fact,2026-08-06,2026-11-15,https://ironwoodlivigno.com/blog/migliori-piste-sci-livigno-famiglie,"partial (Sie form, 2026-10-01)"
https://ironwoodlivigno.com/blog/migliori-piste-sci-livigno-famiglie/pl,pl,article,winter,Francesco (Ironwood Livigno),local first-hand knowledge + property-facts.json for any apartment fact,2026-08-06,2026-11-15,https://ironwoodlivigno.com/blog/migliori-piste-sci-livigno-famiglie,pending
https://ironwoodlivigno.com/blog/migliori-piste-sci-livigno-famiglie/nl,nl,article,winter,Francesco (Ironwood Livigno),local first-hand knowledge + property-facts.json for any apartment fact,2026-08-06,2026-11-15,https://ironwoodlivigno.com/blog/migliori-piste-sci-livigno-famiglie,pending
https://ironwoodlivigno.com/blog/migliori-piste-sci-livigno-famiglie/cs,cs,article,winter,Francesco (Ironwood Livigno),local first-hand knowledge + property-facts.json for any apartment fact,2026-08-06,2026-11-15,https://ironwoodlivigno.com/blog/migliori-piste-sci-livigno-famiglie,pending
https://ironwoodlivigno.com/blog/migliori-piste-sci-livigno-famiglie/fr,fr,article,winter,Francesco (Ironwood Livigno),local first-hand knowledge + property-facts.json for any apartment fact,2026-08-06,2026-11-15,https://ironwoodlivigno.com/blog/migliori-piste-sci-livigno-famiglie,pending
https://ironwoodlivigno.com/blog/migliori-piste-sci-livigno-famiglie/da,da,article,winter,Francesco (Ironwood Livigno),local first-hand knowledge + property-facts.json for any apartment fact,2026-08-06,2026-11-15,https://ironwoodlivigno.com/blog/migliori-piste-sci-livigno-famiglie,pending
https://ironwoodlivigno.com/blog/migliori-piste-sci-livigno-famiglie/no,no,article,winter,Francesco (Ironwood Livigno),local first-hand knowledge + property-facts.json for any apartment fact,2026-08-06,2026-11-15,https://ironwoodlivigno.com/blog/migliori-piste-sci-livigno-famiglie,pending
https://ironwoodlivigno.com/blog/migliori-piste-sci-livigno-famiglie/zh,zh,article,winter,Francesco (Ironwood Livigno),local first-hand knowledge + property-facts.json for any apartment fact,2026-08-06,2026-11-15,https://ironwoodlivigno.com/blog/migliori-piste-sci-livigno-famiglie,pending
https://ironwoodlivigno.com/blog/migliori-piste-sci-livigno-famiglie/ja,ja,article,winter,Francesco (Ironwood Livigno),local first-hand knowledge + property-facts.json for any apartment fact,2026-08-06,2026-11-15,https://ironwoodlivigno.com/blog/migliori-piste-sci-livigno-famiglie,pending
https://ironwoodlivigno.com/blog/sauna-privata-vs-condivisa-livigno,it,article,apartment,Francesco (Ironwood Livigno),local first-hand knowledge + property-facts.json for any apartment fact,2026-08-06,2027-01-15,(original),n/a
https://ironwoodlivigno.com/blog/sauna-privata-vs-condivisa-livigno/en,en,article,apartment,Francesco (Ironwood Livigno),local first-hand knowledge + property-facts.json for any apartment fact,2026-08-06,2027-01-15,https://ironwoodlivigno.com/blog/sauna-privata-vs-condivisa-livigno,done (2026-10-01)
https://ironwoodlivigno.com/blog/sauna-privata-vs-condivisa-livigno/de,de,article,apartment,Francesco (Ironwood Livigno),local first-hand knowledge + property-facts.json for any apartment fact,2026-08-06,2027-01-15,https://ironwoodlivigno.com/blog/sauna-privata-vs-condivisa-livigno,"partial (Sie form, 2026-10-01)"
https://ironwoodlivigno.com/blog/sauna-privata-vs-condivisa-livigno/pl,pl,article,apartment,Francesco (Ironwood Livigno),local first-hand knowledge + property-facts.json for any apartment fact,2026-08-06,2027-01-15,https://ironwoodlivigno.com/blog/sauna-privata-vs-condivisa-livigno,pending
https://ironwoodlivigno.com/blog/sauna-privata-vs-condivisa-livigno/nl,nl,article,apartment,Francesco (Ironwood Livigno),local first-hand knowledge + property-facts.json for any apartment fact,2026-08-06,2027-01-15,https://ironwoodlivigno.com/blog/sauna-privata-vs-condivisa-livigno,pending
https://ironwoodlivigno.com/blog/sauna-privata-vs-condivisa-livigno/cs,cs,article,apartment,Francesco (Ironwood Livigno),local first-hand knowledge + property-facts.json for any apartment fact,2026-08-06,2027-01-15,https://ironwoodlivigno.com/blog/sauna-privata-vs-condivisa-livigno,pending
https://ironwoodlivigno.com/blog/sauna-privata-vs-condivisa-livigno/fr,fr,article,apartment,Francesco (Ironwood Livigno),local first-hand knowledge + property-facts.json for any apartment fact,2026-08-06,2027-01-15,https://ironwoodlivigno.com/blog/sauna-privata-vs-condivisa-livigno,pending
https://ironwoodlivigno.com/blog/sauna-privata-vs-condivisa-livigno/da,da,article,apartment,Francesco (Ironwood Livigno),local first-hand knowledge + property-facts.json for any apartment fact,2026-08-06,2027-01-15,https://ironwoodlivigno.com/blog/sauna-privata-vs-condivisa-livigno,pending
https://ironwoodlivigno.com/blog/sauna-privata-vs-condivisa-livigno/no,no,article,apartment,Francesco (Ironwood Livigno),local first-hand knowledge + property-facts.json for any apartment fact,2026-08-06,2027-01-15,https://ironwoodlivigno.com/blog/sauna-privata-vs-condivisa-livigno,pending
https://ironwoodlivigno.com/blog/sauna-privata-vs-condivisa-livigno/zh,zh,article,apartment,Francesco (Ironwood Livigno),local first-hand knowledge + property-facts.json for any apartment fact,2026-08-06,2027-01-15,https://ironwoodlivigno.com/blog/sauna-privata-vs-condivisa-livigno,pending
https://ironwoodlivigno.com/blog/sauna-privata-vs-condivisa-livigno/ja,ja,article,apartment,Francesco (Ironwood Livigno),local first-hand knowledge + property-facts.json for any apartment fact,2026-08-06,2027-01-15,https://ironwoodlivigno.com/blog/sauna-privata-vs-condivisa-livigno,pending
https://ironwoodlivigno.com/blog/quanto-costa-sciare-a-livigno-guida-prezzi,it,article,winter,Francesco (Ironwood Livigno),local first-hand knowledge + property-facts.json for any apartment fact,2026-08-06,2026-11-15,(original),n/a
https://ironwoodlivigno.com/blog/quanto-costa-sciare-a-livigno-guida-prezzi/en,en,article,winter,Francesco (Ironwood Livigno),local first-hand knowledge + property-facts.json for any apartment fact,2026-08-06,2026-11-15,https://ironwoodlivigno.com/blog/quanto-costa-sciare-a-livigno-guida-prezzi,done (2026-10-01)
https://ironwoodlivigno.com/blog/quanto-costa-sciare-a-livigno-guida-prezzi/de,de,article,winter,Francesco (Ironwood Livigno),local first-hand knowledge + property-facts.json for any apartment fact,2026-08-06,2026-11-15,https://ironwoodlivigno.com/blog/quanto-costa-sciare-a-livigno-guida-prezzi,"partial (Sie form, 2026-10-01)"
https://ironwoodlivigno.com/blog/quanto-costa-sciare-a-livigno-guida-prezzi/pl,pl,article,winter,Francesco (Ironwood Livigno),local first-hand knowledge + property-facts.json for any apartment fact,2026-08-06,2026-11-15,https://ironwoodlivigno.com/blog/quanto-costa-sciare-a-livigno-guida-prezzi,pending
https://ironwoodlivigno.com/blog/quanto-costa-sciare-a-livigno-guida-prezzi/nl,nl,article,winter,Francesco (Ironwood Livigno),local first-hand knowledge + property-facts.json for any apartment fact,2026-08-06,2026-11-15,https://ironwoodlivigno.com/blog/quanto-costa-sciare-a-livigno-guida-prezzi,pending
https://ironwoodlivigno.com/blog/quanto-costa-sciare-a-livigno-guida-prezzi/cs,cs,article,winter,Francesco (Ironwood Livigno),local first-hand knowledge + property-facts.json for any apartment fact,2026-08-06,2026-11-15,https://ironwoodlivigno.com/blog/quanto-costa-sciare-a-livigno-guida-prezzi,pending
https://ironwoodlivigno.com/blog/quanto-costa-sciare-a-livigno-guida-prezzi/fr,fr,article,winter,Francesco (Ironwood Livigno),local first-hand knowledge + property-facts.json for any apartment fact,2026-08-06,2026-11-15,https://ironwoodlivigno.com/blog/quanto-costa-sciare-a-livigno-guida-prezzi,pending
https://ironwoodlivigno.com/blog/quanto-costa-sciare-a-livigno-guida-prezzi/da,da,article,winter,Francesco (Ironwood Livigno),local first-hand knowledge + property-facts.json for any apartment fact,2026-08-06,2026-11-15,https://ironwoodlivigno.com/blog/quanto-costa-sciare-a-livigno-guida-prezzi,pending
https://ironwoodlivigno.com/blog/quanto-costa-sciare-a-livigno-guida-prezzi/no,no,article,winter,Francesco (Ironwood Livigno),local first-hand knowledge + property-facts.json for any apartment fact,2026-08-06,2026-11-15,https://ironwoodlivigno.com/blog/quanto-costa-sciare-a-livigno-guida-prezzi,pending
https://ironwoodlivigno.com/blog/quanto-costa-sciare-a-livigno-guida-prezzi/zh,zh,article,winter,Francesco (Ironwood Livigno),local first-hand knowledge + property-facts.json for any apartment fact,2026-08-06,2026-11-15,https://ironwoodlivigno.com/blog/quanto-costa-sciare-a-livigno-guida-prezzi,pending
https://ironwoodlivigno.com/blog/quanto-costa-sciare-a-livigno-guida-prezzi/ja,ja,article,winter,Francesco (Ironwood Livigno),local first-hand knowledge + property-facts.json for any apartment fact,2026-08-06,2026-11-15,https://ironwoodlivigno.com/blog/quanto-costa-sciare-a-livigno-guida-prezzi,pending
https://ironwoodlivigno.com/blog/natale-capodanno-a-livigno,it,article,winter,Francesco (Ironwood Livigno),local first-hand knowledge + property-facts.json for any apartment fact,2026-08-06,2026-11-15,(original),n/a
https://ironwoodlivigno.com/blog/natale-capodanno-a-livigno/en,en,article,winter,Francesco (Ironwood Livigno),local first-hand knowledge + property-facts.json for any apartment fact,2026-08-06,2026-11-15,https://ironwoodlivigno.com/blog/natale-capodanno-a-livigno,done (2026-10-01)
https://ironwoodlivigno.com/blog/natale-capodanno-a-livigno/de,de,article,winter,Francesco (Ironwood Livigno),local first-hand knowledge + property-facts.json for any apartment fact,2026-08-06,2026-11-15,https://ironwoodlivigno.com/blog/natale-capodanno-a-livigno,"partial (Sie form, 2026-10-01)"
https://ironwoodlivigno.com/blog/natale-capodanno-a-livigno/pl,pl,article,winter,Francesco (Ironwood Livigno),local first-hand knowledge + property-facts.json for any apartment fact,2026-08-06,2026-11-15,https://ironwoodlivigno.com/blog/natale-capodanno-a-livigno,pending
https://ironwoodlivigno.com/blog/natale-capodanno-a-livigno/nl,nl,article,winter,Francesco (Ironwood Livigno),local first-hand knowledge + property-facts.json for any apartment fact,2026-08-06,2026-11-15,https://ironwoodlivigno.com/blog/natale-capodanno-a-livigno,pending
https://ironwoodlivigno.com/blog/natale-capodanno-a-livigno/cs,cs,article,winter,Francesco (Ironwood Livigno),local first-hand knowledge + property-facts.json for any apartment fact,2026-08-06,2026-11-15,https://ironwoodlivigno.com/blog/natale-capodanno-a-livigno,pending
https://ironwoodlivigno.com/blog/natale-capodanno-a-livigno/fr,fr,article,winter,Francesco (Ironwood Livigno),local first-hand knowledge + property-facts.json for any apartment fact,2026-08-06,2026-11-15,https://ironwoodlivigno.com/blog/natale-capodanno-a-livigno,pending
https://ironwoodlivigno.com/blog/natale-capodanno-a-livigno/da,da,article,winter,Francesco (Ironwood Livigno),local first-hand knowledge + property-facts.json for any apartment fact,2026-08-06,2026-11-15,https://ironwoodlivigno.com/blog/natale-capodanno-a-livigno,pending
https://ironwoodlivigno.com/blog/natale-capodanno-a-livigno/no,no,article,winter,Francesco (Ironwood Livigno),local first-hand knowledge + property-facts.json for any apartment fact,2026-08-06,2026-11-15,https://ironwoodlivigno.com/blog/natale-capodanno-a-livigno,pending
https://ironwoodlivigno.com/blog/natale-capodanno-a-livigno/zh,zh,article,winter,Francesco (Ironwood Livigno),local first-hand knowledge + property-facts.json for any apartment fact,2026-08-06,2026-11-15,https://ironwoodlivigno.com/blog/natale-capodanno-a-livigno,pending
https://ironwoodlivigno.com/blog/natale-capodanno-a-livigno/ja,ja,article,winter,Francesco (Ironwood Livigno),local first-hand knowledge + property-facts.json for any apartment fact,2026-08-06,2026-11-15,https://ironwoodlivigno.com/blog/natale-capodanno-a-livigno,pending
https://ironwoodlivigno.com/blog/carosello-3000-vs-mottolino-quale-scegliere,it,article,winter,Francesco (Ironwood Livigno),local first-hand knowledge + property-facts.json for any apartment fact,2026-09-11,2026-11-15,(original),n/a
https://ironwoodlivigno.com/blog/carosello-3000-vs-mottolino-quale-scegliere/en,en,article,winter,Francesco (Ironwood Livigno),local first-hand knowledge + property-facts.json for any apartment fact,2026-09-11,2026-11-15,https://ironwoodlivigno.com/blog/carosello-3000-vs-mottolino-quale-scegliere,done (2026-10-01)
https://ironwoodlivigno.com/blog/carosello-3000-vs-mottolino-quale-scegliere/de,de,article,winter,Francesco (Ironwood Livigno),local first-hand knowledge + property-facts.json for any apartment fact,2026-09-11,2026-11-15,https://ironwoodlivigno.com/blog/carosello-3000-vs-mottolino-quale-scegliere,"partial (Sie form, 2026-10-01)"
https://ironwoodlivigno.com/blog/carosello-3000-vs-mottolino-quale-scegliere/pl,pl,article,winter,Francesco (Ironwood Livigno),local first-hand knowledge + property-facts.json for any apartment fact,2026-09-11,2026-11-15,https://ironwoodlivigno.com/blog/carosello-3000-vs-mottolino-quale-scegliere,pending
https://ironwoodlivigno.com/blog/carosello-3000-vs-mottolino-quale-scegliere/nl,nl,article,winter,Francesco (Ironwood Livigno),local first-hand knowledge + property-facts.json for any apartment fact,2026-09-11,2026-11-15,https://ironwoodlivigno.com/blog/carosello-3000-vs-mottolino-quale-scegliere,pending
https://ironwoodlivigno.com/blog/carosello-3000-vs-mottolino-quale-scegliere/cs,cs,article,winter,Francesco (Ironwood Livigno),local first-hand knowledge + property-facts.json for any apartment fact,2026-09-11,2026-11-15,https://ironwoodlivigno.com/blog/carosello-3000-vs-mottolino-quale-scegliere,pending
https://ironwoodlivigno.com/blog/carosello-3000-vs-mottolino-quale-scegliere/fr,fr,article,winter,Francesco (Ironwood Livigno),local first-hand knowledge + property-facts.json for any apartment fact,2026-09-11,2026-11-15,https://ironwoodlivigno.com/blog/carosello-3000-vs-mottolino-quale-scegliere,pending
https://ironwoodlivigno.com/blog/carosello-3000-vs-mottolino-quale-scegliere/da,da,article,winter,Francesco (Ironwood Livigno),local first-hand knowledge + property-facts.json for any apartment fact,2026-09-11,2026-11-15,https://ironwoodlivigno.com/blog/carosello-3000-vs-mottolino-quale-scegliere,pending
https://ironwoodlivigno.com/blog/carosello-3000-vs-mottolino-quale-scegliere/no,no,article,winter,Francesco (Ironwood Livigno),local first-hand knowledge + property-facts.json for any apartment fact,2026-09-11,2026-11-15,https://ironwoodlivigno.com/blog/carosello-3000-vs-mottolino-quale-scegliere,pending
https://ironwoodlivigno.com/blog/carosello-3000-vs-mottolino-quale-scegliere/zh,zh,article,winter,Francesco (Ironwood Livigno),local first-hand knowledge + property-facts.json for any apartment fact,2026-09-11,2026-11-15,https://ironwoodlivigno.com/blog/carosello-3000-vs-mottolino-quale-scegliere,pending
https://ironwoodlivigno.com/blog/carosello-3000-vs-mottolino-quale-scegliere/ja,ja,article,winter,Francesco (Ironwood Livigno),local first-hand knowledge + property-facts.json for any apartment fact,2026-09-11,2026-11-15,https://ironwoodlivigno.com/blog/carosello-3000-vs-mottolino-quale-scegliere,pending
https://ironwoodlivigno.com/blog/quanto-costa-un-appartamento-a-livigno,it,article,apartment,Francesco (Ironwood Livigno),local first-hand knowledge + property-facts.json for any apartment fact,2026-09-11,2027-01-15,(original),n/a
https://ironwoodlivigno.com/blog/quanto-costa-un-appartamento-a-livigno/en,en,article,apartment,Francesco (Ironwood Livigno),local first-hand knowledge + property-facts.json for any apartment fact,2026-08-09,2027-01-15,https://ironwoodlivigno.com/blog/quanto-costa-un-appartamento-a-livigno,done (2026-10-01)
https://ironwoodlivigno.com/blog/quanto-costa-un-appartamento-a-livigno/de,de,article,apartment,Francesco (Ironwood Livigno),local first-hand knowledge + property-facts.json for any apartment fact,2026-08-09,2027-01-15,https://ironwoodlivigno.com/blog/quanto-costa-un-appartamento-a-livigno,"partial (Sie form, 2026-10-01)"
https://ironwoodlivigno.com/blog/quanto-costa-un-appartamento-a-livigno/pl,pl,article,apartment,Francesco (Ironwood Livigno),local first-hand knowledge + property-facts.json for any apartment fact,2026-08-09,2027-01-15,https://ironwoodlivigno.com/blog/quanto-costa-un-appartamento-a-livigno,pending
https://ironwoodlivigno.com/blog/quanto-costa-un-appartamento-a-livigno/nl,nl,article,apartment,Francesco (Ironwood Livigno),local first-hand knowledge + property-facts.json for any apartment fact,2026-08-09,2027-01-15,https://ironwoodlivigno.com/blog/quanto-costa-un-appartamento-a-livigno,pending
https://ironwoodlivigno.com/blog/quanto-costa-un-appartamento-a-livigno/cs,cs,article,apartment,Francesco (Ironwood Livigno),local first-hand knowledge + property-facts.json for any apartment fact,2026-08-09,2027-01-15,https://ironwoodlivigno.com/blog/quanto-costa-un-appartamento-a-livigno,pending
https://ironwoodlivigno.com/blog/quanto-costa-un-appartamento-a-livigno/fr,fr,article,apartment,Francesco (Ironwood Livigno),local first-hand knowledge + property-facts.json for any apartment fact,2026-08-09,2027-01-15,https://ironwoodlivigno.com/blog/quanto-costa-un-appartamento-a-livigno,pending
https://ironwoodlivigno.com/blog/quanto-costa-un-appartamento-a-livigno/da,da,article,apartment,Francesco (Ironwood Livigno),local first-hand knowledge + property-facts.json for any apartment fact,2026-08-09,2027-01-15,https://ironwoodlivigno.com/blog/quanto-costa-un-appartamento-a-livigno,pending
https://ironwoodlivigno.com/blog/quanto-costa-un-appartamento-a-livigno/no,no,article,apartment,Francesco (Ironwood Livigno),local first-hand knowledge + property-facts.json for any apartment fact,2026-08-09,2027-01-15,https://ironwoodlivigno.com/blog/quanto-costa-un-appartamento-a-livigno,pending
https://ironwoodlivigno.com/blog/quanto-costa-un-appartamento-a-livigno/zh,zh,article,apartment,Francesco (Ironwood Livigno),local first-hand knowledge + property-facts.json for any apartment fact,2026-08-09,2027-01-15,https://ironwoodlivigno.com/blog/quanto-costa-un-appartamento-a-livigno,pending
https://ironwoodlivigno.com/blog/quanto-costa-un-appartamento-a-livigno/ja,ja,article,apartment,Francesco (Ironwood Livigno),local first-hand knowledge + property-facts.json for any apartment fact,2026-08-09,2027-01-15,https://ironwoodlivigno.com/blog/quanto-costa-un-appartamento-a-livigno,pending
https://ironwoodlivigno.com/blog/appartamento-con-sauna-privata-livigno-vs-hotel,it,article,apartment,Francesco (Ironwood Livigno),local first-hand knowledge + property-facts.json for any apartment fact,2026-08-09,2027-01-15,(original),n/a
https://ironwoodlivigno.com/blog/appartamento-con-sauna-privata-livigno-vs-hotel/en,en,article,apartment,Francesco (Ironwood Livigno),local first-hand knowledge + property-facts.json for any apartment fact,2026-08-09,2027-01-15,https://ironwoodlivigno.com/blog/appartamento-con-sauna-privata-livigno-vs-hotel,done (2026-10-01)
https://ironwoodlivigno.com/blog/appartamento-con-sauna-privata-livigno-vs-hotel/de,de,article,apartment,Francesco (Ironwood Livigno),local first-hand knowledge + property-facts.json for any apartment fact,2026-08-09,2027-01-15,https://ironwoodlivigno.com/blog/appartamento-con-sauna-privata-livigno-vs-hotel,"partial (Sie form, 2026-10-01)"
https://ironwoodlivigno.com/blog/appartamento-con-sauna-privata-livigno-vs-hotel/pl,pl,article,apartment,Francesco (Ironwood Livigno),local first-hand knowledge + property-facts.json for any apartment fact,2026-08-09,2027-01-15,https://ironwoodlivigno.com/blog/appartamento-con-sauna-privata-livigno-vs-hotel,pending
https://ironwoodlivigno.com/blog/appartamento-con-sauna-privata-livigno-vs-hotel/nl,nl,article,apartment,Francesco (Ironwood Livigno),local first-hand knowledge + property-facts.json for any apartment fact,2026-08-09,2027-01-15,https://ironwoodlivigno.com/blog/appartamento-con-sauna-privata-livigno-vs-hotel,pending
https://ironwoodlivigno.com/blog/appartamento-con-sauna-privata-livigno-vs-hotel/cs,cs,article,apartment,Francesco (Ironwood Livigno),local first-hand knowledge + property-facts.json for any apartment fact,2026-08-09,2027-01-15,https://ironwoodlivigno.com/blog/appartamento-con-sauna-privata-livigno-vs-hotel,pending
https://ironwoodlivigno.com/blog/appartamento-con-sauna-privata-livigno-vs-hotel/fr,fr,article,apartment,Francesco (Ironwood Livigno),local first-hand knowledge + property-facts.json for any apartment fact,2026-08-09,2027-01-15,https://ironwoodlivigno.com/blog/appartamento-con-sauna-privata-livigno-vs-hotel,pending
https://ironwoodlivigno.com/blog/appartamento-con-sauna-privata-livigno-vs-hotel/da,da,article,apartment,Francesco (Ironwood Livigno),local first-hand knowledge + property-facts.json for any apartment fact,2026-08-09,2027-01-15,https://ironwoodlivigno.com/blog/appartamento-con-sauna-privata-livigno-vs-hotel,pending
https://ironwoodlivigno.com/blog/appartamento-con-sauna-privata-livigno-vs-hotel/no,no,article,apartment,Francesco (Ironwood Livigno),local first-hand knowledge + property-facts.json for any apartment fact,2026-08-09,2027-01-15,https://ironwoodlivigno.com/blog/appartamento-con-sauna-privata-livigno-vs-hotel,pending
https://ironwoodlivigno.com/blog/appartamento-con-sauna-privata-livigno-vs-hotel/zh,zh,article,apartment,Francesco (Ironwood Livigno),local first-hand knowledge + property-facts.json for any apartment fact,2026-08-09,2027-01-15,https://ironwoodlivigno.com/blog/appartamento-con-sauna-privata-livigno-vs-hotel,pending
https://ironwoodlivigno.com/blog/appartamento-con-sauna-privata-livigno-vs-hotel/ja,ja,article,apartment,Francesco (Ironwood Livigno),local first-hand knowledge + property-facts.json for any apartment fact,2026-08-09,2027-01-15,https://ironwoodlivigno.com/blog/appartamento-con-sauna-privata-livigno-vs-hotel,pending
https://ironwoodlivigno.com/blog/livigno-per-gruppi-numerosi-fino-a-6-persone,it,article,apartment,Francesco (Ironwood Livigno),local first-hand knowledge + property-facts.json for any apartment fact,2026-08-09,2027-01-15,(original),n/a
https://ironwoodlivigno.com/blog/livigno-per-gruppi-numerosi-fino-a-6-persone/en,en,article,apartment,Francesco (Ironwood Livigno),local first-hand knowledge + property-facts.json for any apartment fact,2026-08-09,2027-01-15,https://ironwoodlivigno.com/blog/livigno-per-gruppi-numerosi-fino-a-6-persone,done (2026-10-01)
https://ironwoodlivigno.com/blog/livigno-per-gruppi-numerosi-fino-a-6-persone/de,de,article,apartment,Francesco (Ironwood Livigno),local first-hand knowledge + property-facts.json for any apartment fact,2026-08-09,2027-01-15,https://ironwoodlivigno.com/blog/livigno-per-gruppi-numerosi-fino-a-6-persone,"partial (Sie form, 2026-10-01)"
https://ironwoodlivigno.com/blog/livigno-per-gruppi-numerosi-fino-a-6-persone/pl,pl,article,apartment,Francesco (Ironwood Livigno),local first-hand knowledge + property-facts.json for any apartment fact,2026-08-09,2027-01-15,https://ironwoodlivigno.com/blog/livigno-per-gruppi-numerosi-fino-a-6-persone,pending
https://ironwoodlivigno.com/blog/livigno-per-gruppi-numerosi-fino-a-6-persone/nl,nl,article,apartment,Francesco (Ironwood Livigno),local first-hand knowledge + property-facts.json for any apartment fact,2026-08-09,2027-01-15,https://ironwoodlivigno.com/blog/livigno-per-gruppi-numerosi-fino-a-6-persone,pending
https://ironwoodlivigno.com/blog/livigno-per-gruppi-numerosi-fino-a-6-persone/cs,cs,article,apartment,Francesco (Ironwood Livigno),local first-hand knowledge + property-facts.json for any apartment fact,2026-08-09,2027-01-15,https://ironwoodlivigno.com/blog/livigno-per-gruppi-numerosi-fino-a-6-persone,pending
https://ironwoodlivigno.com/blog/livigno-per-gruppi-numerosi-fino-a-6-persone/fr,fr,article,apartment,Francesco (Ironwood Livigno),local first-hand knowledge + property-facts.json for any apartment fact,2026-08-09,2027-01-15,https://ironwoodlivigno.com/blog/livigno-per-gruppi-numerosi-fino-a-6-persone,pending
https://ironwoodlivigno.com/blog/livigno-per-gruppi-numerosi-fino-a-6-persone/da,da,article,apartment,Francesco (Ironwood Livigno),local first-hand knowledge + property-facts.json for any apartment fact,2026-08-09,2027-01-15,https://ironwoodlivigno.com/blog/livigno-per-gruppi-numerosi-fino-a-6-persone,pending
https://ironwoodlivigno.com/blog/livigno-per-gruppi-numerosi-fino-a-6-persone/no,no,article,apartment,Francesco (Ironwood Livigno),local first-hand knowledge + property-facts.json for any apartment fact,2026-08-09,2027-01-15,https://ironwoodlivigno.com/blog/livigno-per-gruppi-numerosi-fino-a-6-persone,pending
https://ironwoodlivigno.com/blog/livigno-per-gruppi-numerosi-fino-a-6-persone/zh,zh,article,apartment,Francesco (Ironwood Livigno),local first-hand knowledge + property-facts.json for any apartment fact,2026-08-09,2027-01-15,https://ironwoodlivigno.com/blog/livigno-per-gruppi-numerosi-fino-a-6-persone,pending
https://ironwoodlivigno.com/blog/livigno-per-gruppi-numerosi-fino-a-6-persone/ja,ja,article,apartment,Francesco (Ironwood Livigno),local first-hand knowledge + property-facts.json for any apartment fact,2026-08-09,2027-01-15,https://ironwoodlivigno.com/blog/livigno-per-gruppi-numerosi-fino-a-6-persone,pending
https://ironwoodlivigno.com/blog/deposito-sci-e-attrezzatura-a-livigno-cosa-cercare,it,article,winter,Francesco (Ironwood Livigno),local first-hand knowledge + property-facts.json for any apartment fact,2026-08-09,2026-11-15,(original),n/a
https://ironwoodlivigno.com/blog/deposito-sci-e-attrezzatura-a-livigno-cosa-cercare/en,en,article,winter,Francesco (Ironwood Livigno),local first-hand knowledge + property-facts.json for any apartment fact,2026-08-09,2026-11-15,https://ironwoodlivigno.com/blog/deposito-sci-e-attrezzatura-a-livigno-cosa-cercare,done (2026-10-01)
https://ironwoodlivigno.com/blog/deposito-sci-e-attrezzatura-a-livigno-cosa-cercare/de,de,article,winter,Francesco (Ironwood Livigno),local first-hand knowledge + property-facts.json for any apartment fact,2026-08-09,2026-11-15,https://ironwoodlivigno.com/blog/deposito-sci-e-attrezzatura-a-livigno-cosa-cercare,"partial (Sie form, 2026-10-01)"
https://ironwoodlivigno.com/blog/deposito-sci-e-attrezzatura-a-livigno-cosa-cercare/pl,pl,article,winter,Francesco (Ironwood Livigno),local first-hand knowledge + property-facts.json for any apartment fact,2026-08-09,2026-11-15,https://ironwoodlivigno.com/blog/deposito-sci-e-attrezzatura-a-livigno-cosa-cercare,pending
https://ironwoodlivigno.com/blog/deposito-sci-e-attrezzatura-a-livigno-cosa-cercare/nl,nl,article,winter,Francesco (Ironwood Livigno),local first-hand knowledge + property-facts.json for any apartment fact,2026-08-09,2026-11-15,https://ironwoodlivigno.com/blog/deposito-sci-e-attrezzatura-a-livigno-cosa-cercare,pending
https://ironwoodlivigno.com/blog/deposito-sci-e-attrezzatura-a-livigno-cosa-cercare/cs,cs,article,winter,Francesco (Ironwood Livigno),local first-hand knowledge + property-facts.json for any apartment fact,2026-08-09,2026-11-15,https://ironwoodlivigno.com/blog/deposito-sci-e-attrezzatura-a-livigno-cosa-cercare,pending
https://ironwoodlivigno.com/blog/deposito-sci-e-attrezzatura-a-livigno-cosa-cercare/fr,fr,article,winter,Francesco (Ironwood Livigno),local first-hand knowledge + property-facts.json for any apartment fact,2026-08-09,2026-11-15,https://ironwoodlivigno.com/blog/deposito-sci-e-attrezzatura-a-livigno-cosa-cercare,pending
https://ironwoodlivigno.com/blog/deposito-sci-e-attrezzatura-a-livigno-cosa-cercare/da,da,article,winter,Francesco (Ironwood Livigno),local first-hand knowledge + property-facts.json for any apartment fact,2026-08-09,2026-11-15,https://ironwoodlivigno.com/blog/deposito-sci-e-attrezzatura-a-livigno-cosa-cercare,pending
https://ironwoodlivigno.com/blog/deposito-sci-e-attrezzatura-a-livigno-cosa-cercare/no,no,article,winter,Francesco (Ironwood Livigno),local first-hand knowledge + property-facts.json for any apartment fact,2026-08-09,2026-11-15,https://ironwoodlivigno.com/blog/deposito-sci-e-attrezzatura-a-livigno-cosa-cercare,pending
https://ironwoodlivigno.com/blog/deposito-sci-e-attrezzatura-a-livigno-cosa-cercare/zh,zh,article,winter,Francesco (Ironwood Livigno),local first-hand knowledge + property-facts.json for any apartment fact,2026-08-09,2026-11-15,https://ironwoodlivigno.com/blog/deposito-sci-e-attrezzatura-a-livigno-cosa-cercare,pending
https://ironwoodlivigno.com/blog/deposito-sci-e-attrezzatura-a-livigno-cosa-cercare/ja,ja,article,winter,Francesco (Ironwood Livigno),local first-hand knowledge + property-facts.json for any apartment fact,2026-08-09,2026-11-15,https://ironwoodlivigno.com/blog/deposito-sci-e-attrezzatura-a-livigno-cosa-cercare,pending
https://ironwoodlivigno.com/blog/quando-prenotare-livigno-calendario-stagionale,it,article,travel,Francesco (Ironwood Livigno),local first-hand knowledge + property-facts.json for any apartment fact,2026-08-09,2027-03-01,(original),n/a
https://ironwoodlivigno.com/blog/quando-prenotare-livigno-calendario-stagionale/en,en,article,travel,Francesco (Ironwood Livigno),local first-hand knowledge + property-facts.json for any apartment fact,2026-08-09,2027-03-01,https://ironwoodlivigno.com/blog/quando-prenotare-livigno-calendario-stagionale,done (2026-10-01)
https://ironwoodlivigno.com/blog/quando-prenotare-livigno-calendario-stagionale/de,de,article,travel,Francesco (Ironwood Livigno),local first-hand knowledge + property-facts.json for any apartment fact,2026-08-09,2027-03-01,https://ironwoodlivigno.com/blog/quando-prenotare-livigno-calendario-stagionale,"partial (Sie form, 2026-10-01)"
https://ironwoodlivigno.com/blog/quando-prenotare-livigno-calendario-stagionale/pl,pl,article,travel,Francesco (Ironwood Livigno),local first-hand knowledge + property-facts.json for any apartment fact,2026-08-09,2027-03-01,https://ironwoodlivigno.com/blog/quando-prenotare-livigno-calendario-stagionale,pending
https://ironwoodlivigno.com/blog/quando-prenotare-livigno-calendario-stagionale/nl,nl,article,travel,Francesco (Ironwood Livigno),local first-hand knowledge + property-facts.json for any apartment fact,2026-08-09,2027-03-01,https://ironwoodlivigno.com/blog/quando-prenotare-livigno-calendario-stagionale,pending
https://ironwoodlivigno.com/blog/quando-prenotare-livigno-calendario-stagionale/cs,cs,article,travel,Francesco (Ironwood Livigno),local first-hand knowledge + property-facts.json for any apartment fact,2026-08-09,2027-03-01,https://ironwoodlivigno.com/blog/quando-prenotare-livigno-calendario-stagionale,pending
https://ironwoodlivigno.com/blog/quando-prenotare-livigno-calendario-stagionale/fr,fr,article,travel,Francesco (Ironwood Livigno),local first-hand knowledge + property-facts.json for any apartment fact,2026-08-09,2027-03-01,https://ironwoodlivigno.com/blog/quando-prenotare-livigno-calendario-stagionale,pending
https://ironwoodlivigno.com/blog/quando-prenotare-livigno-calendario-stagionale/da,da,article,travel,Francesco (Ironwood Livigno),local first-hand knowledge + property-facts.json for any apartment fact,2026-08-09,2027-03-01,https://ironwoodlivigno.com/blog/quando-prenotare-livigno-calendario-stagionale,pending
https://ironwoodlivigno.com/blog/quando-prenotare-livigno-calendario-stagionale/no,no,article,travel,Francesco (Ironwood Livigno),local first-hand knowledge + property-facts.json for any apartment fact,2026-08-09,2027-03-01,https://ironwoodlivigno.com/blog/quando-prenotare-livigno-calendario-stagionale,pending
https://ironwoodlivigno.com/blog/quando-prenotare-livigno-calendario-stagionale/zh,zh,article,travel,Francesco (Ironwood Livigno),local first-hand knowledge + property-facts.json for any apartment fact,2026-08-09,2027-03-01,https://ironwoodlivigno.com/blog/quando-prenotare-livigno-calendario-stagionale,pending
https://ironwoodlivigno.com/blog/quando-prenotare-livigno-calendario-stagionale/ja,ja,article,travel,Francesco (Ironwood Livigno),local first-hand knowledge + property-facts.json for any apartment fact,2026-08-09,2027-03-01,https://ironwoodlivigno.com/blog/quando-prenotare-livigno-calendario-stagionale,pending
https://ironwoodlivigno.com/blog/vacanza-senza-pensieri-a-livigno-colazione-ed-e-bike,it,article,summer,Francesco (Ironwood Livigno),local first-hand knowledge + property-facts.json for any apartment fact,2026-08-09,2027-05-01,(original),n/a
https://ironwoodlivigno.com/blog/vacanza-senza-pensieri-a-livigno-colazione-ed-e-bike/en,en,article,summer,Francesco (Ironwood Livigno),local first-hand knowledge + property-facts.json for any apartment fact,2026-08-09,2027-05-01,https://ironwoodlivigno.com/blog/vacanza-senza-pensieri-a-livigno-colazione-ed-e-bike,done (2026-10-01)
https://ironwoodlivigno.com/blog/vacanza-senza-pensieri-a-livigno-colazione-ed-e-bike/de,de,article,summer,Francesco (Ironwood Livigno),local first-hand knowledge + property-facts.json for any apartment fact,2026-08-09,2027-05-01,https://ironwoodlivigno.com/blog/vacanza-senza-pensieri-a-livigno-colazione-ed-e-bike,"partial (Sie form, 2026-10-01)"
https://ironwoodlivigno.com/blog/vacanza-senza-pensieri-a-livigno-colazione-ed-e-bike/pl,pl,article,summer,Francesco (Ironwood Livigno),local first-hand knowledge + property-facts.json for any apartment fact,2026-08-09,2027-05-01,https://ironwoodlivigno.com/blog/vacanza-senza-pensieri-a-livigno-colazione-ed-e-bike,pending
https://ironwoodlivigno.com/blog/vacanza-senza-pensieri-a-livigno-colazione-ed-e-bike/nl,nl,article,summer,Francesco (Ironwood Livigno),local first-hand knowledge + property-facts.json for any apartment fact,2026-08-09,2027-05-01,https://ironwoodlivigno.com/blog/vacanza-senza-pensieri-a-livigno-colazione-ed-e-bike,pending
https://ironwoodlivigno.com/blog/vacanza-senza-pensieri-a-livigno-colazione-ed-e-bike/cs,cs,article,summer,Francesco (Ironwood Livigno),local first-hand knowledge + property-facts.json for any apartment fact,2026-08-09,2027-05-01,https://ironwoodlivigno.com/blog/vacanza-senza-pensieri-a-livigno-colazione-ed-e-bike,pending
https://ironwoodlivigno.com/blog/vacanza-senza-pensieri-a-livigno-colazione-ed-e-bike/fr,fr,article,summer,Francesco (Ironwood Livigno),local first-hand knowledge + property-facts.json for any apartment fact,2026-08-09,2027-05-01,https://ironwoodlivigno.com/blog/vacanza-senza-pensieri-a-livigno-colazione-ed-e-bike,pending
https://ironwoodlivigno.com/blog/vacanza-senza-pensieri-a-livigno-colazione-ed-e-bike/da,da,article,summer,Francesco (Ironwood Livigno),local first-hand knowledge + property-facts.json for any apartment fact,2026-08-09,2027-05-01,https://ironwoodlivigno.com/blog/vacanza-senza-pensieri-a-livigno-colazione-ed-e-bike,pending
https://ironwoodlivigno.com/blog/vacanza-senza-pensieri-a-livigno-colazione-ed-e-bike/no,no,article,summer,Francesco (Ironwood Livigno),local first-hand knowledge + property-facts.json for any apartment fact,2026-08-09,2027-05-01,https://ironwoodlivigno.com/blog/vacanza-senza-pensieri-a-livigno-colazione-ed-e-bike,pending
https://ironwoodlivigno.com/blog/vacanza-senza-pensieri-a-livigno-colazione-ed-e-bike/zh,zh,article,summer,Francesco (Ironwood Livigno),local first-hand knowledge + property-facts.json for any apartment fact,2026-08-09,2027-05-01,https://ironwoodlivigno.com/blog/vacanza-senza-pensieri-a-livigno-colazione-ed-e-bike,pending
https://ironwoodlivigno.com/blog/vacanza-senza-pensieri-a-livigno-colazione-ed-e-bike/ja,ja,article,summer,Francesco (Ironwood Livigno),local first-hand knowledge + property-facts.json for any apartment fact,2026-08-09,2027-05-01,https://ironwoodlivigno.com/blog/vacanza-senza-pensieri-a-livigno-colazione-ed-e-bike,pending
https://ironwoodlivigno.com/blog/livigno-tax-free-guida-per-chi-arriva-dallestero,it,article,travel,Francesco (Ironwood Livigno),local first-hand knowledge + property-facts.json for any apartment fact,2026-08-09,2027-03-01,(original),n/a
https://ironwoodlivigno.com/blog/livigno-tax-free-guida-per-chi-arriva-dallestero/en,en,article,travel,Francesco (Ironwood Livigno),local first-hand knowledge + property-facts.json for any apartment fact,2026-08-09,2027-03-01,https://ironwoodlivigno.com/blog/livigno-tax-free-guida-per-chi-arriva-dallestero,done (2026-10-01)
https://ironwoodlivigno.com/blog/livigno-tax-free-guida-per-chi-arriva-dallestero/de,de,article,travel,Francesco (Ironwood Livigno),local first-hand knowledge + property-facts.json for any apartment fact,2026-08-09,2027-03-01,https://ironwoodlivigno.com/blog/livigno-tax-free-guida-per-chi-arriva-dallestero,"partial (Sie form, 2026-10-01)"
https://ironwoodlivigno.com/blog/livigno-tax-free-guida-per-chi-arriva-dallestero/pl,pl,article,travel,Francesco (Ironwood Livigno),local first-hand knowledge + property-facts.json for any apartment fact,2026-08-09,2027-03-01,https://ironwoodlivigno.com/blog/livigno-tax-free-guida-per-chi-arriva-dallestero,pending
https://ironwoodlivigno.com/blog/livigno-tax-free-guida-per-chi-arriva-dallestero/nl,nl,article,travel,Francesco (Ironwood Livigno),local first-hand knowledge + property-facts.json for any apartment fact,2026-08-09,2027-03-01,https://ironwoodlivigno.com/blog/livigno-tax-free-guida-per-chi-arriva-dallestero,pending
https://ironwoodlivigno.com/blog/livigno-tax-free-guida-per-chi-arriva-dallestero/cs,cs,article,travel,Francesco (Ironwood Livigno),local first-hand knowledge + property-facts.json for any apartment fact,2026-08-09,2027-03-01,https://ironwoodlivigno.com/blog/livigno-tax-free-guida-per-chi-arriva-dallestero,pending
https://ironwoodlivigno.com/blog/livigno-tax-free-guida-per-chi-arriva-dallestero/fr,fr,article,travel,Francesco (Ironwood Livigno),local first-hand knowledge + property-facts.json for any apartment fact,2026-08-09,2027-03-01,https://ironwoodlivigno.com/blog/livigno-tax-free-guida-per-chi-arriva-dallestero,pending
https://ironwoodlivigno.com/blog/livigno-tax-free-guida-per-chi-arriva-dallestero/da,da,article,travel,Francesco (Ironwood Livigno),local first-hand knowledge + property-facts.json for any apartment fact,2026-08-09,2027-03-01,https://ironwoodlivigno.com/blog/livigno-tax-free-guida-per-chi-arriva-dallestero,pending
https://ironwoodlivigno.com/blog/livigno-tax-free-guida-per-chi-arriva-dallestero/no,no,article,travel,Francesco (Ironwood Livigno),local first-hand knowledge + property-facts.json for any apartment fact,2026-08-09,2027-03-01,https://ironwoodlivigno.com/blog/livigno-tax-free-guida-per-chi-arriva-dallestero,pending
https://ironwoodlivigno.com/blog/livigno-tax-free-guida-per-chi-arriva-dallestero/zh,zh,article,travel,Francesco (Ironwood Livigno),local first-hand knowledge + property-facts.json for any apartment fact,2026-08-09,2027-03-01,https://ironwoodlivigno.com/blog/livigno-tax-free-guida-per-chi-arriva-dallestero,pending
https://ironwoodlivigno.com/blog/livigno-tax-free-guida-per-chi-arriva-dallestero/ja,ja,article,travel,Francesco (Ironwood Livigno),local first-hand knowledge + property-facts.json for any apartment fact,2026-08-09,2027-03-01,https://ironwoodlivigno.com/blog/livigno-tax-free-guida-per-chi-arriva-dallestero,pending
https://ironwoodlivigno.com/blog/migliori-periodi-per-evitare-la-folla-a-livigno,it,article,travel,Francesco (Ironwood Livigno),local first-hand knowledge + property-facts.json for any apartment fact,2026-08-09,2027-03-01,(original),n/a
https://ironwoodlivigno.com/blog/migliori-periodi-per-evitare-la-folla-a-livigno/en,en,article,travel,Francesco (Ironwood Livigno),local first-hand knowledge + property-facts.json for any apartment fact,2026-08-09,2027-03-01,https://ironwoodlivigno.com/blog/migliori-periodi-per-evitare-la-folla-a-livigno,done (2026-10-01)
https://ironwoodlivigno.com/blog/migliori-periodi-per-evitare-la-folla-a-livigno/de,de,article,travel,Francesco (Ironwood Livigno),local first-hand knowledge + property-facts.json for any apartment fact,2026-08-09,2027-03-01,https://ironwoodlivigno.com/blog/migliori-periodi-per-evitare-la-folla-a-livigno,"partial (Sie form, 2026-10-01)"
https://ironwoodlivigno.com/blog/migliori-periodi-per-evitare-la-folla-a-livigno/pl,pl,article,travel,Francesco (Ironwood Livigno),local first-hand knowledge + property-facts.json for any apartment fact,2026-08-09,2027-03-01,https://ironwoodlivigno.com/blog/migliori-periodi-per-evitare-la-folla-a-livigno,pending
https://ironwoodlivigno.com/blog/migliori-periodi-per-evitare-la-folla-a-livigno/nl,nl,article,travel,Francesco (Ironwood Livigno),local first-hand knowledge + property-facts.json for any apartment fact,2026-08-09,2027-03-01,https://ironwoodlivigno.com/blog/migliori-periodi-per-evitare-la-folla-a-livigno,pending
https://ironwoodlivigno.com/blog/migliori-periodi-per-evitare-la-folla-a-livigno/cs,cs,article,travel,Francesco (Ironwood Livigno),local first-hand knowledge + property-facts.json for any apartment fact,2026-08-09,2027-03-01,https://ironwoodlivigno.com/blog/migliori-periodi-per-evitare-la-folla-a-livigno,pending
https://ironwoodlivigno.com/blog/migliori-periodi-per-evitare-la-folla-a-livigno/fr,fr,article,travel,Francesco (Ironwood Livigno),local first-hand knowledge + property-facts.json for any apartment fact,2026-08-09,2027-03-01,https://ironwoodlivigno.com/blog/migliori-periodi-per-evitare-la-folla-a-livigno,pending
https://ironwoodlivigno.com/blog/migliori-periodi-per-evitare-la-folla-a-livigno/da,da,article,travel,Francesco (Ironwood Livigno),local first-hand knowledge + property-facts.json for any apartment fact,2026-08-09,2027-03-01,https://ironwoodlivigno.com/blog/migliori-periodi-per-evitare-la-folla-a-livigno,pending
https://ironwoodlivigno.com/blog/migliori-periodi-per-evitare-la-folla-a-livigno/no,no,article,travel,Francesco (Ironwood Livigno),local first-hand knowledge + property-facts.json for any apartment fact,2026-08-09,2027-03-01,https://ironwoodlivigno.com/blog/migliori-periodi-per-evitare-la-folla-a-livigno,pending
https://ironwoodlivigno.com/blog/migliori-periodi-per-evitare-la-folla-a-livigno/zh,zh,article,travel,Francesco (Ironwood Livigno),local first-hand knowledge + property-facts.json for any apartment fact,2026-08-09,2027-03-01,https://ironwoodlivigno.com/blog/migliori-periodi-per-evitare-la-folla-a-livigno,pending
https://ironwoodlivigno.com/blog/migliori-periodi-per-evitare-la-folla-a-livigno/ja,ja,article,travel,Francesco (Ironwood Livigno),local first-hand knowledge + property-facts.json for any apartment fact,2026-08-09,2027-03-01,https://ironwoodlivigno.com/blog/migliori-periodi-per-evitare-la-folla-a-livigno,pending
https://ironwoodlivigno.com/blog/livigno-con-il-cane-regole-e-alternative,it,article,travel,Francesco (Ironwood Livigno),local first-hand knowledge + property-facts.json for any apartment fact,2026-08-09,2027-03-01,(original),n/a
https://ironwoodlivigno.com/blog/livigno-con-il-cane-regole-e-alternative/en,en,article,travel,Francesco (Ironwood Livigno),local first-hand knowledge + property-facts.json for any apartment fact,2026-08-09,2027-03-01,https://ironwoodlivigno.com/blog/livigno-con-il-cane-regole-e-alternative,done (2026-10-01)
https://ironwoodlivigno.com/blog/livigno-con-il-cane-regole-e-alternative/de,de,article,travel,Francesco (Ironwood Livigno),local first-hand knowledge + property-facts.json for any apartment fact,2026-08-09,2027-03-01,https://ironwoodlivigno.com/blog/livigno-con-il-cane-regole-e-alternative,"partial (Sie form, 2026-10-01)"
https://ironwoodlivigno.com/blog/livigno-con-il-cane-regole-e-alternative/pl,pl,article,travel,Francesco (Ironwood Livigno),local first-hand knowledge + property-facts.json for any apartment fact,2026-08-09,2027-03-01,https://ironwoodlivigno.com/blog/livigno-con-il-cane-regole-e-alternative,pending
https://ironwoodlivigno.com/blog/livigno-con-il-cane-regole-e-alternative/nl,nl,article,travel,Francesco (Ironwood Livigno),local first-hand knowledge + property-facts.json for any apartment fact,2026-08-09,2027-03-01,https://ironwoodlivigno.com/blog/livigno-con-il-cane-regole-e-alternative,pending
https://ironwoodlivigno.com/blog/livigno-con-il-cane-regole-e-alternative/cs,cs,article,travel,Francesco (Ironwood Livigno),local first-hand knowledge + property-facts.json for any apartment fact,2026-08-09,2027-03-01,https://ironwoodlivigno.com/blog/livigno-con-il-cane-regole-e-alternative,pending
https://ironwoodlivigno.com/blog/livigno-con-il-cane-regole-e-alternative/fr,fr,article,travel,Francesco (Ironwood Livigno),local first-hand knowledge + property-facts.json for any apartment fact,2026-08-09,2027-03-01,https://ironwoodlivigno.com/blog/livigno-con-il-cane-regole-e-alternative,pending
https://ironwoodlivigno.com/blog/livigno-con-il-cane-regole-e-alternative/da,da,article,travel,Francesco (Ironwood Livigno),local first-hand knowledge + property-facts.json for any apartment fact,2026-08-09,2027-03-01,https://ironwoodlivigno.com/blog/livigno-con-il-cane-regole-e-alternative,pending
https://ironwoodlivigno.com/blog/livigno-con-il-cane-regole-e-alternative/no,no,article,travel,Francesco (Ironwood Livigno),local first-hand knowledge + property-facts.json for any apartment fact,2026-08-09,2027-03-01,https://ironwoodlivigno.com/blog/livigno-con-il-cane-regole-e-alternative,pending
https://ironwoodlivigno.com/blog/livigno-con-il-cane-regole-e-alternative/zh,zh,article,travel,Francesco (Ironwood Livigno),local first-hand knowledge + property-facts.json for any apartment fact,2026-08-09,2027-03-01,https://ironwoodlivigno.com/blog/livigno-con-il-cane-regole-e-alternative,pending
https://ironwoodlivigno.com/blog/livigno-con-il-cane-regole-e-alternative/ja,ja,article,travel,Francesco (Ironwood Livigno),local first-hand knowledge + property-facts.json for any apartment fact,2026-08-09,2027-03-01,https://ironwoodlivigno.com/blog/livigno-con-il-cane-regole-e-alternative,pending
https://ironwoodlivigno.com/blog/da-dove-ammirare-il-tramonto-a-livigno,it,article,summer,Francesco (Ironwood Livigno),local first-hand knowledge + property-facts.json for any apartment fact,2026-08-09,2027-05-01,(original),n/a
https://ironwoodlivigno.com/blog/da-dove-ammirare-il-tramonto-a-livigno/en,en,article,summer,Francesco (Ironwood Livigno),local first-hand knowledge + property-facts.json for any apartment fact,2026-08-09,2027-05-01,https://ironwoodlivigno.com/blog/da-dove-ammirare-il-tramonto-a-livigno,done (2026-10-01)
https://ironwoodlivigno.com/blog/da-dove-ammirare-il-tramonto-a-livigno/de,de,article,summer,Francesco (Ironwood Livigno),local first-hand knowledge + property-facts.json for any apartment fact,2026-08-09,2027-05-01,https://ironwoodlivigno.com/blog/da-dove-ammirare-il-tramonto-a-livigno,"partial (Sie form, 2026-10-01)"
https://ironwoodlivigno.com/blog/da-dove-ammirare-il-tramonto-a-livigno/pl,pl,article,summer,Francesco (Ironwood Livigno),local first-hand knowledge + property-facts.json for any apartment fact,2026-08-09,2027-05-01,https://ironwoodlivigno.com/blog/da-dove-ammirare-il-tramonto-a-livigno,pending
https://ironwoodlivigno.com/blog/da-dove-ammirare-il-tramonto-a-livigno/nl,nl,article,summer,Francesco (Ironwood Livigno),local first-hand knowledge + property-facts.json for any apartment fact,2026-08-09,2027-05-01,https://ironwoodlivigno.com/blog/da-dove-ammirare-il-tramonto-a-livigno,pending
https://ironwoodlivigno.com/blog/da-dove-ammirare-il-tramonto-a-livigno/cs,cs,article,summer,Francesco (Ironwood Livigno),local first-hand knowledge + property-facts.json for any apartment fact,2026-08-09,2027-05-01,https://ironwoodlivigno.com/blog/da-dove-ammirare-il-tramonto-a-livigno,pending
https://ironwoodlivigno.com/blog/da-dove-ammirare-il-tramonto-a-livigno/fr,fr,article,summer,Francesco (Ironwood Livigno),local first-hand knowledge + property-facts.json for any apartment fact,2026-08-09,2027-05-01,https://ironwoodlivigno.com/blog/da-dove-ammirare-il-tramonto-a-livigno,pending
https://ironwoodlivigno.com/blog/da-dove-ammirare-il-tramonto-a-livigno/da,da,article,summer,Francesco (Ironwood Livigno),local first-hand knowledge + property-facts.json for any apartment fact,2026-08-09,2027-05-01,https://ironwoodlivigno.com/blog/da-dove-ammirare-il-tramonto-a-livigno,pending
https://ironwoodlivigno.com/blog/da-dove-ammirare-il-tramonto-a-livigno/no,no,article,summer,Francesco (Ironwood Livigno),local first-hand knowledge + property-facts.json for any apartment fact,2026-08-09,2027-05-01,https://ironwoodlivigno.com/blog/da-dove-ammirare-il-tramonto-a-livigno,pending
https://ironwoodlivigno.com/blog/da-dove-ammirare-il-tramonto-a-livigno/zh,zh,article,summer,Francesco (Ironwood Livigno),local first-hand knowledge + property-facts.json for any apartment fact,2026-08-09,2027-05-01,https://ironwoodlivigno.com/blog/da-dove-ammirare-il-tramonto-a-livigno,pending
https://ironwoodlivigno.com/blog/da-dove-ammirare-il-tramonto-a-livigno/ja,ja,article,summer,Francesco (Ironwood Livigno),local first-hand knowledge + property-facts.json for any apartment fact,2026-08-09,2027-05-01,https://ironwoodlivigno.com/blog/da-dove-ammirare-il-tramonto-a-livigno,pending
https://ironwoodlivigno.com/inverno,it,topic,winter,Francesco (Ironwood Livigno),property-facts.json,2026-10-02,2026-11-15,(original),n/a
https://ironwoodlivigno.com/inverno/en,en,topic,winter,Francesco (Ironwood Livigno),property-facts.json,2026-10-02,2026-11-15,https://ironwoodlivigno.com/inverno,done (2026-10-01)
https://ironwoodlivigno.com/inverno/en-us,en-us,topic,winter,Francesco (Ironwood Livigno),property-facts.json,2026-10-02,2026-11-15,https://ironwoodlivigno.com/inverno,done (2026-10-01)
https://ironwoodlivigno.com/inverno/de,de,topic,winter,Francesco (Ironwood Livigno),property-facts.json,2026-10-02,2026-11-15,https://ironwoodlivigno.com/inverno,"partial (Sie form, 2026-10-01)"
https://ironwoodlivigno.com/inverno/fr,fr,topic,winter,Francesco (Ironwood Livigno),property-facts.json,2026-10-02,2026-11-15,https://ironwoodlivigno.com/inverno,pending
https://ironwoodlivigno.com/inverno/da,da,topic,winter,Francesco (Ironwood Livigno),property-facts.json,2026-10-02,2026-11-15,https://ironwoodlivigno.com/inverno,pending
https://ironwoodlivigno.com/inverno/pl,pl,topic,winter,Francesco (Ironwood Livigno),property-facts.json,2026-10-02,2026-11-15,https://ironwoodlivigno.com/inverno,pending
https://ironwoodlivigno.com/inverno/cs,cs,topic,winter,Francesco (Ironwood Livigno),property-facts.json,2026-10-02,2026-11-15,https://ironwoodlivigno.com/inverno,pending
https://ironwoodlivigno.com/inverno/no,no,topic,winter,Francesco (Ironwood Livigno),property-facts.json,2026-10-02,2026-11-15,https://ironwoodlivigno.com/inverno,pending
https://ironwoodlivigno.com/inverno/nl,nl,topic,winter,Francesco (Ironwood Livigno),property-facts.json,2026-10-02,2026-11-15,https://ironwoodlivigno.com/inverno,pending
https://ironwoodlivigno.com/inverno/zh,zh,topic,winter,Francesco (Ironwood Livigno),property-facts.json,2026-10-02,2026-11-15,https://ironwoodlivigno.com/inverno,pending
https://ironwoodlivigno.com/inverno/ja,ja,topic,winter,Francesco (Ironwood Livigno),property-facts.json,2026-10-02,2026-11-15,https://ironwoodlivigno.com/inverno,pending
https://ironwoodlivigno.com/estate,it,topic,summer,Francesco (Ironwood Livigno),property-facts.json,2026-10-02,2027-05-01,(original),n/a
https://ironwoodlivigno.com/estate/en,en,topic,summer,Francesco (Ironwood Livigno),property-facts.json,2026-10-02,2027-05-01,https://ironwoodlivigno.com/estate,done (2026-10-01)
https://ironwoodlivigno.com/estate/en-us,en-us,topic,summer,Francesco (Ironwood Livigno),property-facts.json,2026-10-02,2027-05-01,https://ironwoodlivigno.com/estate,done (2026-10-01)
https://ironwoodlivigno.com/estate/de,de,topic,summer,Francesco (Ironwood Livigno),property-facts.json,2026-10-02,2027-05-01,https://ironwoodlivigno.com/estate,"partial (Sie form, 2026-10-01)"
https://ironwoodlivigno.com/estate/fr,fr,topic,summer,Francesco (Ironwood Livigno),property-facts.json,2026-10-02,2027-05-01,https://ironwoodlivigno.com/estate,pending
https://ironwoodlivigno.com/estate/da,da,topic,summer,Francesco (Ironwood Livigno),property-facts.json,2026-10-02,2027-05-01,https://ironwoodlivigno.com/estate,pending
https://ironwoodlivigno.com/estate/pl,pl,topic,summer,Francesco (Ironwood Livigno),property-facts.json,2026-10-02,2027-05-01,https://ironwoodlivigno.com/estate,pending
https://ironwoodlivigno.com/estate/cs,cs,topic,summer,Francesco (Ironwood Livigno),property-facts.json,2026-10-02,2027-05-01,https://ironwoodlivigno.com/estate,pending
https://ironwoodlivigno.com/estate/no,no,topic,summer,Francesco (Ironwood Livigno),property-facts.json,2026-10-02,2027-05-01,https://ironwoodlivigno.com/estate,pending
https://ironwoodlivigno.com/estate/nl,nl,topic,summer,Francesco (Ironwood Livigno),property-facts.json,2026-10-02,2027-05-01,https://ironwoodlivigno.com/estate,pending
https://ironwoodlivigno.com/estate/zh,zh,topic,summer,Francesco (Ironwood Livigno),property-facts.json,2026-10-02,2027-05-01,https://ironwoodlivigno.com/estate,pending
https://ironwoodlivigno.com/estate/ja,ja,topic,summer,Francesco (Ironwood Livigno),property-facts.json,2026-10-02,2027-05-01,https://ironwoodlivigno.com/estate,pending
https://ironwoodlivigno.com/famiglie,it,topic,apartment,Francesco (Ironwood Livigno),property-facts.json,2026-10-02,2027-01-15,(original),n/a
https://ironwoodlivigno.com/famiglie/en,en,topic,apartment,Francesco (Ironwood Livigno),property-facts.json,2026-10-02,2027-01-15,https://ironwoodlivigno.com/famiglie,done (2026-10-01)
https://ironwoodlivigno.com/famiglie/en-us,en-us,topic,apartment,Francesco (Ironwood Livigno),property-facts.json,2026-10-02,2027-01-15,https://ironwoodlivigno.com/famiglie,done (2026-10-01)
https://ironwoodlivigno.com/famiglie/de,de,topic,apartment,Francesco (Ironwood Livigno),property-facts.json,2026-10-02,2027-01-15,https://ironwoodlivigno.com/famiglie,"partial (Sie form, 2026-10-01)"
https://ironwoodlivigno.com/famiglie/fr,fr,topic,apartment,Francesco (Ironwood Livigno),property-facts.json,2026-10-02,2027-01-15,https://ironwoodlivigno.com/famiglie,pending
https://ironwoodlivigno.com/famiglie/da,da,topic,apartment,Francesco (Ironwood Livigno),property-facts.json,2026-10-02,2027-01-15,https://ironwoodlivigno.com/famiglie,pending
https://ironwoodlivigno.com/famiglie/pl,pl,topic,apartment,Francesco (Ironwood Livigno),property-facts.json,2026-10-02,2027-01-15,https://ironwoodlivigno.com/famiglie,pending
https://ironwoodlivigno.com/famiglie/cs,cs,topic,apartment,Francesco (Ironwood Livigno),property-facts.json,2026-10-02,2027-01-15,https://ironwoodlivigno.com/famiglie,pending
https://ironwoodlivigno.com/famiglie/no,no,topic,apartment,Francesco (Ironwood Livigno),property-facts.json,2026-10-02,2027-01-15,https://ironwoodlivigno.com/famiglie,pending
https://ironwoodlivigno.com/famiglie/nl,nl,topic,apartment,Francesco (Ironwood Livigno),property-facts.json,2026-10-02,2027-01-15,https://ironwoodlivigno.com/famiglie,pending
https://ironwoodlivigno.com/famiglie/zh,zh,topic,apartment,Francesco (Ironwood Livigno),property-facts.json,2026-10-02,2027-01-15,https://ironwoodlivigno.com/famiglie,pending
https://ironwoodlivigno.com/famiglie/ja,ja,topic,apartment,Francesco (Ironwood Livigno),property-facts.json,2026-10-02,2027-01-15,https://ironwoodlivigno.com/famiglie,pending
https://ironwoodlivigno.com/come-arrivare,it,topic,travel,Francesco (Ironwood Livigno),property-facts.json,2026-10-02,2027-03-01,(original),n/a
https://ironwoodlivigno.com/come-arrivare/en,en,topic,travel,Francesco (Ironwood Livigno),property-facts.json,2026-10-02,2027-03-01,https://ironwoodlivigno.com/come-arrivare,done (2026-10-01)
https://ironwoodlivigno.com/come-arrivare/en-us,en-us,topic,travel,Francesco (Ironwood Livigno),property-facts.json,2026-10-02,2027-03-01,https://ironwoodlivigno.com/come-arrivare,done (2026-10-01)
https://ironwoodlivigno.com/come-arrivare/de,de,topic,travel,Francesco (Ironwood Livigno),property-facts.json,2026-10-02,2027-03-01,https://ironwoodlivigno.com/come-arrivare,"partial (Sie form, 2026-10-01)"
https://ironwoodlivigno.com/come-arrivare/fr,fr,topic,travel,Francesco (Ironwood Livigno),property-facts.json,2026-10-02,2027-03-01,https://ironwoodlivigno.com/come-arrivare,pending
https://ironwoodlivigno.com/come-arrivare/da,da,topic,travel,Francesco (Ironwood Livigno),property-facts.json,2026-10-02,2027-03-01,https://ironwoodlivigno.com/come-arrivare,pending
https://ironwoodlivigno.com/come-arrivare/pl,pl,topic,travel,Francesco (Ironwood Livigno),property-facts.json,2026-10-02,2027-03-01,https://ironwoodlivigno.com/come-arrivare,pending
https://ironwoodlivigno.com/come-arrivare/cs,cs,topic,travel,Francesco (Ironwood Livigno),property-facts.json,2026-10-02,2027-03-01,https://ironwoodlivigno.com/come-arrivare,pending
https://ironwoodlivigno.com/come-arrivare/no,no,topic,travel,Francesco (Ironwood Livigno),property-facts.json,2026-10-02,2027-03-01,https://ironwoodlivigno.com/come-arrivare,pending
https://ironwoodlivigno.com/come-arrivare/nl,nl,topic,travel,Francesco (Ironwood Livigno),property-facts.json,2026-10-02,2027-03-01,https://ironwoodlivigno.com/come-arrivare,pending
https://ironwoodlivigno.com/come-arrivare/zh,zh,topic,travel,Francesco (Ironwood Livigno),property-facts.json,2026-10-02,2027-03-01,https://ironwoodlivigno.com/come-arrivare,pending
https://ironwoodlivigno.com/come-arrivare/ja,ja,topic,travel,Francesco (Ironwood Livigno),property-facts.json,2026-10-02,2027-03-01,https://ironwoodlivigno.com/come-arrivare,pending
https://ironwoodlivigno.com/chi-siamo,it,topic,apartment,Francesco (Ironwood Livigno),property-facts.json,2026-10-02,2027-01-15,(original),n/a
https://ironwoodlivigno.com/chi-siamo/en,en,topic,apartment,Francesco (Ironwood Livigno),property-facts.json,2026-10-02,2027-01-15,https://ironwoodlivigno.com/chi-siamo,done (2026-10-01)
https://ironwoodlivigno.com/chi-siamo/en-us,en-us,topic,apartment,Francesco (Ironwood Livigno),property-facts.json,2026-10-02,2027-01-15,https://ironwoodlivigno.com/chi-siamo,done (2026-10-01)
https://ironwoodlivigno.com/chi-siamo/de,de,topic,apartment,Francesco (Ironwood Livigno),property-facts.json,2026-10-02,2027-01-15,https://ironwoodlivigno.com/chi-siamo,"partial (Sie form, 2026-10-01)"
https://ironwoodlivigno.com/chi-siamo/fr,fr,topic,apartment,Francesco (Ironwood Livigno),property-facts.json,2026-10-02,2027-01-15,https://ironwoodlivigno.com/chi-siamo,pending
https://ironwoodlivigno.com/chi-siamo/da,da,topic,apartment,Francesco (Ironwood Livigno),property-facts.json,2026-10-02,2027-01-15,https://ironwoodlivigno.com/chi-siamo,pending
https://ironwoodlivigno.com/chi-siamo/pl,pl,topic,apartment,Francesco (Ironwood Livigno),property-facts.json,2026-10-02,2027-01-15,https://ironwoodlivigno.com/chi-siamo,pending
https://ironwoodlivigno.com/chi-siamo/cs,cs,topic,apartment,Francesco (Ironwood Livigno),property-facts.json,2026-10-02,2027-01-15,https://ironwoodlivigno.com/chi-siamo,pending
https://ironwoodlivigno.com/chi-siamo/no,no,topic,apartment,Francesco (Ironwood Livigno),property-facts.json,2026-10-02,2027-01-15,https://ironwoodlivigno.com/chi-siamo,pending
https://ironwoodlivigno.com/chi-siamo/nl,nl,topic,apartment,Francesco (Ironwood Livigno),property-facts.json,2026-10-02,2027-01-15,https://ironwoodlivigno.com/chi-siamo,pending
https://ironwoodlivigno.com/chi-siamo/zh,zh,topic,apartment,Francesco (Ironwood Livigno),property-facts.json,2026-10-02,2027-01-15,https://ironwoodlivigno.com/chi-siamo,pending
https://ironwoodlivigno.com/chi-siamo/ja,ja,topic,apartment,Francesco (Ironwood Livigno),property-facts.json,2026-10-02,2027-01-15,https://ironwoodlivigno.com/chi-siamo,pending
https://ironwoodlivigno.com/sauna-bagno-turco-privato-livigno,it,topic,apartment,Francesco (Ironwood Livigno),property-facts.json,2026-10-02,2027-01-15,(original),n/a
https://ironwoodlivigno.com/sauna-bagno-turco-privato-livigno/en,en,topic,apartment,Francesco (Ironwood Livigno),property-facts.json,2026-10-02,2027-01-15,https://ironwoodlivigno.com/sauna-bagno-turco-privato-livigno,done (2026-10-01)
https://ironwoodlivigno.com/sauna-bagno-turco-privato-livigno/en-us,en-us,topic,apartment,Francesco (Ironwood Livigno),property-facts.json,2026-10-02,2027-01-15,https://ironwoodlivigno.com/sauna-bagno-turco-privato-livigno,done (2026-10-01)
https://ironwoodlivigno.com/sauna-bagno-turco-privato-livigno/de,de,topic,apartment,Francesco (Ironwood Livigno),property-facts.json,2026-10-02,2027-01-15,https://ironwoodlivigno.com/sauna-bagno-turco-privato-livigno,"partial (Sie form, 2026-10-01)"
https://ironwoodlivigno.com/sauna-bagno-turco-privato-livigno/fr,fr,topic,apartment,Francesco (Ironwood Livigno),property-facts.json,2026-10-02,2027-01-15,https://ironwoodlivigno.com/sauna-bagno-turco-privato-livigno,pending
https://ironwoodlivigno.com/sauna-bagno-turco-privato-livigno/da,da,topic,apartment,Francesco (Ironwood Livigno),property-facts.json,2026-10-02,2027-01-15,https://ironwoodlivigno.com/sauna-bagno-turco-privato-livigno,pending
https://ironwoodlivigno.com/sauna-bagno-turco-privato-livigno/pl,pl,topic,apartment,Francesco (Ironwood Livigno),property-facts.json,2026-10-02,2027-01-15,https://ironwoodlivigno.com/sauna-bagno-turco-privato-livigno,pending
https://ironwoodlivigno.com/sauna-bagno-turco-privato-livigno/cs,cs,topic,apartment,Francesco (Ironwood Livigno),property-facts.json,2026-10-02,2027-01-15,https://ironwoodlivigno.com/sauna-bagno-turco-privato-livigno,pending
https://ironwoodlivigno.com/sauna-bagno-turco-privato-livigno/no,no,topic,apartment,Francesco (Ironwood Livigno),property-facts.json,2026-10-02,2027-01-15,https://ironwoodlivigno.com/sauna-bagno-turco-privato-livigno,pending
https://ironwoodlivigno.com/sauna-bagno-turco-privato-livigno/nl,nl,topic,apartment,Francesco (Ironwood Livigno),property-facts.json,2026-10-02,2027-01-15,https://ironwoodlivigno.com/sauna-bagno-turco-privato-livigno,pending
https://ironwoodlivigno.com/sauna-bagno-turco-privato-livigno/zh,zh,topic,apartment,Francesco (Ironwood Livigno),property-facts.json,2026-10-02,2027-01-15,https://ironwoodlivigno.com/sauna-bagno-turco-privato-livigno,pending
https://ironwoodlivigno.com/sauna-bagno-turco-privato-livigno/ja,ja,topic,apartment,Francesco (Ironwood Livigno),property-facts.json,2026-10-02,2027-01-15,https://ironwoodlivigno.com/sauna-bagno-turco-privato-livigno,pending
https://ironwoodlivigno.com/camere-appartamento-livigno,it,topic,apartment,Francesco (Ironwood Livigno),property-facts.json,2026-10-02,2027-01-15,(original),n/a
https://ironwoodlivigno.com/camere-appartamento-livigno/en,en,topic,apartment,Francesco (Ironwood Livigno),property-facts.json,2026-10-02,2027-01-15,https://ironwoodlivigno.com/camere-appartamento-livigno,done (2026-10-01)
https://ironwoodlivigno.com/camere-appartamento-livigno/en-us,en-us,topic,apartment,Francesco (Ironwood Livigno),property-facts.json,2026-10-02,2027-01-15,https://ironwoodlivigno.com/camere-appartamento-livigno,done (2026-10-01)
https://ironwoodlivigno.com/camere-appartamento-livigno/de,de,topic,apartment,Francesco (Ironwood Livigno),property-facts.json,2026-10-02,2027-01-15,https://ironwoodlivigno.com/camere-appartamento-livigno,"partial (Sie form, 2026-10-01)"
https://ironwoodlivigno.com/camere-appartamento-livigno/fr,fr,topic,apartment,Francesco (Ironwood Livigno),property-facts.json,2026-10-02,2027-01-15,https://ironwoodlivigno.com/camere-appartamento-livigno,pending
https://ironwoodlivigno.com/camere-appartamento-livigno/da,da,topic,apartment,Francesco (Ironwood Livigno),property-facts.json,2026-10-02,2027-01-15,https://ironwoodlivigno.com/camere-appartamento-livigno,pending
https://ironwoodlivigno.com/camere-appartamento-livigno/pl,pl,topic,apartment,Francesco (Ironwood Livigno),property-facts.json,2026-10-02,2027-01-15,https://ironwoodlivigno.com/camere-appartamento-livigno,pending
https://ironwoodlivigno.com/camere-appartamento-livigno/cs,cs,topic,apartment,Francesco (Ironwood Livigno),property-facts.json,2026-10-02,2027-01-15,https://ironwoodlivigno.com/camere-appartamento-livigno,pending
https://ironwoodlivigno.com/camere-appartamento-livigno/no,no,topic,apartment,Francesco (Ironwood Livigno),property-facts.json,2026-10-02,2027-01-15,https://ironwoodlivigno.com/camere-appartamento-livigno,pending
https://ironwoodlivigno.com/camere-appartamento-livigno/nl,nl,topic,apartment,Francesco (Ironwood Livigno),property-facts.json,2026-10-02,2027-01-15,https://ironwoodlivigno.com/camere-appartamento-livigno,pending
https://ironwoodlivigno.com/camere-appartamento-livigno/zh,zh,topic,apartment,Francesco (Ironwood Livigno),property-facts.json,2026-10-02,2027-01-15,https://ironwoodlivigno.com/camere-appartamento-livigno,pending
https://ironwoodlivigno.com/camere-appartamento-livigno/ja,ja,topic,apartment,Francesco (Ironwood Livigno),property-facts.json,2026-10-02,2027-01-15,https://ironwoodlivigno.com/camere-appartamento-livigno,pending
