url,lang,page_type,intent_coverage,fact_coverage,entity_coverage,question_coverage,internal_link_coverage,trust_coverage,conversion_coverage,depth_index,weakest_dimension
https://ironwoodlivigno.com/it,it,home,1.00,1.00,0.60,1.00,1.00,1.00,1.00,0.94,entity
https://ironwoodlivigno.com/en,en,home,1.00,1.00,0.60,1.00,1.00,1.00,1.00,0.94,entity
https://ironwoodlivigno.com/de,de,home,1.00,1.00,0.60,1.00,1.00,1.00,1.00,0.94,entity
https://ironwoodlivigno.com/fr,fr,home,1.00,1.00,0.60,1.00,1.00,1.00,1.00,0.94,entity
https://ironwoodlivigno.com/da,da,home,1.00,1.00,0.60,1.00,1.00,1.00,1.00,0.94,entity
https://ironwoodlivigno.com/pl,pl,home,1.00,1.00,0.60,1.00,1.00,1.00,1.00,0.94,entity
https://ironwoodlivigno.com/cs,cs,home,1.00,1.00,0.60,1.00,1.00,1.00,1.00,0.94,entity
https://ironwoodlivigno.com/no,no,home,1.00,1.00,0.60,1.00,1.00,1.00,1.00,0.94,entity
https://ironwoodlivigno.com/nl,nl,home,1.00,1.00,0.60,1.00,1.00,1.00,1.00,0.94,entity
https://ironwoodlivigno.com/zh,zh,home,1.00,1.00,0.60,1.00,1.00,1.00,1.00,0.94,entity
https://ironwoodlivigno.com/ja,ja,home,1.00,1.00,0.60,1.00,1.00,1.00,1.00,0.94,entity
https://ironwoodlivigno.com/en-us,en-us,home,1.00,1.00,0.60,1.00,1.00,1.00,1.00,0.94,entity
https://ironwoodlivigno.com/it/contatti,it,contact,0.87,1.00,0.60,1.00,1.00,0.50,1.00,0.85,trust
https://ironwoodlivigno.com/en/contact,en,contact,0.87,1.00,0.60,1.00,1.00,0.50,1.00,0.85,trust
https://ironwoodlivigno.com/de/kontakt,de,contact,0.87,1.00,0.60,1.00,1.00,0.50,1.00,0.85,trust
https://ironwoodlivigno.com/fr/contact,fr,contact,0.87,1.00,0.60,1.00,1.00,0.50,1.00,0.85,trust
https://ironwoodlivigno.com/da/kontakt,da,contact,0.87,1.00,0.60,1.00,1.00,0.50,1.00,0.85,trust
https://ironwoodlivigno.com/pl/kontakt,pl,contact,0.87,1.00,0.60,1.00,1.00,0.50,1.00,0.85,trust
https://ironwoodlivigno.com/cs/kontakt,cs,contact,0.87,1.00,0.60,1.00,1.00,0.50,1.00,0.85,trust
https://ironwoodlivigno.com/no/kontakt,no,contact,0.87,1.00,0.60,1.00,1.00,0.50,1.00,0.85,trust
https://ironwoodlivigno.com/nl/contact,nl,contact,0.87,1.00,0.60,1.00,1.00,0.50,1.00,0.85,trust
https://ironwoodlivigno.com/zh/contact,zh,contact,0.87,1.00,0.60,1.00,1.00,0.50,1.00,0.85,trust
https://ironwoodlivigno.com/ja/contact,ja,contact,0.87,1.00,0.60,1.00,1.00,0.75,1.00,0.89,entity
https://ironwoodlivigno.com/en-us/contact,en-us,contact,0.87,1.00,0.60,1.00,1.00,0.50,1.00,0.85,trust
https://ironwoodlivigno.com/blog,it,blog-index,1.00,1.00,1.00,1.00,1.00,0.50,1.00,0.93,trust
https://ironwoodlivigno.com/blog/en,en,blog-index,1.00,1.00,1.00,1.00,1.00,0.50,1.00,0.93,trust
https://ironwoodlivigno.com/blog/de,de,blog-index,1.00,1.00,1.00,1.00,1.00,0.50,1.00,0.93,trust
https://ironwoodlivigno.com/blog/pl,pl,blog-index,1.00,1.00,1.00,1.00,1.00,0.50,1.00,0.93,trust
https://ironwoodlivigno.com/blog/nl,nl,blog-index,1.00,1.00,1.00,1.00,1.00,0.50,1.00,0.93,trust
https://ironwoodlivigno.com/blog/cs,cs,blog-index,1.00,1.00,1.00,1.00,1.00,0.50,1.00,0.93,trust
https://ironwoodlivigno.com/blog/fr,fr,blog-index,1.00,1.00,1.00,1.00,1.00,0.50,1.00,0.93,trust
https://ironwoodlivigno.com/blog/da,da,blog-index,1.00,1.00,1.00,1.00,1.00,0.50,1.00,0.93,trust
https://ironwoodlivigno.com/blog/no,no,blog-index,1.00,1.00,1.00,1.00,1.00,0.50,1.00,0.93,trust
https://ironwoodlivigno.com/blog/zh,zh,blog-index,1.00,1.00,1.00,1.00,1.00,0.50,1.00,0.93,trust
https://ironwoodlivigno.com/blog/ja,ja,blog-index,1.00,1.00,0.60,1.00,1.00,0.50,1.00,0.87,trust
https://ironwoodlivigno.com/blog/come-arrivare-a-livigno,it,article,1.00,1.00,0.60,0.00,1.00,0.50,1.00,0.73,question
https://ironwoodlivigno.com/blog/come-arrivare-a-livigno/en,en,article,1.00,1.00,0.60,0.00,0.93,0.50,1.00,0.72,question
https://ironwoodlivigno.com/blog/come-arrivare-a-livigno/de,de,article,1.00,1.00,0.60,0.00,0.93,0.50,1.00,0.72,question
https://ironwoodlivigno.com/blog/come-arrivare-a-livigno/pl,pl,article,1.00,1.00,0.60,0.00,0.93,0.50,1.00,0.72,question
https://ironwoodlivigno.com/blog/come-arrivare-a-livigno/nl,nl,article,1.00,1.00,0.60,0.00,0.93,0.50,1.00,0.72,question
https://ironwoodlivigno.com/blog/come-arrivare-a-livigno/cs,cs,article,1.00,1.00,0.60,0.00,0.93,0.50,1.00,0.72,question
https://ironwoodlivigno.com/blog/come-arrivare-a-livigno/fr,fr,article,1.00,1.00,0.60,0.00,0.93,0.50,1.00,0.72,question
https://ironwoodlivigno.com/blog/come-arrivare-a-livigno/da,da,article,1.00,1.00,0.60,0.00,0.93,0.50,1.00,0.72,question
https://ironwoodlivigno.com/blog/come-arrivare-a-livigno/no,no,article,1.00,1.00,0.60,0.00,0.93,0.50,1.00,0.72,question
https://ironwoodlivigno.com/blog/come-arrivare-a-livigno/zh,zh,article,1.00,1.00,0.60,0.00,0.93,0.50,1.00,0.72,question
https://ironwoodlivigno.com/blog/come-arrivare-a-livigno/ja,ja,article,1.00,1.00,0.60,0.00,0.93,0.50,1.00,0.72,question
https://ironwoodlivigno.com/blog/sci-a-livigno-guida-carosello-3000,it,article,1.00,0.50,1.00,0.00,1.00,0.50,1.00,0.71,question
https://ironwoodlivigno.com/blog/sci-a-livigno-guida-carosello-3000/en,en,article,1.00,1.00,1.00,0.00,0.93,0.75,1.00,0.81,question
https://ironwoodlivigno.com/blog/sci-a-livigno-guida-carosello-3000/de,de,article,1.00,1.00,1.00,0.00,0.93,0.75,1.00,0.81,question
https://ironwoodlivigno.com/blog/sci-a-livigno-guida-carosello-3000/pl,pl,article,1.00,1.00,1.00,0.00,0.93,0.75,1.00,0.81,question
https://ironwoodlivigno.com/blog/sci-a-livigno-guida-carosello-3000/nl,nl,article,1.00,1.00,1.00,0.00,0.93,0.75,1.00,0.81,question
https://ironwoodlivigno.com/blog/sci-a-livigno-guida-carosello-3000/cs,cs,article,1.00,1.00,1.00,0.00,0.93,0.75,1.00,0.81,question
https://ironwoodlivigno.com/blog/sci-a-livigno-guida-carosello-3000/fr,fr,article,1.00,1.00,1.00,0.00,0.93,0.75,1.00,0.81,question
https://ironwoodlivigno.com/blog/sci-a-livigno-guida-carosello-3000/da,da,article,1.00,1.00,1.00,0.00,0.93,0.75,1.00,0.81,question
https://ironwoodlivigno.com/blog/sci-a-livigno-guida-carosello-3000/no,no,article,1.00,1.00,1.00,0.00,0.93,0.75,1.00,0.81,question
https://ironwoodlivigno.com/blog/sci-a-livigno-guida-carosello-3000/zh,zh,article,1.00,1.00,1.00,0.00,0.93,0.75,1.00,0.81,question
https://ironwoodlivigno.com/blog/sci-a-livigno-guida-carosello-3000/ja,ja,article,1.00,1.00,1.00,0.00,0.93,0.75,1.00,0.81,question
https://ironwoodlivigno.com/blog/livigno-estate-mountain-bike-trekking-lago,it,article,1.00,0.50,1.00,0.00,1.00,0.50,1.00,0.71,question
https://ironwoodlivigno.com/blog/livigno-estate-mountain-bike-trekking-lago/en,en,article,1.00,0.50,1.00,0.00,0.93,0.50,1.00,0.70,question
https://ironwoodlivigno.com/blog/livigno-estate-mountain-bike-trekking-lago/de,de,article,1.00,0.50,1.00,0.00,0.93,0.50,1.00,0.70,question
https://ironwoodlivigno.com/blog/livigno-estate-mountain-bike-trekking-lago/pl,pl,article,1.00,0.50,1.00,0.00,0.93,0.50,1.00,0.70,question
https://ironwoodlivigno.com/blog/livigno-estate-mountain-bike-trekking-lago/nl,nl,article,1.00,0.50,1.00,0.00,0.93,0.50,1.00,0.70,question
https://ironwoodlivigno.com/blog/livigno-estate-mountain-bike-trekking-lago/cs,cs,article,1.00,0.50,1.00,0.00,0.93,0.50,1.00,0.70,question
https://ironwoodlivigno.com/blog/livigno-estate-mountain-bike-trekking-lago/fr,fr,article,1.00,0.50,1.00,0.00,0.93,0.50,1.00,0.70,question
https://ironwoodlivigno.com/blog/livigno-estate-mountain-bike-trekking-lago/da,da,article,1.00,0.50,1.00,0.00,0.93,0.50,1.00,0.70,question
https://ironwoodlivigno.com/blog/livigno-estate-mountain-bike-trekking-lago/no,no,article,1.00,0.50,1.00,0.00,0.93,0.50,1.00,0.70,question
https://ironwoodlivigno.com/blog/livigno-estate-mountain-bike-trekking-lago/zh,zh,article,1.00,0.50,1.00,0.00,0.93,0.50,1.00,0.70,question
https://ironwoodlivigno.com/blog/livigno-estate-mountain-bike-trekking-lago/ja,ja,article,1.00,0.50,0.60,0.00,0.93,0.50,1.00,0.65,question
https://ironwoodlivigno.com/blog/cosa-mangiare-a-livigno-piatti-tipici,it,article,1.00,0.50,0.80,0.00,1.00,0.50,1.00,0.69,question
https://ironwoodlivigno.com/blog/cosa-mangiare-a-livigno-piatti-tipici/en,en,article,1.00,0.50,0.60,0.00,0.93,0.50,1.00,0.65,question
https://ironwoodlivigno.com/blog/cosa-mangiare-a-livigno-piatti-tipici/de,de,article,1.00,0.50,0.60,0.00,0.93,0.50,1.00,0.65,question
https://ironwoodlivigno.com/blog/cosa-mangiare-a-livigno-piatti-tipici/pl,pl,article,1.00,0.50,0.60,0.00,0.93,0.50,1.00,0.65,question
https://ironwoodlivigno.com/blog/cosa-mangiare-a-livigno-piatti-tipici/nl,nl,article,1.00,0.50,0.60,0.00,0.93,0.50,1.00,0.65,question
https://ironwoodlivigno.com/blog/cosa-mangiare-a-livigno-piatti-tipici/cs,cs,article,1.00,0.50,0.60,0.00,0.93,0.50,1.00,0.65,question
https://ironwoodlivigno.com/blog/cosa-mangiare-a-livigno-piatti-tipici/fr,fr,article,1.00,0.50,0.60,0.00,0.93,0.50,1.00,0.65,question
https://ironwoodlivigno.com/blog/cosa-mangiare-a-livigno-piatti-tipici/da,da,article,1.00,0.50,0.60,0.00,0.93,0.50,1.00,0.65,question
https://ironwoodlivigno.com/blog/cosa-mangiare-a-livigno-piatti-tipici/no,no,article,1.00,0.50,0.60,0.00,0.93,0.50,1.00,0.65,question
https://ironwoodlivigno.com/blog/cosa-mangiare-a-livigno-piatti-tipici/zh,zh,article,1.00,0.50,0.60,0.00,0.93,0.50,1.00,0.65,question
https://ironwoodlivigno.com/blog/cosa-mangiare-a-livigno-piatti-tipici/ja,ja,article,1.00,0.50,0.60,0.00,0.93,0.50,1.00,0.65,question
https://ironwoodlivigno.com/blog/shopping-duty-free-livigno-cosa-comprare,it,article,1.00,0.50,0.60,0.00,1.00,0.50,1.00,0.66,question
https://ironwoodlivigno.com/blog/shopping-duty-free-livigno-cosa-comprare/en,en,article,1.00,0.50,0.60,0.00,0.93,0.50,1.00,0.65,question
https://ironwoodlivigno.com/blog/shopping-duty-free-livigno-cosa-comprare/de,de,article,1.00,0.50,0.60,0.00,0.93,0.50,1.00,0.65,question
https://ironwoodlivigno.com/blog/shopping-duty-free-livigno-cosa-comprare/pl,pl,article,1.00,0.50,0.60,0.00,0.93,0.50,1.00,0.65,question
https://ironwoodlivigno.com/blog/shopping-duty-free-livigno-cosa-comprare/nl,nl,article,1.00,0.50,0.60,0.00,0.93,0.50,1.00,0.65,question
https://ironwoodlivigno.com/blog/shopping-duty-free-livigno-cosa-comprare/cs,cs,article,1.00,0.50,0.60,0.00,0.93,0.50,1.00,0.65,question
https://ironwoodlivigno.com/blog/shopping-duty-free-livigno-cosa-comprare/fr,fr,article,1.00,0.50,0.60,0.00,0.93,0.50,1.00,0.65,question
https://ironwoodlivigno.com/blog/shopping-duty-free-livigno-cosa-comprare/da,da,article,1.00,0.50,0.60,0.00,0.93,0.50,1.00,0.65,question
https://ironwoodlivigno.com/blog/shopping-duty-free-livigno-cosa-comprare/no,no,article,1.00,0.50,0.60,0.00,0.93,0.50,1.00,0.65,question
https://ironwoodlivigno.com/blog/shopping-duty-free-livigno-cosa-comprare/zh,zh,article,1.00,0.50,0.60,0.00,0.93,0.50,1.00,0.65,question
https://ironwoodlivigno.com/blog/shopping-duty-free-livigno-cosa-comprare/ja,ja,article,1.00,0.50,0.60,0.00,0.93,0.50,1.00,0.65,question
https://ironwoodlivigno.com/blog/livigno-con-bambini-attivita-famiglia,it,article,1.00,0.50,0.80,0.00,1.00,0.50,1.00,0.69,question
https://ironwoodlivigno.com/blog/livigno-con-bambini-attivita-famiglia/en,en,article,1.00,0.50,0.80,0.00,0.93,0.50,1.00,0.68,question
https://ironwoodlivigno.com/blog/livigno-con-bambini-attivita-famiglia/de,de,article,1.00,0.50,0.80,0.00,0.93,0.50,1.00,0.68,question
https://ironwoodlivigno.com/blog/livigno-con-bambini-attivita-famiglia/pl,pl,article,1.00,0.50,0.80,0.00,0.93,0.50,1.00,0.68,question
https://ironwoodlivigno.com/blog/livigno-con-bambini-attivita-famiglia/nl,nl,article,1.00,0.50,0.80,0.00,0.93,0.50,1.00,0.68,question
https://ironwoodlivigno.com/blog/livigno-con-bambini-attivita-famiglia/cs,cs,article,1.00,0.50,0.60,0.00,0.93,0.50,1.00,0.65,question
https://ironwoodlivigno.com/blog/livigno-con-bambini-attivita-famiglia/fr,fr,article,1.00,0.50,0.80,0.00,0.93,0.50,1.00,0.68,question
https://ironwoodlivigno.com/blog/livigno-con-bambini-attivita-famiglia/da,da,article,1.00,0.50,0.80,0.00,0.93,0.50,1.00,0.68,question
https://ironwoodlivigno.com/blog/livigno-con-bambini-attivita-famiglia/no,no,article,1.00,0.50,0.80,0.00,0.93,0.50,1.00,0.68,question
https://ironwoodlivigno.com/blog/livigno-con-bambini-attivita-famiglia/zh,zh,article,1.00,0.50,0.80,0.00,0.93,0.50,1.00,0.68,question
https://ironwoodlivigno.com/blog/livigno-con-bambini-attivita-famiglia/ja,ja,article,1.00,0.50,0.60,0.00,0.93,0.50,1.00,0.65,question
https://ironwoodlivigno.com/blog/livigno-estate-10-esperienze-imperdibili,it,article,1.00,0.50,1.00,0.00,1.00,0.50,1.00,0.71,question
https://ironwoodlivigno.com/blog/livigno-estate-10-esperienze-imperdibili/en,en,article,1.00,0.50,1.00,0.00,0.93,0.50,1.00,0.70,question
https://ironwoodlivigno.com/blog/livigno-estate-10-esperienze-imperdibili/de,de,article,1.00,0.50,1.00,0.00,0.93,0.50,1.00,0.70,question
https://ironwoodlivigno.com/blog/livigno-estate-10-esperienze-imperdibili/pl,pl,article,1.00,0.50,1.00,0.00,0.93,0.50,1.00,0.70,question
https://ironwoodlivigno.com/blog/livigno-estate-10-esperienze-imperdibili/nl,nl,article,1.00,0.50,1.00,0.00,0.93,0.50,1.00,0.70,question
https://ironwoodlivigno.com/blog/livigno-estate-10-esperienze-imperdibili/cs,cs,article,1.00,0.50,1.00,0.00,0.93,0.50,1.00,0.70,question
https://ironwoodlivigno.com/blog/livigno-estate-10-esperienze-imperdibili/fr,fr,article,1.00,0.50,1.00,0.00,0.93,0.50,1.00,0.70,question
https://ironwoodlivigno.com/blog/livigno-estate-10-esperienze-imperdibili/da,da,article,1.00,0.50,1.00,0.00,0.93,0.50,1.00,0.70,question
https://ironwoodlivigno.com/blog/livigno-estate-10-esperienze-imperdibili/no,no,article,1.00,0.50,1.00,0.00,0.93,0.50,1.00,0.70,question
https://ironwoodlivigno.com/blog/livigno-estate-10-esperienze-imperdibili/zh,zh,article,1.00,0.50,1.00,0.00,0.93,0.50,1.00,0.70,question
https://ironwoodlivigno.com/blog/livigno-estate-10-esperienze-imperdibili/ja,ja,article,1.00,0.50,0.60,0.00,0.93,0.50,1.00,0.65,question
https://ironwoodlivigno.com/blog/migliori-piste-sci-livigno-famiglie,it,article,1.00,1.00,1.00,0.00,1.00,0.50,1.00,0.79,question
https://ironwoodlivigno.com/blog/migliori-piste-sci-livigno-famiglie/en,en,article,1.00,1.00,1.00,0.00,0.93,0.50,1.00,0.78,question
https://ironwoodlivigno.com/blog/migliori-piste-sci-livigno-famiglie/de,de,article,1.00,1.00,1.00,0.00,0.93,0.50,1.00,0.78,question
https://ironwoodlivigno.com/blog/migliori-piste-sci-livigno-famiglie/pl,pl,article,1.00,1.00,1.00,0.00,0.93,0.50,1.00,0.78,question
https://ironwoodlivigno.com/blog/migliori-piste-sci-livigno-famiglie/nl,nl,article,1.00,1.00,1.00,0.00,0.93,0.50,1.00,0.78,question
https://ironwoodlivigno.com/blog/migliori-piste-sci-livigno-famiglie/cs,cs,article,1.00,1.00,1.00,0.00,0.93,0.50,1.00,0.78,question
https://ironwoodlivigno.com/blog/migliori-piste-sci-livigno-famiglie/fr,fr,article,1.00,1.00,1.00,0.00,0.93,0.50,1.00,0.78,question
https://ironwoodlivigno.com/blog/migliori-piste-sci-livigno-famiglie/da,da,article,1.00,1.00,1.00,0.00,0.93,0.50,1.00,0.78,question
https://ironwoodlivigno.com/blog/migliori-piste-sci-livigno-famiglie/no,no,article,1.00,1.00,1.00,0.00,0.93,0.50,1.00,0.78,question
https://ironwoodlivigno.com/blog/migliori-piste-sci-livigno-famiglie/zh,zh,article,1.00,1.00,1.00,0.00,0.93,0.50,1.00,0.78,question
https://ironwoodlivigno.com/blog/migliori-piste-sci-livigno-famiglie/ja,ja,article,1.00,1.00,0.60,0.00,0.93,0.50,1.00,0.72,question
https://ironwoodlivigno.com/blog/sauna-privata-vs-condivisa-livigno,it,article,1.00,0.50,0.60,0.00,1.00,0.75,1.00,0.69,question
https://ironwoodlivigno.com/blog/sauna-privata-vs-condivisa-livigno/en,en,article,1.00,0.50,0.60,0.00,0.93,0.75,1.00,0.68,question
https://ironwoodlivigno.com/blog/sauna-privata-vs-condivisa-livigno/de,de,article,1.00,0.50,0.60,0.00,0.93,0.75,1.00,0.68,question
https://ironwoodlivigno.com/blog/sauna-privata-vs-condivisa-livigno/pl,pl,article,1.00,0.50,0.60,0.00,0.93,0.75,1.00,0.68,question
https://ironwoodlivigno.com/blog/sauna-privata-vs-condivisa-livigno/nl,nl,article,1.00,0.50,0.60,0.00,0.93,0.75,1.00,0.68,question
https://ironwoodlivigno.com/blog/sauna-privata-vs-condivisa-livigno/cs,cs,article,1.00,0.50,0.60,0.00,0.93,0.75,1.00,0.68,question
https://ironwoodlivigno.com/blog/sauna-privata-vs-condivisa-livigno/fr,fr,article,1.00,0.50,0.60,0.00,0.93,0.75,1.00,0.68,question
https://ironwoodlivigno.com/blog/sauna-privata-vs-condivisa-livigno/da,da,article,1.00,0.50,0.60,0.00,0.93,0.75,1.00,0.68,question
https://ironwoodlivigno.com/blog/sauna-privata-vs-condivisa-livigno/no,no,article,1.00,0.50,0.60,0.00,0.93,0.75,1.00,0.68,question
https://ironwoodlivigno.com/blog/sauna-privata-vs-condivisa-livigno/zh,zh,article,1.00,0.50,0.60,0.00,0.93,0.75,1.00,0.68,question
https://ironwoodlivigno.com/blog/sauna-privata-vs-condivisa-livigno/ja,ja,article,1.00,0.50,0.60,0.00,0.93,0.75,1.00,0.68,question
https://ironwoodlivigno.com/blog/quanto-costa-sciare-a-livigno-guida-prezzi,it,article,1.00,0.50,0.80,0.00,1.00,0.50,1.00,0.69,question
https://ironwoodlivigno.com/blog/quanto-costa-sciare-a-livigno-guida-prezzi/en,en,article,1.00,0.50,0.80,0.00,0.93,0.50,1.00,0.68,question
https://ironwoodlivigno.com/blog/quanto-costa-sciare-a-livigno-guida-prezzi/de,de,article,1.00,0.50,0.80,0.00,0.93,0.50,1.00,0.68,question
https://ironwoodlivigno.com/blog/quanto-costa-sciare-a-livigno-guida-prezzi/pl,pl,article,1.00,0.50,0.80,0.00,0.93,0.50,1.00,0.68,question
https://ironwoodlivigno.com/blog/quanto-costa-sciare-a-livigno-guida-prezzi/nl,nl,article,1.00,0.50,0.80,0.00,0.93,0.50,1.00,0.68,question
https://ironwoodlivigno.com/blog/quanto-costa-sciare-a-livigno-guida-prezzi/cs,cs,article,1.00,0.50,0.80,0.00,0.93,0.50,1.00,0.68,question
https://ironwoodlivigno.com/blog/quanto-costa-sciare-a-livigno-guida-prezzi/fr,fr,article,1.00,0.50,0.80,0.00,0.93,0.50,1.00,0.68,question
https://ironwoodlivigno.com/blog/quanto-costa-sciare-a-livigno-guida-prezzi/da,da,article,1.00,0.50,0.80,0.00,0.93,0.50,1.00,0.68,question
https://ironwoodlivigno.com/blog/quanto-costa-sciare-a-livigno-guida-prezzi/no,no,article,1.00,0.50,0.80,0.00,0.93,0.50,1.00,0.68,question
https://ironwoodlivigno.com/blog/quanto-costa-sciare-a-livigno-guida-prezzi/zh,zh,article,1.00,0.50,0.80,0.00,0.93,0.50,1.00,0.68,question
https://ironwoodlivigno.com/blog/quanto-costa-sciare-a-livigno-guida-prezzi/ja,ja,article,1.00,0.50,0.60,0.00,0.93,0.50,1.00,0.65,question
https://ironwoodlivigno.com/blog/natale-capodanno-a-livigno,it,article,1.00,0.50,0.60,0.00,1.00,0.50,1.00,0.66,question
https://ironwoodlivigno.com/blog/natale-capodanno-a-livigno/en,en,article,1.00,0.50,0.60,0.00,0.93,0.50,1.00,0.65,question
https://ironwoodlivigno.com/blog/natale-capodanno-a-livigno/de,de,article,1.00,0.50,0.60,0.00,0.93,0.50,1.00,0.65,question
https://ironwoodlivigno.com/blog/natale-capodanno-a-livigno/pl,pl,article,1.00,0.50,0.60,0.00,0.93,0.50,1.00,0.65,question
https://ironwoodlivigno.com/blog/natale-capodanno-a-livigno/nl,nl,article,1.00,0.50,0.60,0.00,0.93,0.50,1.00,0.65,question
https://ironwoodlivigno.com/blog/natale-capodanno-a-livigno/cs,cs,article,1.00,0.50,0.60,0.00,0.93,0.50,1.00,0.65,question
https://ironwoodlivigno.com/blog/natale-capodanno-a-livigno/fr,fr,article,1.00,0.50,0.60,0.00,0.93,0.50,1.00,0.65,question
https://ironwoodlivigno.com/blog/natale-capodanno-a-livigno/da,da,article,1.00,0.50,0.60,0.00,0.93,0.50,1.00,0.65,question
https://ironwoodlivigno.com/blog/natale-capodanno-a-livigno/no,no,article,1.00,0.50,0.60,0.00,0.93,0.50,1.00,0.65,question
https://ironwoodlivigno.com/blog/natale-capodanno-a-livigno/zh,zh,article,1.00,0.50,0.60,0.00,0.93,0.50,1.00,0.65,question
https://ironwoodlivigno.com/blog/natale-capodanno-a-livigno/ja,ja,article,1.00,0.50,0.60,0.00,0.93,0.50,1.00,0.65,question
https://ironwoodlivigno.com/blog/carosello-3000-vs-mottolino-quale-scegliere,it,article,1.00,1.00,1.00,0.00,1.00,0.50,1.00,0.79,question
https://ironwoodlivigno.com/blog/carosello-3000-vs-mottolino-quale-scegliere/en,en,article,1.00,1.00,1.00,0.00,0.93,0.50,1.00,0.78,question
https://ironwoodlivigno.com/blog/carosello-3000-vs-mottolino-quale-scegliere/de,de,article,1.00,1.00,1.00,0.00,0.93,0.50,1.00,0.78,question
https://ironwoodlivigno.com/blog/carosello-3000-vs-mottolino-quale-scegliere/pl,pl,article,1.00,1.00,1.00,0.00,0.93,0.50,1.00,0.78,question
https://ironwoodlivigno.com/blog/carosello-3000-vs-mottolino-quale-scegliere/nl,nl,article,1.00,1.00,1.00,0.00,0.93,0.50,1.00,0.78,question
https://ironwoodlivigno.com/blog/carosello-3000-vs-mottolino-quale-scegliere/cs,cs,article,1.00,1.00,1.00,0.00,0.93,0.50,1.00,0.78,question
https://ironwoodlivigno.com/blog/carosello-3000-vs-mottolino-quale-scegliere/fr,fr,article,1.00,1.00,1.00,0.00,0.93,0.50,1.00,0.78,question
https://ironwoodlivigno.com/blog/carosello-3000-vs-mottolino-quale-scegliere/da,da,article,1.00,1.00,1.00,0.00,0.93,0.50,1.00,0.78,question
https://ironwoodlivigno.com/blog/carosello-3000-vs-mottolino-quale-scegliere/no,no,article,1.00,1.00,1.00,0.00,0.93,0.50,1.00,0.78,question
https://ironwoodlivigno.com/blog/carosello-3000-vs-mottolino-quale-scegliere/zh,zh,article,1.00,1.00,1.00,0.00,0.93,0.50,1.00,0.78,question
https://ironwoodlivigno.com/blog/carosello-3000-vs-mottolino-quale-scegliere/ja,ja,article,1.00,1.00,0.60,0.20,0.93,0.50,1.00,0.75,question
https://ironwoodlivigno.com/blog/quanto-costa-un-appartamento-a-livigno,it,article,1.00,1.00,0.60,0.00,1.00,0.50,1.00,0.73,question
https://ironwoodlivigno.com/blog/quanto-costa-un-appartamento-a-livigno/en,en,article,1.00,1.00,0.60,0.00,0.93,0.50,1.00,0.72,question
https://ironwoodlivigno.com/blog/quanto-costa-un-appartamento-a-livigno/de,de,article,1.00,1.00,0.60,0.00,0.93,0.50,1.00,0.72,question
https://ironwoodlivigno.com/blog/quanto-costa-un-appartamento-a-livigno/pl,pl,article,1.00,1.00,0.60,0.00,0.93,0.50,1.00,0.72,question
https://ironwoodlivigno.com/blog/quanto-costa-un-appartamento-a-livigno/nl,nl,article,1.00,1.00,0.60,0.00,0.93,0.50,1.00,0.72,question
https://ironwoodlivigno.com/blog/quanto-costa-un-appartamento-a-livigno/cs,cs,article,1.00,1.00,0.60,0.00,0.93,0.50,1.00,0.72,question
https://ironwoodlivigno.com/blog/quanto-costa-un-appartamento-a-livigno/fr,fr,article,1.00,1.00,0.60,0.00,0.93,0.50,1.00,0.72,question
https://ironwoodlivigno.com/blog/quanto-costa-un-appartamento-a-livigno/da,da,article,1.00,1.00,0.60,0.00,0.93,0.50,1.00,0.72,question
https://ironwoodlivigno.com/blog/quanto-costa-un-appartamento-a-livigno/no,no,article,1.00,1.00,0.60,0.00,0.93,0.50,1.00,0.72,question
https://ironwoodlivigno.com/blog/quanto-costa-un-appartamento-a-livigno/zh,zh,article,1.00,1.00,0.60,0.00,0.93,0.50,1.00,0.72,question
https://ironwoodlivigno.com/blog/quanto-costa-un-appartamento-a-livigno/ja,ja,article,1.00,1.00,0.60,0.00,0.93,0.50,1.00,0.72,question
https://ironwoodlivigno.com/blog/appartamento-con-sauna-privata-livigno-vs-hotel,it,article,1.00,0.50,0.60,0.00,1.00,0.50,1.00,0.66,question
https://ironwoodlivigno.com/blog/appartamento-con-sauna-privata-livigno-vs-hotel/en,en,article,1.00,0.50,0.60,0.00,0.93,0.50,1.00,0.65,question
https://ironwoodlivigno.com/blog/appartamento-con-sauna-privata-livigno-vs-hotel/de,de,article,1.00,0.50,0.60,0.20,0.93,0.50,1.00,0.68,question
https://ironwoodlivigno.com/blog/appartamento-con-sauna-privata-livigno-vs-hotel/pl,pl,article,1.00,0.50,0.60,0.20,0.93,0.50,1.00,0.68,question
https://ironwoodlivigno.com/blog/appartamento-con-sauna-privata-livigno-vs-hotel/nl,nl,article,1.00,0.50,0.60,0.20,0.93,0.50,1.00,0.68,question
https://ironwoodlivigno.com/blog/appartamento-con-sauna-privata-livigno-vs-hotel/cs,cs,article,1.00,0.50,0.60,0.20,0.93,0.50,1.00,0.68,question
https://ironwoodlivigno.com/blog/appartamento-con-sauna-privata-livigno-vs-hotel/fr,fr,article,1.00,0.50,0.60,0.20,0.93,0.50,1.00,0.68,question
https://ironwoodlivigno.com/blog/appartamento-con-sauna-privata-livigno-vs-hotel/da,da,article,1.00,0.50,0.60,0.20,0.93,0.50,1.00,0.68,question
https://ironwoodlivigno.com/blog/appartamento-con-sauna-privata-livigno-vs-hotel/no,no,article,1.00,0.50,0.60,0.20,0.93,0.50,1.00,0.68,question
https://ironwoodlivigno.com/blog/appartamento-con-sauna-privata-livigno-vs-hotel/zh,zh,article,1.00,0.50,0.60,0.20,0.93,0.50,1.00,0.68,question
https://ironwoodlivigno.com/blog/appartamento-con-sauna-privata-livigno-vs-hotel/ja,ja,article,1.00,0.50,0.60,0.00,0.93,0.50,1.00,0.65,question
https://ironwoodlivigno.com/blog/livigno-per-gruppi-numerosi-fino-a-6-persone,it,article,1.00,0.50,0.60,0.00,1.00,0.50,1.00,0.66,question
https://ironwoodlivigno.com/blog/livigno-per-gruppi-numerosi-fino-a-6-persone/en,en,article,1.00,0.50,0.60,0.00,1.00,0.50,1.00,0.66,question
https://ironwoodlivigno.com/blog/livigno-per-gruppi-numerosi-fino-a-6-persone/de,de,article,1.00,0.50,0.60,0.00,1.00,0.50,1.00,0.66,question
https://ironwoodlivigno.com/blog/livigno-per-gruppi-numerosi-fino-a-6-persone/pl,pl,article,1.00,0.50,0.60,0.00,1.00,0.50,1.00,0.66,question
https://ironwoodlivigno.com/blog/livigno-per-gruppi-numerosi-fino-a-6-persone/nl,nl,article,1.00,0.50,0.60,0.00,1.00,0.50,1.00,0.66,question
https://ironwoodlivigno.com/blog/livigno-per-gruppi-numerosi-fino-a-6-persone/cs,cs,article,1.00,0.50,0.60,0.00,1.00,0.50,1.00,0.66,question
https://ironwoodlivigno.com/blog/livigno-per-gruppi-numerosi-fino-a-6-persone/fr,fr,article,1.00,0.50,0.60,0.00,1.00,0.50,1.00,0.66,question
https://ironwoodlivigno.com/blog/livigno-per-gruppi-numerosi-fino-a-6-persone/da,da,article,1.00,0.50,0.60,0.00,1.00,0.50,1.00,0.66,question
https://ironwoodlivigno.com/blog/livigno-per-gruppi-numerosi-fino-a-6-persone/no,no,article,1.00,0.50,0.60,0.00,1.00,0.50,1.00,0.66,question
https://ironwoodlivigno.com/blog/livigno-per-gruppi-numerosi-fino-a-6-persone/zh,zh,article,1.00,0.50,0.60,0.00,1.00,0.50,1.00,0.66,question
https://ironwoodlivigno.com/blog/livigno-per-gruppi-numerosi-fino-a-6-persone/ja,ja,article,1.00,0.50,0.60,0.00,1.00,0.50,1.00,0.66,question
https://ironwoodlivigno.com/blog/deposito-sci-e-attrezzatura-a-livigno-cosa-cercare,it,article,1.00,1.00,1.00,0.00,1.00,0.50,1.00,0.79,question
https://ironwoodlivigno.com/blog/deposito-sci-e-attrezzatura-a-livigno-cosa-cercare/en,en,article,1.00,1.00,1.00,0.00,1.00,0.50,1.00,0.79,question
https://ironwoodlivigno.com/blog/deposito-sci-e-attrezzatura-a-livigno-cosa-cercare/de,de,article,1.00,1.00,1.00,0.00,1.00,0.50,1.00,0.79,question
https://ironwoodlivigno.com/blog/deposito-sci-e-attrezzatura-a-livigno-cosa-cercare/pl,pl,article,1.00,1.00,1.00,0.00,1.00,0.50,1.00,0.79,question
https://ironwoodlivigno.com/blog/deposito-sci-e-attrezzatura-a-livigno-cosa-cercare/nl,nl,article,1.00,1.00,1.00,0.00,1.00,0.50,1.00,0.79,question
https://ironwoodlivigno.com/blog/deposito-sci-e-attrezzatura-a-livigno-cosa-cercare/cs,cs,article,1.00,1.00,1.00,0.00,1.00,0.50,1.00,0.79,question
https://ironwoodlivigno.com/blog/deposito-sci-e-attrezzatura-a-livigno-cosa-cercare/fr,fr,article,1.00,1.00,1.00,0.00,1.00,0.50,1.00,0.79,question
https://ironwoodlivigno.com/blog/deposito-sci-e-attrezzatura-a-livigno-cosa-cercare/da,da,article,1.00,1.00,1.00,0.00,1.00,0.50,1.00,0.79,question
https://ironwoodlivigno.com/blog/deposito-sci-e-attrezzatura-a-livigno-cosa-cercare/no,no,article,1.00,1.00,1.00,0.00,1.00,0.50,1.00,0.79,question
https://ironwoodlivigno.com/blog/deposito-sci-e-attrezzatura-a-livigno-cosa-cercare/zh,zh,article,1.00,1.00,1.00,0.00,1.00,0.50,1.00,0.79,question
https://ironwoodlivigno.com/blog/deposito-sci-e-attrezzatura-a-livigno-cosa-cercare/ja,ja,article,1.00,1.00,0.60,0.00,1.00,0.50,1.00,0.73,question
https://ironwoodlivigno.com/blog/quando-prenotare-livigno-calendario-stagionale,it,article,1.00,0.50,0.60,0.00,1.00,0.50,1.00,0.66,question
https://ironwoodlivigno.com/blog/quando-prenotare-livigno-calendario-stagionale/en,en,article,1.00,0.50,0.60,0.00,0.93,0.50,1.00,0.65,question
https://ironwoodlivigno.com/blog/quando-prenotare-livigno-calendario-stagionale/de,de,article,1.00,0.50,0.60,0.00,0.93,0.50,1.00,0.65,question
https://ironwoodlivigno.com/blog/quando-prenotare-livigno-calendario-stagionale/pl,pl,article,1.00,0.50,0.60,0.00,0.93,0.50,1.00,0.65,question
https://ironwoodlivigno.com/blog/quando-prenotare-livigno-calendario-stagionale/nl,nl,article,1.00,0.50,0.60,0.00,0.93,0.50,1.00,0.65,question
https://ironwoodlivigno.com/blog/quando-prenotare-livigno-calendario-stagionale/cs,cs,article,1.00,0.50,0.60,0.00,0.93,0.50,1.00,0.65,question
https://ironwoodlivigno.com/blog/quando-prenotare-livigno-calendario-stagionale/fr,fr,article,1.00,0.50,0.60,0.00,0.93,0.50,1.00,0.65,question
https://ironwoodlivigno.com/blog/quando-prenotare-livigno-calendario-stagionale/da,da,article,1.00,0.50,0.60,0.00,0.93,0.50,1.00,0.65,question
https://ironwoodlivigno.com/blog/quando-prenotare-livigno-calendario-stagionale/no,no,article,1.00,0.50,0.60,0.00,0.93,0.50,1.00,0.65,question
https://ironwoodlivigno.com/blog/quando-prenotare-livigno-calendario-stagionale/zh,zh,article,1.00,0.50,0.60,0.00,0.93,0.50,1.00,0.65,question
https://ironwoodlivigno.com/blog/quando-prenotare-livigno-calendario-stagionale/ja,ja,article,1.00,0.50,0.60,0.00,0.93,0.50,1.00,0.65,question
https://ironwoodlivigno.com/blog/vacanza-senza-pensieri-a-livigno-colazione-ed-e-bike,it,article,1.00,0.50,0.60,0.00,1.00,0.50,1.00,0.66,question
https://ironwoodlivigno.com/blog/vacanza-senza-pensieri-a-livigno-colazione-ed-e-bike/en,en,article,1.00,0.50,0.60,0.00,0.93,0.50,1.00,0.65,question
https://ironwoodlivigno.com/blog/vacanza-senza-pensieri-a-livigno-colazione-ed-e-bike/de,de,article,1.00,0.50,0.60,0.00,0.93,0.50,1.00,0.65,question
https://ironwoodlivigno.com/blog/vacanza-senza-pensieri-a-livigno-colazione-ed-e-bike/pl,pl,article,1.00,0.50,0.60,0.00,0.93,0.50,1.00,0.65,question
https://ironwoodlivigno.com/blog/vacanza-senza-pensieri-a-livigno-colazione-ed-e-bike/nl,nl,article,1.00,0.50,0.60,0.00,0.93,0.50,1.00,0.65,question
https://ironwoodlivigno.com/blog/vacanza-senza-pensieri-a-livigno-colazione-ed-e-bike/cs,cs,article,1.00,0.50,0.60,0.00,0.93,0.50,1.00,0.65,question
https://ironwoodlivigno.com/blog/vacanza-senza-pensieri-a-livigno-colazione-ed-e-bike/fr,fr,article,1.00,0.50,0.60,0.00,0.93,0.50,1.00,0.65,question
https://ironwoodlivigno.com/blog/vacanza-senza-pensieri-a-livigno-colazione-ed-e-bike/da,da,article,1.00,0.50,0.60,0.00,0.93,0.50,1.00,0.65,question
https://ironwoodlivigno.com/blog/vacanza-senza-pensieri-a-livigno-colazione-ed-e-bike/no,no,article,1.00,0.50,0.60,0.00,0.93,0.50,1.00,0.65,question
https://ironwoodlivigno.com/blog/vacanza-senza-pensieri-a-livigno-colazione-ed-e-bike/zh,zh,article,1.00,0.50,0.60,0.00,0.93,0.50,1.00,0.65,question
https://ironwoodlivigno.com/blog/vacanza-senza-pensieri-a-livigno-colazione-ed-e-bike/ja,ja,article,1.00,0.50,0.60,0.00,0.93,0.50,1.00,0.65,question
https://ironwoodlivigno.com/blog/livigno-tax-free-guida-per-chi-arriva-dallestero,it,article,1.00,0.50,0.60,0.00,1.00,0.50,1.00,0.66,question
https://ironwoodlivigno.com/blog/livigno-tax-free-guida-per-chi-arriva-dallestero/en,en,article,1.00,0.50,0.60,0.00,0.93,0.50,1.00,0.65,question
https://ironwoodlivigno.com/blog/livigno-tax-free-guida-per-chi-arriva-dallestero/de,de,article,1.00,0.50,0.60,0.00,0.93,0.50,1.00,0.65,question
https://ironwoodlivigno.com/blog/livigno-tax-free-guida-per-chi-arriva-dallestero/pl,pl,article,1.00,0.50,0.60,0.00,0.93,0.50,1.00,0.65,question
https://ironwoodlivigno.com/blog/livigno-tax-free-guida-per-chi-arriva-dallestero/nl,nl,article,1.00,0.50,0.60,0.00,0.93,0.50,1.00,0.65,question
https://ironwoodlivigno.com/blog/livigno-tax-free-guida-per-chi-arriva-dallestero/cs,cs,article,1.00,0.50,0.60,0.00,0.93,0.50,1.00,0.65,question
https://ironwoodlivigno.com/blog/livigno-tax-free-guida-per-chi-arriva-dallestero/fr,fr,article,1.00,0.50,0.60,0.00,0.93,0.50,1.00,0.65,question
https://ironwoodlivigno.com/blog/livigno-tax-free-guida-per-chi-arriva-dallestero/da,da,article,1.00,0.50,0.60,0.00,0.93,0.50,1.00,0.65,question
https://ironwoodlivigno.com/blog/livigno-tax-free-guida-per-chi-arriva-dallestero/no,no,article,1.00,0.50,0.60,0.00,0.93,0.50,1.00,0.65,question
https://ironwoodlivigno.com/blog/livigno-tax-free-guida-per-chi-arriva-dallestero/zh,zh,article,1.00,0.50,0.60,0.00,0.93,0.50,1.00,0.65,question
https://ironwoodlivigno.com/blog/livigno-tax-free-guida-per-chi-arriva-dallestero/ja,ja,article,1.00,0.50,0.60,0.00,0.93,0.50,1.00,0.65,question
https://ironwoodlivigno.com/blog/migliori-periodi-per-evitare-la-folla-a-livigno,it,article,1.00,0.50,0.60,0.00,1.00,0.50,1.00,0.66,question
https://ironwoodlivigno.com/blog/migliori-periodi-per-evitare-la-folla-a-livigno/en,en,article,1.00,0.50,0.60,0.00,0.93,0.50,1.00,0.65,question
https://ironwoodlivigno.com/blog/migliori-periodi-per-evitare-la-folla-a-livigno/de,de,article,1.00,0.50,0.60,0.00,0.93,0.50,1.00,0.65,question
https://ironwoodlivigno.com/blog/migliori-periodi-per-evitare-la-folla-a-livigno/pl,pl,article,1.00,0.50,0.60,0.00,0.93,0.50,1.00,0.65,question
https://ironwoodlivigno.com/blog/migliori-periodi-per-evitare-la-folla-a-livigno/nl,nl,article,1.00,0.50,0.60,0.00,0.93,0.50,1.00,0.65,question
https://ironwoodlivigno.com/blog/migliori-periodi-per-evitare-la-folla-a-livigno/cs,cs,article,1.00,0.50,0.60,0.00,0.93,0.50,1.00,0.65,question
https://ironwoodlivigno.com/blog/migliori-periodi-per-evitare-la-folla-a-livigno/fr,fr,article,1.00,0.50,0.60,0.00,0.93,0.50,1.00,0.65,question
https://ironwoodlivigno.com/blog/migliori-periodi-per-evitare-la-folla-a-livigno/da,da,article,1.00,0.50,0.60,0.00,0.93,0.50,1.00,0.65,question
https://ironwoodlivigno.com/blog/migliori-periodi-per-evitare-la-folla-a-livigno/no,no,article,1.00,0.50,0.60,0.00,0.93,0.50,1.00,0.65,question
https://ironwoodlivigno.com/blog/migliori-periodi-per-evitare-la-folla-a-livigno/zh,zh,article,1.00,0.50,0.60,0.00,0.93,0.50,1.00,0.65,question
https://ironwoodlivigno.com/blog/migliori-periodi-per-evitare-la-folla-a-livigno/ja,ja,article,1.00,0.50,0.60,0.00,0.93,0.50,1.00,0.65,question
https://ironwoodlivigno.com/blog/livigno-con-il-cane-regole-e-alternative,it,article,1.00,0.50,0.80,0.00,1.00,0.50,1.00,0.69,question
https://ironwoodlivigno.com/blog/livigno-con-il-cane-regole-e-alternative/en,en,article,1.00,0.50,0.60,0.00,1.00,0.50,1.00,0.66,question
https://ironwoodlivigno.com/blog/livigno-con-il-cane-regole-e-alternative/de,de,article,1.00,0.50,0.60,0.00,1.00,0.50,1.00,0.66,question
https://ironwoodlivigno.com/blog/livigno-con-il-cane-regole-e-alternative/pl,pl,article,1.00,0.50,0.60,0.00,1.00,0.50,1.00,0.66,question
https://ironwoodlivigno.com/blog/livigno-con-il-cane-regole-e-alternative/nl,nl,article,1.00,0.50,0.60,0.00,1.00,0.50,1.00,0.66,question
https://ironwoodlivigno.com/blog/livigno-con-il-cane-regole-e-alternative/cs,cs,article,1.00,0.50,0.60,0.00,1.00,0.50,1.00,0.66,question
https://ironwoodlivigno.com/blog/livigno-con-il-cane-regole-e-alternative/fr,fr,article,1.00,0.50,0.60,0.00,1.00,0.50,1.00,0.66,question
https://ironwoodlivigno.com/blog/livigno-con-il-cane-regole-e-alternative/da,da,article,1.00,0.50,0.60,0.00,1.00,0.50,1.00,0.66,question
https://ironwoodlivigno.com/blog/livigno-con-il-cane-regole-e-alternative/no,no,article,1.00,0.50,0.60,0.00,1.00,0.50,1.00,0.66,question
https://ironwoodlivigno.com/blog/livigno-con-il-cane-regole-e-alternative/zh,zh,article,1.00,0.50,0.60,0.00,1.00,0.50,1.00,0.66,question
https://ironwoodlivigno.com/blog/livigno-con-il-cane-regole-e-alternative/ja,ja,article,1.00,0.50,0.60,0.00,1.00,0.50,1.00,0.66,question
https://ironwoodlivigno.com/blog/da-dove-ammirare-il-tramonto-a-livigno,it,article,1.00,0.50,0.80,0.00,1.00,0.50,1.00,0.69,question
https://ironwoodlivigno.com/blog/da-dove-ammirare-il-tramonto-a-livigno/en,en,article,1.00,0.50,0.60,0.00,0.93,0.50,1.00,0.65,question
https://ironwoodlivigno.com/blog/da-dove-ammirare-il-tramonto-a-livigno/de,de,article,1.00,0.50,0.60,0.00,0.93,0.50,1.00,0.65,question
https://ironwoodlivigno.com/blog/da-dove-ammirare-il-tramonto-a-livigno/pl,pl,article,1.00,0.50,0.60,0.00,0.93,0.50,1.00,0.65,question
https://ironwoodlivigno.com/blog/da-dove-ammirare-il-tramonto-a-livigno/nl,nl,article,1.00,0.50,0.60,0.00,0.93,0.50,1.00,0.65,question
https://ironwoodlivigno.com/blog/da-dove-ammirare-il-tramonto-a-livigno/cs,cs,article,1.00,0.50,0.60,0.00,0.93,0.50,1.00,0.65,question
https://ironwoodlivigno.com/blog/da-dove-ammirare-il-tramonto-a-livigno/fr,fr,article,1.00,0.50,0.60,0.00,0.93,0.50,1.00,0.65,question
https://ironwoodlivigno.com/blog/da-dove-ammirare-il-tramonto-a-livigno/da,da,article,1.00,0.50,0.60,0.00,0.93,0.50,1.00,0.65,question
https://ironwoodlivigno.com/blog/da-dove-ammirare-il-tramonto-a-livigno/no,no,article,1.00,0.50,0.60,0.00,0.93,0.50,1.00,0.65,question
https://ironwoodlivigno.com/blog/da-dove-ammirare-il-tramonto-a-livigno/zh,zh,article,1.00,0.50,0.60,0.00,0.93,0.50,1.00,0.65,question
https://ironwoodlivigno.com/blog/da-dove-ammirare-il-tramonto-a-livigno/ja,ja,article,1.00,0.50,0.60,0.00,0.93,0.50,1.00,0.65,question
https://ironwoodlivigno.com/inverno,it,topic,1.00,1.00,1.00,1.00,0.80,0.50,1.00,0.90,trust
https://ironwoodlivigno.com/inverno/en,en,topic,1.00,1.00,1.00,1.00,0.80,0.50,1.00,0.90,trust
https://ironwoodlivigno.com/inverno/en-us,en-us,topic,1.00,1.00,1.00,1.00,0.80,0.50,1.00,0.90,trust
https://ironwoodlivigno.com/inverno/de,de,topic,1.00,0.88,1.00,1.00,0.80,0.50,1.00,0.88,trust
https://ironwoodlivigno.com/inverno/fr,fr,topic,1.00,1.00,1.00,1.00,0.80,0.50,1.00,0.90,trust
https://ironwoodlivigno.com/inverno/da,da,topic,1.00,1.00,1.00,1.00,0.80,0.50,1.00,0.90,trust
https://ironwoodlivigno.com/inverno/pl,pl,topic,1.00,1.00,1.00,1.00,0.80,0.50,1.00,0.90,trust
https://ironwoodlivigno.com/inverno/cs,cs,topic,1.00,1.00,1.00,1.00,0.80,0.50,1.00,0.90,trust
https://ironwoodlivigno.com/inverno/no,no,topic,1.00,1.00,1.00,1.00,0.80,0.50,1.00,0.90,trust
https://ironwoodlivigno.com/inverno/nl,nl,topic,1.00,1.00,1.00,1.00,0.80,0.50,1.00,0.90,trust
https://ironwoodlivigno.com/inverno/zh,zh,topic,1.00,1.00,1.00,1.00,0.80,0.50,1.00,0.90,trust
https://ironwoodlivigno.com/inverno/ja,ja,topic,1.00,1.00,1.00,1.00,0.80,0.50,1.00,0.90,trust
https://ironwoodlivigno.com/estate,it,topic,1.00,1.00,1.00,1.00,0.80,0.50,1.00,0.90,trust
https://ironwoodlivigno.com/estate/en,en,topic,1.00,1.00,1.00,1.00,0.80,0.50,1.00,0.90,trust
https://ironwoodlivigno.com/estate/en-us,en-us,topic,1.00,1.00,1.00,1.00,0.80,0.50,1.00,0.90,trust
https://ironwoodlivigno.com/estate/de,de,topic,1.00,0.88,1.00,1.00,0.80,0.50,1.00,0.88,trust
https://ironwoodlivigno.com/estate/fr,fr,topic,1.00,1.00,1.00,1.00,0.80,0.50,1.00,0.90,trust
https://ironwoodlivigno.com/estate/da,da,topic,1.00,0.88,1.00,1.00,0.80,0.50,1.00,0.88,trust
https://ironwoodlivigno.com/estate/pl,pl,topic,1.00,0.88,1.00,1.00,0.80,0.50,1.00,0.88,trust
https://ironwoodlivigno.com/estate/cs,cs,topic,1.00,0.88,1.00,1.00,0.80,0.50,1.00,0.88,trust
https://ironwoodlivigno.com/estate/no,no,topic,1.00,1.00,1.00,1.00,0.80,0.50,1.00,0.90,trust
https://ironwoodlivigno.com/estate/nl,nl,topic,1.00,0.88,1.00,1.00,0.80,0.50,1.00,0.88,trust
https://ironwoodlivigno.com/estate/zh,zh,topic,1.00,1.00,1.00,1.00,0.80,0.50,1.00,0.90,trust
https://ironwoodlivigno.com/estate/ja,ja,topic,1.00,0.88,1.00,1.00,0.80,0.50,1.00,0.88,trust
https://ironwoodlivigno.com/famiglie,it,topic,1.00,1.00,0.60,1.00,0.80,0.75,1.00,0.88,entity
https://ironwoodlivigno.com/famiglie/en,en,topic,1.00,1.00,0.60,1.00,0.80,0.75,1.00,0.88,entity
https://ironwoodlivigno.com/famiglie/en-us,en-us,topic,1.00,1.00,0.60,1.00,0.80,0.75,1.00,0.88,entity
https://ironwoodlivigno.com/famiglie/de,de,topic,1.00,0.88,0.60,1.00,0.80,0.75,1.00,0.86,entity
https://ironwoodlivigno.com/famiglie/fr,fr,topic,1.00,1.00,0.60,1.00,0.80,0.75,1.00,0.88,entity
https://ironwoodlivigno.com/famiglie/da,da,topic,1.00,1.00,0.60,1.00,0.80,0.75,1.00,0.88,entity
https://ironwoodlivigno.com/famiglie/pl,pl,topic,1.00,1.00,0.60,1.00,0.80,0.75,1.00,0.88,entity
https://ironwoodlivigno.com/famiglie/cs,cs,topic,1.00,1.00,0.60,1.00,0.80,0.75,1.00,0.88,entity
https://ironwoodlivigno.com/famiglie/no,no,topic,1.00,1.00,0.60,1.00,0.80,0.50,1.00,0.84,trust
https://ironwoodlivigno.com/famiglie/nl,nl,topic,1.00,1.00,0.60,1.00,0.80,0.50,1.00,0.84,trust
https://ironwoodlivigno.com/famiglie/zh,zh,topic,1.00,1.00,0.60,1.00,0.80,0.75,1.00,0.88,entity
https://ironwoodlivigno.com/famiglie/ja,ja,topic,1.00,1.00,0.60,1.00,0.80,0.75,1.00,0.88,entity
https://ironwoodlivigno.com/come-arrivare,it,topic,1.00,1.00,0.60,1.00,0.80,0.50,1.00,0.84,trust
https://ironwoodlivigno.com/come-arrivare/en,en,topic,1.00,1.00,0.60,1.00,0.80,0.50,1.00,0.84,trust
https://ironwoodlivigno.com/come-arrivare/en-us,en-us,topic,1.00,1.00,0.60,1.00,0.80,0.50,1.00,0.84,trust
https://ironwoodlivigno.com/come-arrivare/de,de,topic,1.00,0.88,0.60,1.00,0.80,0.50,1.00,0.83,trust
https://ironwoodlivigno.com/come-arrivare/fr,fr,topic,1.00,1.00,0.60,1.00,0.80,0.50,1.00,0.84,trust
https://ironwoodlivigno.com/come-arrivare/da,da,topic,1.00,0.88,0.60,1.00,0.80,0.50,1.00,0.83,trust
https://ironwoodlivigno.com/come-arrivare/pl,pl,topic,1.00,0.88,0.60,1.00,0.80,0.50,1.00,0.83,trust
https://ironwoodlivigno.com/come-arrivare/cs,cs,topic,1.00,0.88,0.60,1.00,0.80,0.50,1.00,0.83,trust
https://ironwoodlivigno.com/come-arrivare/no,no,topic,1.00,1.00,0.60,1.00,0.80,0.50,1.00,0.84,trust
https://ironwoodlivigno.com/come-arrivare/nl,nl,topic,1.00,0.88,0.60,1.00,0.80,0.50,1.00,0.83,trust
https://ironwoodlivigno.com/come-arrivare/zh,zh,topic,1.00,1.00,0.60,1.00,0.80,0.50,1.00,0.84,trust
https://ironwoodlivigno.com/come-arrivare/ja,ja,topic,1.00,0.88,0.60,1.00,0.80,0.50,1.00,0.83,trust
https://ironwoodlivigno.com/chi-siamo,it,topic,1.00,1.00,0.60,1.00,0.73,1.00,1.00,0.90,entity
https://ironwoodlivigno.com/chi-siamo/en,en,topic,1.00,1.00,0.60,1.00,0.73,1.00,1.00,0.90,entity
https://ironwoodlivigno.com/chi-siamo/en-us,en-us,topic,1.00,1.00,0.60,1.00,0.73,1.00,1.00,0.90,entity
https://ironwoodlivigno.com/chi-siamo/de,de,topic,1.00,0.88,0.60,1.00,0.73,1.00,1.00,0.89,entity
https://ironwoodlivigno.com/chi-siamo/fr,fr,topic,1.00,1.00,0.60,1.00,0.73,1.00,1.00,0.90,entity
https://ironwoodlivigno.com/chi-siamo/da,da,topic,1.00,1.00,0.60,1.00,0.73,1.00,1.00,0.90,entity
https://ironwoodlivigno.com/chi-siamo/pl,pl,topic,1.00,1.00,0.60,1.00,0.73,1.00,1.00,0.90,entity
https://ironwoodlivigno.com/chi-siamo/cs,cs,topic,1.00,1.00,0.60,1.00,0.73,1.00,1.00,0.90,entity
https://ironwoodlivigno.com/chi-siamo/no,no,topic,1.00,1.00,0.60,1.00,0.73,1.00,1.00,0.90,entity
https://ironwoodlivigno.com/chi-siamo/nl,nl,topic,1.00,1.00,0.60,1.00,0.73,0.75,1.00,0.87,entity
https://ironwoodlivigno.com/chi-siamo/zh,zh,topic,1.00,1.00,0.60,1.00,0.73,1.00,1.00,0.90,entity
https://ironwoodlivigno.com/chi-siamo/ja,ja,topic,1.00,1.00,0.60,1.00,0.73,1.00,1.00,0.90,entity
https://ironwoodlivigno.com/sauna-bagno-turco-privato-livigno,it,topic,1.00,1.00,0.60,1.00,0.80,0.75,1.00,0.88,entity
https://ironwoodlivigno.com/sauna-bagno-turco-privato-livigno/en,en,topic,1.00,1.00,0.60,1.00,0.80,0.50,1.00,0.84,trust
https://ironwoodlivigno.com/sauna-bagno-turco-privato-livigno/en-us,en-us,topic,1.00,1.00,0.60,1.00,0.80,0.50,1.00,0.84,trust
https://ironwoodlivigno.com/sauna-bagno-turco-privato-livigno/de,de,topic,1.00,0.88,0.60,1.00,0.80,0.50,1.00,0.83,trust
https://ironwoodlivigno.com/sauna-bagno-turco-privato-livigno/fr,fr,topic,1.00,1.00,0.60,1.00,0.80,0.50,1.00,0.84,trust
https://ironwoodlivigno.com/sauna-bagno-turco-privato-livigno/da,da,topic,1.00,1.00,0.60,1.00,0.80,0.50,1.00,0.84,trust
https://ironwoodlivigno.com/sauna-bagno-turco-privato-livigno/pl,pl,topic,1.00,1.00,0.60,1.00,0.80,0.50,1.00,0.84,trust
https://ironwoodlivigno.com/sauna-bagno-turco-privato-livigno/cs,cs,topic,1.00,1.00,0.60,1.00,0.80,0.50,1.00,0.84,trust
https://ironwoodlivigno.com/sauna-bagno-turco-privato-livigno/no,no,topic,1.00,1.00,0.60,1.00,0.80,0.50,1.00,0.84,trust
https://ironwoodlivigno.com/sauna-bagno-turco-privato-livigno/nl,nl,topic,1.00,1.00,0.60,1.00,0.80,0.50,1.00,0.84,trust
https://ironwoodlivigno.com/sauna-bagno-turco-privato-livigno/zh,zh,topic,1.00,1.00,0.60,1.00,0.80,0.50,1.00,0.84,trust
https://ironwoodlivigno.com/sauna-bagno-turco-privato-livigno/ja,ja,topic,1.00,0.88,0.60,1.00,0.80,0.50,1.00,0.83,trust
https://ironwoodlivigno.com/camere-appartamento-livigno,it,topic,1.00,1.00,0.60,1.00,0.73,0.50,1.00,0.83,trust
https://ironwoodlivigno.com/camere-appartamento-livigno/en,en,topic,1.00,1.00,0.60,1.00,0.73,0.50,1.00,0.83,trust
https://ironwoodlivigno.com/camere-appartamento-livigno/en-us,en-us,topic,1.00,1.00,0.60,1.00,0.73,0.50,1.00,0.83,trust
https://ironwoodlivigno.com/camere-appartamento-livigno/de,de,topic,1.00,0.88,0.60,1.00,0.73,0.50,1.00,0.82,trust
https://ironwoodlivigno.com/camere-appartamento-livigno/fr,fr,topic,1.00,1.00,0.60,1.00,0.73,0.50,1.00,0.83,trust
https://ironwoodlivigno.com/camere-appartamento-livigno/da,da,topic,1.00,1.00,0.60,1.00,0.73,0.50,1.00,0.83,trust
https://ironwoodlivigno.com/camere-appartamento-livigno/pl,pl,topic,1.00,1.00,0.60,1.00,0.73,0.50,1.00,0.83,trust
https://ironwoodlivigno.com/camere-appartamento-livigno/cs,cs,topic,1.00,1.00,0.60,1.00,0.73,0.50,1.00,0.83,trust
https://ironwoodlivigno.com/camere-appartamento-livigno/no,no,topic,1.00,1.00,0.60,1.00,0.73,0.50,1.00,0.83,trust
https://ironwoodlivigno.com/camere-appartamento-livigno/nl,nl,topic,1.00,1.00,0.60,1.00,0.73,0.50,1.00,0.83,trust
https://ironwoodlivigno.com/camere-appartamento-livigno/zh,zh,topic,1.00,1.00,0.60,1.00,0.73,0.50,1.00,0.83,trust
https://ironwoodlivigno.com/camere-appartamento-livigno/ja,ja,topic,1.00,1.00,0.60,1.00,0.73,0.50,1.00,0.83,trust
