url,types,valid_json,faq_questions,breadcrumb_items,has_org_ref
https://ironwoodlivigno.com/it,LodgingBusiness+VacationRental FAQPage WebSite,yes,14,0,true
https://ironwoodlivigno.com/en,LodgingBusiness+VacationRental FAQPage WebSite,yes,14,0,true
https://ironwoodlivigno.com/de,LodgingBusiness+VacationRental FAQPage WebSite,yes,14,0,true
https://ironwoodlivigno.com/fr,LodgingBusiness+VacationRental FAQPage WebSite,yes,14,0,true
https://ironwoodlivigno.com/da,LodgingBusiness+VacationRental FAQPage WebSite,yes,14,0,true
https://ironwoodlivigno.com/pl,LodgingBusiness+VacationRental FAQPage WebSite,yes,14,0,true
https://ironwoodlivigno.com/cs,LodgingBusiness+VacationRental FAQPage WebSite,yes,14,0,true
https://ironwoodlivigno.com/no,LodgingBusiness+VacationRental FAQPage WebSite,yes,14,0,true
https://ironwoodlivigno.com/nl,LodgingBusiness+VacationRental FAQPage WebSite,yes,14,0,true
https://ironwoodlivigno.com/zh,LodgingBusiness+VacationRental FAQPage WebSite,yes,14,0,true
https://ironwoodlivigno.com/ja,LodgingBusiness+VacationRental FAQPage WebSite,yes,14,0,true
https://ironwoodlivigno.com/en-us,LodgingBusiness+VacationRental FAQPage WebSite,yes,14,0,true
https://ironwoodlivigno.com/it/contatti,BreadcrumbList ContactPage,yes,0,2,true
https://ironwoodlivigno.com/en/contact,BreadcrumbList ContactPage,yes,0,2,true
https://ironwoodlivigno.com/de/kontakt,BreadcrumbList ContactPage,yes,0,2,true
https://ironwoodlivigno.com/fr/contact,BreadcrumbList ContactPage,yes,0,2,true
https://ironwoodlivigno.com/da/kontakt,BreadcrumbList ContactPage,yes,0,2,true
https://ironwoodlivigno.com/pl/kontakt,BreadcrumbList ContactPage,yes,0,2,true
https://ironwoodlivigno.com/cs/kontakt,BreadcrumbList ContactPage,yes,0,2,true
https://ironwoodlivigno.com/no/kontakt,BreadcrumbList ContactPage,yes,0,2,true
https://ironwoodlivigno.com/nl/contact,BreadcrumbList ContactPage,yes,0,2,true
https://ironwoodlivigno.com/zh/contact,BreadcrumbList ContactPage,yes,0,2,true
https://ironwoodlivigno.com/ja/contact,BreadcrumbList ContactPage,yes,0,2,true
https://ironwoodlivigno.com/en-us/contact,BreadcrumbList ContactPage,yes,0,2,true
https://ironwoodlivigno.com/blog,BreadcrumbList Blog,yes,0,2,true
https://ironwoodlivigno.com/blog/en,BreadcrumbList Blog,yes,0,2,true
https://ironwoodlivigno.com/blog/de,BreadcrumbList Blog,yes,0,2,true
https://ironwoodlivigno.com/blog/pl,BreadcrumbList Blog,yes,0,2,true
https://ironwoodlivigno.com/blog/nl,BreadcrumbList Blog,yes,0,2,true
https://ironwoodlivigno.com/blog/cs,BreadcrumbList Blog,yes,0,2,true
https://ironwoodlivigno.com/blog/fr,BreadcrumbList Blog,yes,0,2,true
https://ironwoodlivigno.com/blog/da,BreadcrumbList Blog,yes,0,2,true
https://ironwoodlivigno.com/blog/no,BreadcrumbList Blog,yes,0,2,true
https://ironwoodlivigno.com/blog/zh,BreadcrumbList Blog,yes,0,2,true
https://ironwoodlivigno.com/blog/ja,BreadcrumbList Blog,yes,0,2,true
https://ironwoodlivigno.com/blog/come-arrivare-a-livigno,BlogPosting BreadcrumbList HowTo,yes,0,3,true
https://ironwoodlivigno.com/blog/come-arrivare-a-livigno/en,BlogPosting BreadcrumbList,yes,0,3,true
https://ironwoodlivigno.com/blog/come-arrivare-a-livigno/de,BlogPosting BreadcrumbList,yes,0,3,true
https://ironwoodlivigno.com/blog/come-arrivare-a-livigno/pl,BlogPosting BreadcrumbList,yes,0,3,true
https://ironwoodlivigno.com/blog/come-arrivare-a-livigno/nl,BlogPosting BreadcrumbList,yes,0,3,true
https://ironwoodlivigno.com/blog/come-arrivare-a-livigno/cs,BlogPosting BreadcrumbList,yes,0,3,true
https://ironwoodlivigno.com/blog/come-arrivare-a-livigno/fr,BlogPosting BreadcrumbList,yes,0,3,true
https://ironwoodlivigno.com/blog/come-arrivare-a-livigno/da,BlogPosting BreadcrumbList,yes,0,3,true
https://ironwoodlivigno.com/blog/come-arrivare-a-livigno/no,BlogPosting BreadcrumbList,yes,0,3,true
https://ironwoodlivigno.com/blog/come-arrivare-a-livigno/zh,BlogPosting BreadcrumbList,yes,0,3,true
https://ironwoodlivigno.com/blog/come-arrivare-a-livigno/ja,BlogPosting BreadcrumbList,yes,0,3,true
https://ironwoodlivigno.com/blog/sci-a-livigno-guida-carosello-3000,BlogPosting BreadcrumbList,yes,0,3,true
https://ironwoodlivigno.com/blog/sci-a-livigno-guida-carosello-3000/en,BlogPosting BreadcrumbList,yes,0,3,true
https://ironwoodlivigno.com/blog/sci-a-livigno-guida-carosello-3000/de,BlogPosting BreadcrumbList,yes,0,3,true
https://ironwoodlivigno.com/blog/sci-a-livigno-guida-carosello-3000/pl,BlogPosting BreadcrumbList,yes,0,3,true
https://ironwoodlivigno.com/blog/sci-a-livigno-guida-carosello-3000/nl,BlogPosting BreadcrumbList,yes,0,3,true
https://ironwoodlivigno.com/blog/sci-a-livigno-guida-carosello-3000/cs,BlogPosting BreadcrumbList,yes,0,3,true
https://ironwoodlivigno.com/blog/sci-a-livigno-guida-carosello-3000/fr,BlogPosting BreadcrumbList,yes,0,3,true
https://ironwoodlivigno.com/blog/sci-a-livigno-guida-carosello-3000/da,BlogPosting BreadcrumbList,yes,0,3,true
https://ironwoodlivigno.com/blog/sci-a-livigno-guida-carosello-3000/no,BlogPosting BreadcrumbList,yes,0,3,true
https://ironwoodlivigno.com/blog/sci-a-livigno-guida-carosello-3000/zh,BlogPosting BreadcrumbList,yes,0,3,true
https://ironwoodlivigno.com/blog/sci-a-livigno-guida-carosello-3000/ja,BlogPosting BreadcrumbList,yes,0,3,true
https://ironwoodlivigno.com/blog/livigno-estate-mountain-bike-trekking-lago,BlogPosting BreadcrumbList,yes,0,3,true
https://ironwoodlivigno.com/blog/livigno-estate-mountain-bike-trekking-lago/en,BlogPosting BreadcrumbList,yes,0,3,true
https://ironwoodlivigno.com/blog/livigno-estate-mountain-bike-trekking-lago/de,BlogPosting BreadcrumbList,yes,0,3,true
https://ironwoodlivigno.com/blog/livigno-estate-mountain-bike-trekking-lago/pl,BlogPosting BreadcrumbList,yes,0,3,true
https://ironwoodlivigno.com/blog/livigno-estate-mountain-bike-trekking-lago/nl,BlogPosting BreadcrumbList,yes,0,3,true
https://ironwoodlivigno.com/blog/livigno-estate-mountain-bike-trekking-lago/cs,BlogPosting BreadcrumbList,yes,0,3,true
https://ironwoodlivigno.com/blog/livigno-estate-mountain-bike-trekking-lago/fr,BlogPosting BreadcrumbList,yes,0,3,true
https://ironwoodlivigno.com/blog/livigno-estate-mountain-bike-trekking-lago/da,BlogPosting BreadcrumbList,yes,0,3,true
https://ironwoodlivigno.com/blog/livigno-estate-mountain-bike-trekking-lago/no,BlogPosting BreadcrumbList,yes,0,3,true
https://ironwoodlivigno.com/blog/livigno-estate-mountain-bike-trekking-lago/zh,BlogPosting BreadcrumbList,yes,0,3,true
https://ironwoodlivigno.com/blog/livigno-estate-mountain-bike-trekking-lago/ja,BlogPosting BreadcrumbList,yes,0,3,true
https://ironwoodlivigno.com/blog/cosa-mangiare-a-livigno-piatti-tipici,BlogPosting BreadcrumbList,yes,0,3,true
https://ironwoodlivigno.com/blog/cosa-mangiare-a-livigno-piatti-tipici/en,BlogPosting BreadcrumbList,yes,0,3,true
https://ironwoodlivigno.com/blog/cosa-mangiare-a-livigno-piatti-tipici/de,BlogPosting BreadcrumbList,yes,0,3,true
https://ironwoodlivigno.com/blog/cosa-mangiare-a-livigno-piatti-tipici/pl,BlogPosting BreadcrumbList,yes,0,3,true
https://ironwoodlivigno.com/blog/cosa-mangiare-a-livigno-piatti-tipici/nl,BlogPosting BreadcrumbList,yes,0,3,true
https://ironwoodlivigno.com/blog/cosa-mangiare-a-livigno-piatti-tipici/cs,BlogPosting BreadcrumbList,yes,0,3,true
https://ironwoodlivigno.com/blog/cosa-mangiare-a-livigno-piatti-tipici/fr,BlogPosting BreadcrumbList,yes,0,3,true
https://ironwoodlivigno.com/blog/cosa-mangiare-a-livigno-piatti-tipici/da,BlogPosting BreadcrumbList,yes,0,3,true
https://ironwoodlivigno.com/blog/cosa-mangiare-a-livigno-piatti-tipici/no,BlogPosting BreadcrumbList,yes,0,3,true
https://ironwoodlivigno.com/blog/cosa-mangiare-a-livigno-piatti-tipici/zh,BlogPosting BreadcrumbList,yes,0,3,true
https://ironwoodlivigno.com/blog/cosa-mangiare-a-livigno-piatti-tipici/ja,BlogPosting BreadcrumbList,yes,0,3,true
https://ironwoodlivigno.com/blog/shopping-duty-free-livigno-cosa-comprare,BlogPosting BreadcrumbList,yes,0,3,true
https://ironwoodlivigno.com/blog/shopping-duty-free-livigno-cosa-comprare/en,BlogPosting BreadcrumbList,yes,0,3,true
https://ironwoodlivigno.com/blog/shopping-duty-free-livigno-cosa-comprare/de,BlogPosting BreadcrumbList,yes,0,3,true
https://ironwoodlivigno.com/blog/shopping-duty-free-livigno-cosa-comprare/pl,BlogPosting BreadcrumbList,yes,0,3,true
https://ironwoodlivigno.com/blog/shopping-duty-free-livigno-cosa-comprare/nl,BlogPosting BreadcrumbList,yes,0,3,true
https://ironwoodlivigno.com/blog/shopping-duty-free-livigno-cosa-comprare/cs,BlogPosting BreadcrumbList,yes,0,3,true
https://ironwoodlivigno.com/blog/shopping-duty-free-livigno-cosa-comprare/fr,BlogPosting BreadcrumbList,yes,0,3,true
https://ironwoodlivigno.com/blog/shopping-duty-free-livigno-cosa-comprare/da,BlogPosting BreadcrumbList,yes,0,3,true
https://ironwoodlivigno.com/blog/shopping-duty-free-livigno-cosa-comprare/no,BlogPosting BreadcrumbList,yes,0,3,true
https://ironwoodlivigno.com/blog/shopping-duty-free-livigno-cosa-comprare/zh,BlogPosting BreadcrumbList,yes,0,3,true
https://ironwoodlivigno.com/blog/shopping-duty-free-livigno-cosa-comprare/ja,BlogPosting BreadcrumbList,yes,0,3,true
https://ironwoodlivigno.com/blog/livigno-con-bambini-attivita-famiglia,BlogPosting BreadcrumbList,yes,0,3,true
https://ironwoodlivigno.com/blog/livigno-con-bambini-attivita-famiglia/en,BlogPosting BreadcrumbList,yes,0,3,true
https://ironwoodlivigno.com/blog/livigno-con-bambini-attivita-famiglia/de,BlogPosting BreadcrumbList,yes,0,3,true
https://ironwoodlivigno.com/blog/livigno-con-bambini-attivita-famiglia/pl,BlogPosting BreadcrumbList,yes,0,3,true
https://ironwoodlivigno.com/blog/livigno-con-bambini-attivita-famiglia/nl,BlogPosting BreadcrumbList,yes,0,3,true
https://ironwoodlivigno.com/blog/livigno-con-bambini-attivita-famiglia/cs,BlogPosting BreadcrumbList,yes,0,3,true
https://ironwoodlivigno.com/blog/livigno-con-bambini-attivita-famiglia/fr,BlogPosting BreadcrumbList,yes,0,3,true
https://ironwoodlivigno.com/blog/livigno-con-bambini-attivita-famiglia/da,BlogPosting BreadcrumbList,yes,0,3,true
https://ironwoodlivigno.com/blog/livigno-con-bambini-attivita-famiglia/no,BlogPosting BreadcrumbList,yes,0,3,true
https://ironwoodlivigno.com/blog/livigno-con-bambini-attivita-famiglia/zh,BlogPosting BreadcrumbList,yes,0,3,true
https://ironwoodlivigno.com/blog/livigno-con-bambini-attivita-famiglia/ja,BlogPosting BreadcrumbList,yes,0,3,true
https://ironwoodlivigno.com/blog/livigno-estate-10-esperienze-imperdibili,BlogPosting BreadcrumbList,yes,0,3,true
https://ironwoodlivigno.com/blog/livigno-estate-10-esperienze-imperdibili/en,BlogPosting BreadcrumbList,yes,0,3,true
https://ironwoodlivigno.com/blog/livigno-estate-10-esperienze-imperdibili/de,BlogPosting BreadcrumbList,yes,0,3,true
https://ironwoodlivigno.com/blog/livigno-estate-10-esperienze-imperdibili/pl,BlogPosting BreadcrumbList,yes,0,3,true
https://ironwoodlivigno.com/blog/livigno-estate-10-esperienze-imperdibili/nl,BlogPosting BreadcrumbList,yes,0,3,true
https://ironwoodlivigno.com/blog/livigno-estate-10-esperienze-imperdibili/cs,BlogPosting BreadcrumbList,yes,0,3,true
https://ironwoodlivigno.com/blog/livigno-estate-10-esperienze-imperdibili/fr,BlogPosting BreadcrumbList,yes,0,3,true
https://ironwoodlivigno.com/blog/livigno-estate-10-esperienze-imperdibili/da,BlogPosting BreadcrumbList,yes,0,3,true
https://ironwoodlivigno.com/blog/livigno-estate-10-esperienze-imperdibili/no,BlogPosting BreadcrumbList,yes,0,3,true
https://ironwoodlivigno.com/blog/livigno-estate-10-esperienze-imperdibili/zh,BlogPosting BreadcrumbList,yes,0,3,true
https://ironwoodlivigno.com/blog/livigno-estate-10-esperienze-imperdibili/ja,BlogPosting BreadcrumbList,yes,0,3,true
https://ironwoodlivigno.com/blog/migliori-piste-sci-livigno-famiglie,BlogPosting BreadcrumbList,yes,0,3,true
https://ironwoodlivigno.com/blog/migliori-piste-sci-livigno-famiglie/en,BlogPosting BreadcrumbList,yes,0,3,true
https://ironwoodlivigno.com/blog/migliori-piste-sci-livigno-famiglie/de,BlogPosting BreadcrumbList,yes,0,3,true
https://ironwoodlivigno.com/blog/migliori-piste-sci-livigno-famiglie/pl,BlogPosting BreadcrumbList,yes,0,3,true
https://ironwoodlivigno.com/blog/migliori-piste-sci-livigno-famiglie/nl,BlogPosting BreadcrumbList,yes,0,3,true
https://ironwoodlivigno.com/blog/migliori-piste-sci-livigno-famiglie/cs,BlogPosting BreadcrumbList,yes,0,3,true
https://ironwoodlivigno.com/blog/migliori-piste-sci-livigno-famiglie/fr,BlogPosting BreadcrumbList,yes,0,3,true
https://ironwoodlivigno.com/blog/migliori-piste-sci-livigno-famiglie/da,BlogPosting BreadcrumbList,yes,0,3,true
https://ironwoodlivigno.com/blog/migliori-piste-sci-livigno-famiglie/no,BlogPosting BreadcrumbList,yes,0,3,true
https://ironwoodlivigno.com/blog/migliori-piste-sci-livigno-famiglie/zh,BlogPosting BreadcrumbList,yes,0,3,true
https://ironwoodlivigno.com/blog/migliori-piste-sci-livigno-famiglie/ja,BlogPosting BreadcrumbList,yes,0,3,true
https://ironwoodlivigno.com/blog/sauna-privata-vs-condivisa-livigno,BlogPosting BreadcrumbList,yes,0,3,true
https://ironwoodlivigno.com/blog/sauna-privata-vs-condivisa-livigno/en,BlogPosting BreadcrumbList,yes,0,3,true
https://ironwoodlivigno.com/blog/sauna-privata-vs-condivisa-livigno/de,BlogPosting BreadcrumbList,yes,0,3,true
https://ironwoodlivigno.com/blog/sauna-privata-vs-condivisa-livigno/pl,BlogPosting BreadcrumbList,yes,0,3,true
https://ironwoodlivigno.com/blog/sauna-privata-vs-condivisa-livigno/nl,BlogPosting BreadcrumbList,yes,0,3,true
https://ironwoodlivigno.com/blog/sauna-privata-vs-condivisa-livigno/cs,BlogPosting BreadcrumbList,yes,0,3,true
https://ironwoodlivigno.com/blog/sauna-privata-vs-condivisa-livigno/fr,BlogPosting BreadcrumbList,yes,0,3,true
https://ironwoodlivigno.com/blog/sauna-privata-vs-condivisa-livigno/da,BlogPosting BreadcrumbList,yes,0,3,true
https://ironwoodlivigno.com/blog/sauna-privata-vs-condivisa-livigno/no,BlogPosting BreadcrumbList,yes,0,3,true
https://ironwoodlivigno.com/blog/sauna-privata-vs-condivisa-livigno/zh,BlogPosting BreadcrumbList,yes,0,3,true
https://ironwoodlivigno.com/blog/sauna-privata-vs-condivisa-livigno/ja,BlogPosting BreadcrumbList,yes,0,3,true
https://ironwoodlivigno.com/blog/quanto-costa-sciare-a-livigno-guida-prezzi,BlogPosting BreadcrumbList,yes,0,3,true
https://ironwoodlivigno.com/blog/quanto-costa-sciare-a-livigno-guida-prezzi/en,BlogPosting BreadcrumbList,yes,0,3,true
https://ironwoodlivigno.com/blog/quanto-costa-sciare-a-livigno-guida-prezzi/de,BlogPosting BreadcrumbList,yes,0,3,true
https://ironwoodlivigno.com/blog/quanto-costa-sciare-a-livigno-guida-prezzi/pl,BlogPosting BreadcrumbList,yes,0,3,true
https://ironwoodlivigno.com/blog/quanto-costa-sciare-a-livigno-guida-prezzi/nl,BlogPosting BreadcrumbList,yes,0,3,true
https://ironwoodlivigno.com/blog/quanto-costa-sciare-a-livigno-guida-prezzi/cs,BlogPosting BreadcrumbList,yes,0,3,true
https://ironwoodlivigno.com/blog/quanto-costa-sciare-a-livigno-guida-prezzi/fr,BlogPosting BreadcrumbList,yes,0,3,true
https://ironwoodlivigno.com/blog/quanto-costa-sciare-a-livigno-guida-prezzi/da,BlogPosting BreadcrumbList,yes,0,3,true
https://ironwoodlivigno.com/blog/quanto-costa-sciare-a-livigno-guida-prezzi/no,BlogPosting BreadcrumbList,yes,0,3,true
https://ironwoodlivigno.com/blog/quanto-costa-sciare-a-livigno-guida-prezzi/zh,BlogPosting BreadcrumbList,yes,0,3,true
https://ironwoodlivigno.com/blog/quanto-costa-sciare-a-livigno-guida-prezzi/ja,BlogPosting BreadcrumbList,yes,0,3,true
https://ironwoodlivigno.com/blog/natale-capodanno-a-livigno,BlogPosting BreadcrumbList,yes,0,3,true
https://ironwoodlivigno.com/blog/natale-capodanno-a-livigno/en,BlogPosting BreadcrumbList,yes,0,3,true
https://ironwoodlivigno.com/blog/natale-capodanno-a-livigno/de,BlogPosting BreadcrumbList,yes,0,3,true
https://ironwoodlivigno.com/blog/natale-capodanno-a-livigno/pl,BlogPosting BreadcrumbList,yes,0,3,true
https://ironwoodlivigno.com/blog/natale-capodanno-a-livigno/nl,BlogPosting BreadcrumbList,yes,0,3,true
https://ironwoodlivigno.com/blog/natale-capodanno-a-livigno/cs,BlogPosting BreadcrumbList,yes,0,3,true
https://ironwoodlivigno.com/blog/natale-capodanno-a-livigno/fr,BlogPosting BreadcrumbList,yes,0,3,true
https://ironwoodlivigno.com/blog/natale-capodanno-a-livigno/da,BlogPosting BreadcrumbList,yes,0,3,true
https://ironwoodlivigno.com/blog/natale-capodanno-a-livigno/no,BlogPosting BreadcrumbList,yes,0,3,true
https://ironwoodlivigno.com/blog/natale-capodanno-a-livigno/zh,BlogPosting BreadcrumbList,yes,0,3,true
https://ironwoodlivigno.com/blog/natale-capodanno-a-livigno/ja,BlogPosting BreadcrumbList,yes,0,3,true
https://ironwoodlivigno.com/blog/carosello-3000-vs-mottolino-quale-scegliere,BlogPosting BreadcrumbList,yes,0,3,true
https://ironwoodlivigno.com/blog/carosello-3000-vs-mottolino-quale-scegliere/en,BlogPosting BreadcrumbList,yes,0,3,true
https://ironwoodlivigno.com/blog/carosello-3000-vs-mottolino-quale-scegliere/de,BlogPosting BreadcrumbList,yes,0,3,true
https://ironwoodlivigno.com/blog/carosello-3000-vs-mottolino-quale-scegliere/pl,BlogPosting BreadcrumbList,yes,0,3,true
https://ironwoodlivigno.com/blog/carosello-3000-vs-mottolino-quale-scegliere/nl,BlogPosting BreadcrumbList,yes,0,3,true
https://ironwoodlivigno.com/blog/carosello-3000-vs-mottolino-quale-scegliere/cs,BlogPosting BreadcrumbList,yes,0,3,true
https://ironwoodlivigno.com/blog/carosello-3000-vs-mottolino-quale-scegliere/fr,BlogPosting BreadcrumbList,yes,0,3,true
https://ironwoodlivigno.com/blog/carosello-3000-vs-mottolino-quale-scegliere/da,BlogPosting BreadcrumbList,yes,0,3,true
https://ironwoodlivigno.com/blog/carosello-3000-vs-mottolino-quale-scegliere/no,BlogPosting BreadcrumbList,yes,0,3,true
https://ironwoodlivigno.com/blog/carosello-3000-vs-mottolino-quale-scegliere/zh,BlogPosting BreadcrumbList,yes,0,3,true
https://ironwoodlivigno.com/blog/carosello-3000-vs-mottolino-quale-scegliere/ja,BlogPosting BreadcrumbList,yes,0,3,true
https://ironwoodlivigno.com/blog/quanto-costa-un-appartamento-a-livigno,BlogPosting BreadcrumbList,yes,0,3,true
https://ironwoodlivigno.com/blog/quanto-costa-un-appartamento-a-livigno/en,BlogPosting BreadcrumbList,yes,0,3,true
https://ironwoodlivigno.com/blog/quanto-costa-un-appartamento-a-livigno/de,BlogPosting BreadcrumbList,yes,0,3,true
https://ironwoodlivigno.com/blog/quanto-costa-un-appartamento-a-livigno/pl,BlogPosting BreadcrumbList,yes,0,3,true
https://ironwoodlivigno.com/blog/quanto-costa-un-appartamento-a-livigno/nl,BlogPosting BreadcrumbList,yes,0,3,true
https://ironwoodlivigno.com/blog/quanto-costa-un-appartamento-a-livigno/cs,BlogPosting BreadcrumbList,yes,0,3,true
https://ironwoodlivigno.com/blog/quanto-costa-un-appartamento-a-livigno/fr,BlogPosting BreadcrumbList,yes,0,3,true
https://ironwoodlivigno.com/blog/quanto-costa-un-appartamento-a-livigno/da,BlogPosting BreadcrumbList,yes,0,3,true
https://ironwoodlivigno.com/blog/quanto-costa-un-appartamento-a-livigno/no,BlogPosting BreadcrumbList,yes,0,3,true
https://ironwoodlivigno.com/blog/quanto-costa-un-appartamento-a-livigno/zh,BlogPosting BreadcrumbList,yes,0,3,true
https://ironwoodlivigno.com/blog/quanto-costa-un-appartamento-a-livigno/ja,BlogPosting BreadcrumbList,yes,0,3,true
https://ironwoodlivigno.com/blog/appartamento-con-sauna-privata-livigno-vs-hotel,BlogPosting BreadcrumbList,yes,0,3,true
https://ironwoodlivigno.com/blog/appartamento-con-sauna-privata-livigno-vs-hotel/en,BlogPosting BreadcrumbList,yes,0,3,true
https://ironwoodlivigno.com/blog/appartamento-con-sauna-privata-livigno-vs-hotel/de,BlogPosting BreadcrumbList,yes,0,3,true
https://ironwoodlivigno.com/blog/appartamento-con-sauna-privata-livigno-vs-hotel/pl,BlogPosting BreadcrumbList,yes,0,3,true
https://ironwoodlivigno.com/blog/appartamento-con-sauna-privata-livigno-vs-hotel/nl,BlogPosting BreadcrumbList,yes,0,3,true
https://ironwoodlivigno.com/blog/appartamento-con-sauna-privata-livigno-vs-hotel/cs,BlogPosting BreadcrumbList,yes,0,3,true
https://ironwoodlivigno.com/blog/appartamento-con-sauna-privata-livigno-vs-hotel/fr,BlogPosting BreadcrumbList,yes,0,3,true
https://ironwoodlivigno.com/blog/appartamento-con-sauna-privata-livigno-vs-hotel/da,BlogPosting BreadcrumbList,yes,0,3,true
https://ironwoodlivigno.com/blog/appartamento-con-sauna-privata-livigno-vs-hotel/no,BlogPosting BreadcrumbList,yes,0,3,true
https://ironwoodlivigno.com/blog/appartamento-con-sauna-privata-livigno-vs-hotel/zh,BlogPosting BreadcrumbList,yes,0,3,true
https://ironwoodlivigno.com/blog/appartamento-con-sauna-privata-livigno-vs-hotel/ja,BlogPosting BreadcrumbList,yes,0,3,true
https://ironwoodlivigno.com/blog/livigno-per-gruppi-numerosi-fino-a-6-persone,BlogPosting BreadcrumbList,yes,0,3,true
https://ironwoodlivigno.com/blog/livigno-per-gruppi-numerosi-fino-a-6-persone/en,BlogPosting BreadcrumbList,yes,0,3,true
https://ironwoodlivigno.com/blog/livigno-per-gruppi-numerosi-fino-a-6-persone/de,BlogPosting BreadcrumbList,yes,0,3,true
https://ironwoodlivigno.com/blog/livigno-per-gruppi-numerosi-fino-a-6-persone/pl,BlogPosting BreadcrumbList,yes,0,3,true
https://ironwoodlivigno.com/blog/livigno-per-gruppi-numerosi-fino-a-6-persone/nl,BlogPosting BreadcrumbList,yes,0,3,true
https://ironwoodlivigno.com/blog/livigno-per-gruppi-numerosi-fino-a-6-persone/cs,BlogPosting BreadcrumbList,yes,0,3,true
https://ironwoodlivigno.com/blog/livigno-per-gruppi-numerosi-fino-a-6-persone/fr,BlogPosting BreadcrumbList,yes,0,3,true
https://ironwoodlivigno.com/blog/livigno-per-gruppi-numerosi-fino-a-6-persone/da,BlogPosting BreadcrumbList,yes,0,3,true
https://ironwoodlivigno.com/blog/livigno-per-gruppi-numerosi-fino-a-6-persone/no,BlogPosting BreadcrumbList,yes,0,3,true
https://ironwoodlivigno.com/blog/livigno-per-gruppi-numerosi-fino-a-6-persone/zh,BlogPosting BreadcrumbList,yes,0,3,true
https://ironwoodlivigno.com/blog/livigno-per-gruppi-numerosi-fino-a-6-persone/ja,BlogPosting BreadcrumbList,yes,0,3,true
https://ironwoodlivigno.com/blog/deposito-sci-e-attrezzatura-a-livigno-cosa-cercare,BlogPosting BreadcrumbList,yes,0,3,true
https://ironwoodlivigno.com/blog/deposito-sci-e-attrezzatura-a-livigno-cosa-cercare/en,BlogPosting BreadcrumbList,yes,0,3,true
https://ironwoodlivigno.com/blog/deposito-sci-e-attrezzatura-a-livigno-cosa-cercare/de,BlogPosting BreadcrumbList,yes,0,3,true
https://ironwoodlivigno.com/blog/deposito-sci-e-attrezzatura-a-livigno-cosa-cercare/pl,BlogPosting BreadcrumbList,yes,0,3,true
https://ironwoodlivigno.com/blog/deposito-sci-e-attrezzatura-a-livigno-cosa-cercare/nl,BlogPosting BreadcrumbList,yes,0,3,true
https://ironwoodlivigno.com/blog/deposito-sci-e-attrezzatura-a-livigno-cosa-cercare/cs,BlogPosting BreadcrumbList,yes,0,3,true
https://ironwoodlivigno.com/blog/deposito-sci-e-attrezzatura-a-livigno-cosa-cercare/fr,BlogPosting BreadcrumbList,yes,0,3,true
https://ironwoodlivigno.com/blog/deposito-sci-e-attrezzatura-a-livigno-cosa-cercare/da,BlogPosting BreadcrumbList,yes,0,3,true
https://ironwoodlivigno.com/blog/deposito-sci-e-attrezzatura-a-livigno-cosa-cercare/no,BlogPosting BreadcrumbList,yes,0,3,true
https://ironwoodlivigno.com/blog/deposito-sci-e-attrezzatura-a-livigno-cosa-cercare/zh,BlogPosting BreadcrumbList,yes,0,3,true
https://ironwoodlivigno.com/blog/deposito-sci-e-attrezzatura-a-livigno-cosa-cercare/ja,BlogPosting BreadcrumbList,yes,0,3,true
https://ironwoodlivigno.com/blog/quando-prenotare-livigno-calendario-stagionale,BlogPosting BreadcrumbList,yes,0,3,true
https://ironwoodlivigno.com/blog/quando-prenotare-livigno-calendario-stagionale/en,BlogPosting BreadcrumbList,yes,0,3,true
https://ironwoodlivigno.com/blog/quando-prenotare-livigno-calendario-stagionale/de,BlogPosting BreadcrumbList,yes,0,3,true
https://ironwoodlivigno.com/blog/quando-prenotare-livigno-calendario-stagionale/pl,BlogPosting BreadcrumbList,yes,0,3,true
https://ironwoodlivigno.com/blog/quando-prenotare-livigno-calendario-stagionale/nl,BlogPosting BreadcrumbList,yes,0,3,true
https://ironwoodlivigno.com/blog/quando-prenotare-livigno-calendario-stagionale/cs,BlogPosting BreadcrumbList,yes,0,3,true
https://ironwoodlivigno.com/blog/quando-prenotare-livigno-calendario-stagionale/fr,BlogPosting BreadcrumbList,yes,0,3,true
https://ironwoodlivigno.com/blog/quando-prenotare-livigno-calendario-stagionale/da,BlogPosting BreadcrumbList,yes,0,3,true
https://ironwoodlivigno.com/blog/quando-prenotare-livigno-calendario-stagionale/no,BlogPosting BreadcrumbList,yes,0,3,true
https://ironwoodlivigno.com/blog/quando-prenotare-livigno-calendario-stagionale/zh,BlogPosting BreadcrumbList,yes,0,3,true
https://ironwoodlivigno.com/blog/quando-prenotare-livigno-calendario-stagionale/ja,BlogPosting BreadcrumbList,yes,0,3,true
https://ironwoodlivigno.com/blog/vacanza-senza-pensieri-a-livigno-colazione-ed-e-bike,BlogPosting BreadcrumbList,yes,0,3,true
https://ironwoodlivigno.com/blog/vacanza-senza-pensieri-a-livigno-colazione-ed-e-bike/en,BlogPosting BreadcrumbList,yes,0,3,true
https://ironwoodlivigno.com/blog/vacanza-senza-pensieri-a-livigno-colazione-ed-e-bike/de,BlogPosting BreadcrumbList,yes,0,3,true
https://ironwoodlivigno.com/blog/vacanza-senza-pensieri-a-livigno-colazione-ed-e-bike/pl,BlogPosting BreadcrumbList,yes,0,3,true
https://ironwoodlivigno.com/blog/vacanza-senza-pensieri-a-livigno-colazione-ed-e-bike/nl,BlogPosting BreadcrumbList,yes,0,3,true
https://ironwoodlivigno.com/blog/vacanza-senza-pensieri-a-livigno-colazione-ed-e-bike/cs,BlogPosting BreadcrumbList,yes,0,3,true
https://ironwoodlivigno.com/blog/vacanza-senza-pensieri-a-livigno-colazione-ed-e-bike/fr,BlogPosting BreadcrumbList,yes,0,3,true
https://ironwoodlivigno.com/blog/vacanza-senza-pensieri-a-livigno-colazione-ed-e-bike/da,BlogPosting BreadcrumbList,yes,0,3,true
https://ironwoodlivigno.com/blog/vacanza-senza-pensieri-a-livigno-colazione-ed-e-bike/no,BlogPosting BreadcrumbList,yes,0,3,true
https://ironwoodlivigno.com/blog/vacanza-senza-pensieri-a-livigno-colazione-ed-e-bike/zh,BlogPosting BreadcrumbList,yes,0,3,true
https://ironwoodlivigno.com/blog/vacanza-senza-pensieri-a-livigno-colazione-ed-e-bike/ja,BlogPosting BreadcrumbList,yes,0,3,true
https://ironwoodlivigno.com/blog/livigno-tax-free-guida-per-chi-arriva-dallestero,BlogPosting BreadcrumbList,yes,0,3,true
https://ironwoodlivigno.com/blog/livigno-tax-free-guida-per-chi-arriva-dallestero/en,BlogPosting BreadcrumbList,yes,0,3,true
https://ironwoodlivigno.com/blog/livigno-tax-free-guida-per-chi-arriva-dallestero/de,BlogPosting BreadcrumbList,yes,0,3,true
https://ironwoodlivigno.com/blog/livigno-tax-free-guida-per-chi-arriva-dallestero/pl,BlogPosting BreadcrumbList,yes,0,3,true
https://ironwoodlivigno.com/blog/livigno-tax-free-guida-per-chi-arriva-dallestero/nl,BlogPosting BreadcrumbList,yes,0,3,true
https://ironwoodlivigno.com/blog/livigno-tax-free-guida-per-chi-arriva-dallestero/cs,BlogPosting BreadcrumbList,yes,0,3,true
https://ironwoodlivigno.com/blog/livigno-tax-free-guida-per-chi-arriva-dallestero/fr,BlogPosting BreadcrumbList,yes,0,3,true
https://ironwoodlivigno.com/blog/livigno-tax-free-guida-per-chi-arriva-dallestero/da,BlogPosting BreadcrumbList,yes,0,3,true
https://ironwoodlivigno.com/blog/livigno-tax-free-guida-per-chi-arriva-dallestero/no,BlogPosting BreadcrumbList,yes,0,3,true
https://ironwoodlivigno.com/blog/livigno-tax-free-guida-per-chi-arriva-dallestero/zh,BlogPosting BreadcrumbList,yes,0,3,true
https://ironwoodlivigno.com/blog/livigno-tax-free-guida-per-chi-arriva-dallestero/ja,BlogPosting BreadcrumbList,yes,0,3,true
https://ironwoodlivigno.com/blog/migliori-periodi-per-evitare-la-folla-a-livigno,BlogPosting BreadcrumbList,yes,0,3,true
https://ironwoodlivigno.com/blog/migliori-periodi-per-evitare-la-folla-a-livigno/en,BlogPosting BreadcrumbList,yes,0,3,true
https://ironwoodlivigno.com/blog/migliori-periodi-per-evitare-la-folla-a-livigno/de,BlogPosting BreadcrumbList,yes,0,3,true
https://ironwoodlivigno.com/blog/migliori-periodi-per-evitare-la-folla-a-livigno/pl,BlogPosting BreadcrumbList,yes,0,3,true
https://ironwoodlivigno.com/blog/migliori-periodi-per-evitare-la-folla-a-livigno/nl,BlogPosting BreadcrumbList,yes,0,3,true
https://ironwoodlivigno.com/blog/migliori-periodi-per-evitare-la-folla-a-livigno/cs,BlogPosting BreadcrumbList,yes,0,3,true
https://ironwoodlivigno.com/blog/migliori-periodi-per-evitare-la-folla-a-livigno/fr,BlogPosting BreadcrumbList,yes,0,3,true
https://ironwoodlivigno.com/blog/migliori-periodi-per-evitare-la-folla-a-livigno/da,BlogPosting BreadcrumbList,yes,0,3,true
https://ironwoodlivigno.com/blog/migliori-periodi-per-evitare-la-folla-a-livigno/no,BlogPosting BreadcrumbList,yes,0,3,true
https://ironwoodlivigno.com/blog/migliori-periodi-per-evitare-la-folla-a-livigno/zh,BlogPosting BreadcrumbList,yes,0,3,true
https://ironwoodlivigno.com/blog/migliori-periodi-per-evitare-la-folla-a-livigno/ja,BlogPosting BreadcrumbList,yes,0,3,true
https://ironwoodlivigno.com/blog/livigno-con-il-cane-regole-e-alternative,BlogPosting BreadcrumbList,yes,0,3,true
https://ironwoodlivigno.com/blog/livigno-con-il-cane-regole-e-alternative/en,BlogPosting BreadcrumbList,yes,0,3,true
https://ironwoodlivigno.com/blog/livigno-con-il-cane-regole-e-alternative/de,BlogPosting BreadcrumbList,yes,0,3,true
https://ironwoodlivigno.com/blog/livigno-con-il-cane-regole-e-alternative/pl,BlogPosting BreadcrumbList,yes,0,3,true
https://ironwoodlivigno.com/blog/livigno-con-il-cane-regole-e-alternative/nl,BlogPosting BreadcrumbList,yes,0,3,true
https://ironwoodlivigno.com/blog/livigno-con-il-cane-regole-e-alternative/cs,BlogPosting BreadcrumbList,yes,0,3,true
https://ironwoodlivigno.com/blog/livigno-con-il-cane-regole-e-alternative/fr,BlogPosting BreadcrumbList,yes,0,3,true
https://ironwoodlivigno.com/blog/livigno-con-il-cane-regole-e-alternative/da,BlogPosting BreadcrumbList,yes,0,3,true
https://ironwoodlivigno.com/blog/livigno-con-il-cane-regole-e-alternative/no,BlogPosting BreadcrumbList,yes,0,3,true
https://ironwoodlivigno.com/blog/livigno-con-il-cane-regole-e-alternative/zh,BlogPosting BreadcrumbList,yes,0,3,true
https://ironwoodlivigno.com/blog/livigno-con-il-cane-regole-e-alternative/ja,BlogPosting BreadcrumbList,yes,0,3,true
https://ironwoodlivigno.com/blog/da-dove-ammirare-il-tramonto-a-livigno,BlogPosting BreadcrumbList,yes,0,3,true
https://ironwoodlivigno.com/blog/da-dove-ammirare-il-tramonto-a-livigno/en,BlogPosting BreadcrumbList,yes,0,3,true
https://ironwoodlivigno.com/blog/da-dove-ammirare-il-tramonto-a-livigno/de,BlogPosting BreadcrumbList,yes,0,3,true
https://ironwoodlivigno.com/blog/da-dove-ammirare-il-tramonto-a-livigno/pl,BlogPosting BreadcrumbList,yes,0,3,true
https://ironwoodlivigno.com/blog/da-dove-ammirare-il-tramonto-a-livigno/nl,BlogPosting BreadcrumbList,yes,0,3,true
https://ironwoodlivigno.com/blog/da-dove-ammirare-il-tramonto-a-livigno/cs,BlogPosting BreadcrumbList,yes,0,3,true
https://ironwoodlivigno.com/blog/da-dove-ammirare-il-tramonto-a-livigno/fr,BlogPosting BreadcrumbList,yes,0,3,true
https://ironwoodlivigno.com/blog/da-dove-ammirare-il-tramonto-a-livigno/da,BlogPosting BreadcrumbList,yes,0,3,true
https://ironwoodlivigno.com/blog/da-dove-ammirare-il-tramonto-a-livigno/no,BlogPosting BreadcrumbList,yes,0,3,true
https://ironwoodlivigno.com/blog/da-dove-ammirare-il-tramonto-a-livigno/zh,BlogPosting BreadcrumbList,yes,0,3,true
https://ironwoodlivigno.com/blog/da-dove-ammirare-il-tramonto-a-livigno/ja,BlogPosting BreadcrumbList,yes,0,3,true
https://ironwoodlivigno.com/inverno,BreadcrumbList WebPage FAQPage,yes,3,2,true
https://ironwoodlivigno.com/inverno/en,BreadcrumbList WebPage FAQPage,yes,3,2,true
https://ironwoodlivigno.com/inverno/en-us,BreadcrumbList WebPage FAQPage,yes,3,2,true
https://ironwoodlivigno.com/inverno/de,BreadcrumbList WebPage FAQPage,yes,3,2,true
https://ironwoodlivigno.com/inverno/fr,BreadcrumbList WebPage FAQPage,yes,3,2,true
https://ironwoodlivigno.com/inverno/da,BreadcrumbList WebPage FAQPage,yes,3,2,true
https://ironwoodlivigno.com/inverno/pl,BreadcrumbList WebPage FAQPage,yes,3,2,true
https://ironwoodlivigno.com/inverno/cs,BreadcrumbList WebPage FAQPage,yes,3,2,true
https://ironwoodlivigno.com/inverno/no,BreadcrumbList WebPage FAQPage,yes,3,2,true
https://ironwoodlivigno.com/inverno/nl,BreadcrumbList WebPage FAQPage,yes,3,2,true
https://ironwoodlivigno.com/inverno/zh,BreadcrumbList WebPage FAQPage,yes,3,2,true
https://ironwoodlivigno.com/inverno/ja,BreadcrumbList WebPage FAQPage,yes,3,2,true
https://ironwoodlivigno.com/estate,BreadcrumbList WebPage FAQPage,yes,3,2,true
https://ironwoodlivigno.com/estate/en,BreadcrumbList WebPage FAQPage,yes,3,2,true
https://ironwoodlivigno.com/estate/en-us,BreadcrumbList WebPage FAQPage,yes,3,2,true
https://ironwoodlivigno.com/estate/de,BreadcrumbList WebPage FAQPage,yes,3,2,true
https://ironwoodlivigno.com/estate/fr,BreadcrumbList WebPage FAQPage,yes,3,2,true
https://ironwoodlivigno.com/estate/da,BreadcrumbList WebPage FAQPage,yes,3,2,true
https://ironwoodlivigno.com/estate/pl,BreadcrumbList WebPage FAQPage,yes,3,2,true
https://ironwoodlivigno.com/estate/cs,BreadcrumbList WebPage FAQPage,yes,3,2,true
https://ironwoodlivigno.com/estate/no,BreadcrumbList WebPage FAQPage,yes,3,2,true
https://ironwoodlivigno.com/estate/nl,BreadcrumbList WebPage FAQPage,yes,3,2,true
https://ironwoodlivigno.com/estate/zh,BreadcrumbList WebPage FAQPage,yes,3,2,true
https://ironwoodlivigno.com/estate/ja,BreadcrumbList WebPage FAQPage,yes,3,2,true
https://ironwoodlivigno.com/famiglie,BreadcrumbList WebPage FAQPage,yes,3,2,true
https://ironwoodlivigno.com/famiglie/en,BreadcrumbList WebPage FAQPage,yes,3,2,true
https://ironwoodlivigno.com/famiglie/en-us,BreadcrumbList WebPage FAQPage,yes,3,2,true
https://ironwoodlivigno.com/famiglie/de,BreadcrumbList WebPage FAQPage,yes,3,2,true
https://ironwoodlivigno.com/famiglie/fr,BreadcrumbList WebPage FAQPage,yes,3,2,true
https://ironwoodlivigno.com/famiglie/da,BreadcrumbList WebPage FAQPage,yes,3,2,true
https://ironwoodlivigno.com/famiglie/pl,BreadcrumbList WebPage FAQPage,yes,3,2,true
https://ironwoodlivigno.com/famiglie/cs,BreadcrumbList WebPage FAQPage,yes,3,2,true
https://ironwoodlivigno.com/famiglie/no,BreadcrumbList WebPage FAQPage,yes,3,2,true
https://ironwoodlivigno.com/famiglie/nl,BreadcrumbList WebPage FAQPage,yes,3,2,true
https://ironwoodlivigno.com/famiglie/zh,BreadcrumbList WebPage FAQPage,yes,3,2,true
https://ironwoodlivigno.com/famiglie/ja,BreadcrumbList WebPage FAQPage,yes,3,2,true
https://ironwoodlivigno.com/come-arrivare,BreadcrumbList WebPage FAQPage,yes,3,2,true
https://ironwoodlivigno.com/come-arrivare/en,BreadcrumbList WebPage FAQPage,yes,3,2,true
https://ironwoodlivigno.com/come-arrivare/en-us,BreadcrumbList WebPage FAQPage,yes,3,2,true
https://ironwoodlivigno.com/come-arrivare/de,BreadcrumbList WebPage FAQPage,yes,3,2,true
https://ironwoodlivigno.com/come-arrivare/fr,BreadcrumbList WebPage FAQPage,yes,3,2,true
https://ironwoodlivigno.com/come-arrivare/da,BreadcrumbList WebPage FAQPage,yes,3,2,true
https://ironwoodlivigno.com/come-arrivare/pl,BreadcrumbList WebPage FAQPage,yes,3,2,true
https://ironwoodlivigno.com/come-arrivare/cs,BreadcrumbList WebPage FAQPage,yes,3,2,true
https://ironwoodlivigno.com/come-arrivare/no,BreadcrumbList WebPage FAQPage,yes,3,2,true
https://ironwoodlivigno.com/come-arrivare/nl,BreadcrumbList WebPage FAQPage,yes,3,2,true
https://ironwoodlivigno.com/come-arrivare/zh,BreadcrumbList WebPage FAQPage,yes,3,2,true
https://ironwoodlivigno.com/come-arrivare/ja,BreadcrumbList WebPage FAQPage,yes,3,2,true
https://ironwoodlivigno.com/chi-siamo,BreadcrumbList AboutPage FAQPage,yes,5,2,true
https://ironwoodlivigno.com/chi-siamo/en,BreadcrumbList WebPage FAQPage,yes,5,2,true
https://ironwoodlivigno.com/chi-siamo/en-us,BreadcrumbList WebPage FAQPage,yes,5,2,true
https://ironwoodlivigno.com/chi-siamo/de,BreadcrumbList WebPage FAQPage,yes,5,2,true
https://ironwoodlivigno.com/chi-siamo/fr,BreadcrumbList WebPage FAQPage,yes,5,2,true
https://ironwoodlivigno.com/chi-siamo/da,BreadcrumbList WebPage FAQPage,yes,5,2,true
https://ironwoodlivigno.com/chi-siamo/pl,BreadcrumbList WebPage FAQPage,yes,5,2,true
https://ironwoodlivigno.com/chi-siamo/cs,BreadcrumbList WebPage FAQPage,yes,5,2,true
https://ironwoodlivigno.com/chi-siamo/no,BreadcrumbList WebPage FAQPage,yes,5,2,true
https://ironwoodlivigno.com/chi-siamo/nl,BreadcrumbList WebPage FAQPage,yes,5,2,true
https://ironwoodlivigno.com/chi-siamo/zh,BreadcrumbList WebPage FAQPage,yes,5,2,true
https://ironwoodlivigno.com/chi-siamo/ja,BreadcrumbList WebPage FAQPage,yes,5,2,true
https://ironwoodlivigno.com/sauna-bagno-turco-privato-livigno,BreadcrumbList WebPage FAQPage,yes,4,2,true
https://ironwoodlivigno.com/sauna-bagno-turco-privato-livigno/en,BreadcrumbList WebPage FAQPage,yes,4,2,true
https://ironwoodlivigno.com/sauna-bagno-turco-privato-livigno/en-us,BreadcrumbList WebPage FAQPage,yes,4,2,true
https://ironwoodlivigno.com/sauna-bagno-turco-privato-livigno/de,BreadcrumbList WebPage FAQPage,yes,4,2,true
https://ironwoodlivigno.com/sauna-bagno-turco-privato-livigno/fr,BreadcrumbList WebPage FAQPage,yes,4,2,true
https://ironwoodlivigno.com/sauna-bagno-turco-privato-livigno/da,BreadcrumbList WebPage FAQPage,yes,4,2,true
https://ironwoodlivigno.com/sauna-bagno-turco-privato-livigno/pl,BreadcrumbList WebPage FAQPage,yes,4,2,true
https://ironwoodlivigno.com/sauna-bagno-turco-privato-livigno/cs,BreadcrumbList WebPage FAQPage,yes,4,2,true
https://ironwoodlivigno.com/sauna-bagno-turco-privato-livigno/no,BreadcrumbList WebPage FAQPage,yes,4,2,true
https://ironwoodlivigno.com/sauna-bagno-turco-privato-livigno/nl,BreadcrumbList WebPage FAQPage,yes,4,2,true
https://ironwoodlivigno.com/sauna-bagno-turco-privato-livigno/zh,BreadcrumbList WebPage FAQPage,yes,4,2,true
https://ironwoodlivigno.com/sauna-bagno-turco-privato-livigno/ja,BreadcrumbList WebPage FAQPage,yes,4,2,true
https://ironwoodlivigno.com/camere-appartamento-livigno,BreadcrumbList WebPage FAQPage,yes,3,2,true
https://ironwoodlivigno.com/camere-appartamento-livigno/en,BreadcrumbList WebPage FAQPage,yes,3,2,true
https://ironwoodlivigno.com/camere-appartamento-livigno/en-us,BreadcrumbList WebPage FAQPage,yes,3,2,true
https://ironwoodlivigno.com/camere-appartamento-livigno/de,BreadcrumbList WebPage FAQPage,yes,3,2,true
https://ironwoodlivigno.com/camere-appartamento-livigno/fr,BreadcrumbList WebPage FAQPage,yes,3,2,true
https://ironwoodlivigno.com/camere-appartamento-livigno/da,BreadcrumbList WebPage FAQPage,yes,3,2,true
https://ironwoodlivigno.com/camere-appartamento-livigno/pl,BreadcrumbList WebPage FAQPage,yes,3,2,true
https://ironwoodlivigno.com/camere-appartamento-livigno/cs,BreadcrumbList WebPage FAQPage,yes,3,2,true
https://ironwoodlivigno.com/camere-appartamento-livigno/no,BreadcrumbList WebPage FAQPage,yes,3,2,true
https://ironwoodlivigno.com/camere-appartamento-livigno/nl,BreadcrumbList WebPage FAQPage,yes,3,2,true
https://ironwoodlivigno.com/camere-appartamento-livigno/zh,BreadcrumbList WebPage FAQPage,yes,3,2,true
https://ironwoodlivigno.com/camere-appartamento-livigno/ja,BreadcrumbList WebPage FAQPage,yes,3,2,true
