group,it,en,en-us,de,fr,da,pl,cs,no,nl,zh,ja,x-default,reciprocal_errors
https://ironwoodlivigno.com/it,/it,/en,/en-us,/de,/fr,/da,/pl,/cs,/no,/nl,/zh,/ja,/it,0
https://ironwoodlivigno.com/en/contact,/it/contatti,/en/contact,/en-us/contact,/de/kontakt,/fr/contact,/da/kontakt,/pl/kontakt,/cs/kontakt,/no/kontakt,/nl/contact,/zh/contact,/ja/contact,/en/contact,0
https://ironwoodlivigno.com/blog,/blog,/blog/en,—,/blog/de,/blog/fr,/blog/da,/blog/pl,/blog/cs,/blog/no,/blog/nl,/blog/zh,/blog/ja,/blog,0
https://ironwoodlivigno.com/blog/come-arrivare-a-livigno,/blog/come-arrivare-a-livigno,/blog/come-arrivare-a-livigno/en,—,/blog/come-arrivare-a-livigno/de,/blog/come-arrivare-a-livigno/fr,/blog/come-arrivare-a-livigno/da,/blog/come-arrivare-a-livigno/pl,/blog/come-arrivare-a-livigno/cs,/blog/come-arrivare-a-livigno/no,/blog/come-arrivare-a-livigno/nl,/blog/come-arrivare-a-livigno/zh,/blog/come-arrivare-a-livigno/ja,/blog/come-arrivare-a-livigno,0
https://ironwoodlivigno.com/blog/sci-a-livigno-guida-carosello-3000,/blog/sci-a-livigno-guida-carosello-3000,/blog/sci-a-livigno-guida-carosello-3000/en,—,/blog/sci-a-livigno-guida-carosello-3000/de,/blog/sci-a-livigno-guida-carosello-3000/fr,/blog/sci-a-livigno-guida-carosello-3000/da,/blog/sci-a-livigno-guida-carosello-3000/pl,/blog/sci-a-livigno-guida-carosello-3000/cs,/blog/sci-a-livigno-guida-carosello-3000/no,/blog/sci-a-livigno-guida-carosello-3000/nl,/blog/sci-a-livigno-guida-carosello-3000/zh,/blog/sci-a-livigno-guida-carosello-3000/ja,/blog/sci-a-livigno-guida-carosello-3000,0
https://ironwoodlivigno.com/blog/livigno-estate-mountain-bike-trekking-lago,/blog/livigno-estate-mountain-bike-trekking-lago,/blog/livigno-estate-mountain-bike-trekking-lago/en,—,/blog/livigno-estate-mountain-bike-trekking-lago/de,/blog/livigno-estate-mountain-bike-trekking-lago/fr,/blog/livigno-estate-mountain-bike-trekking-lago/da,/blog/livigno-estate-mountain-bike-trekking-lago/pl,/blog/livigno-estate-mountain-bike-trekking-lago/cs,/blog/livigno-estate-mountain-bike-trekking-lago/no,/blog/livigno-estate-mountain-bike-trekking-lago/nl,/blog/livigno-estate-mountain-bike-trekking-lago/zh,/blog/livigno-estate-mountain-bike-trekking-lago/ja,/blog/livigno-estate-mountain-bike-trekking-lago,0
https://ironwoodlivigno.com/blog/cosa-mangiare-a-livigno-piatti-tipici,/blog/cosa-mangiare-a-livigno-piatti-tipici,/blog/cosa-mangiare-a-livigno-piatti-tipici/en,—,/blog/cosa-mangiare-a-livigno-piatti-tipici/de,/blog/cosa-mangiare-a-livigno-piatti-tipici/fr,/blog/cosa-mangiare-a-livigno-piatti-tipici/da,/blog/cosa-mangiare-a-livigno-piatti-tipici/pl,/blog/cosa-mangiare-a-livigno-piatti-tipici/cs,/blog/cosa-mangiare-a-livigno-piatti-tipici/no,/blog/cosa-mangiare-a-livigno-piatti-tipici/nl,/blog/cosa-mangiare-a-livigno-piatti-tipici/zh,/blog/cosa-mangiare-a-livigno-piatti-tipici/ja,/blog/cosa-mangiare-a-livigno-piatti-tipici,0
https://ironwoodlivigno.com/blog/shopping-duty-free-livigno-cosa-comprare,/blog/shopping-duty-free-livigno-cosa-comprare,/blog/shopping-duty-free-livigno-cosa-comprare/en,—,/blog/shopping-duty-free-livigno-cosa-comprare/de,/blog/shopping-duty-free-livigno-cosa-comprare/fr,/blog/shopping-duty-free-livigno-cosa-comprare/da,/blog/shopping-duty-free-livigno-cosa-comprare/pl,/blog/shopping-duty-free-livigno-cosa-comprare/cs,/blog/shopping-duty-free-livigno-cosa-comprare/no,/blog/shopping-duty-free-livigno-cosa-comprare/nl,/blog/shopping-duty-free-livigno-cosa-comprare/zh,/blog/shopping-duty-free-livigno-cosa-comprare/ja,/blog/shopping-duty-free-livigno-cosa-comprare,0
https://ironwoodlivigno.com/blog/livigno-con-bambini-attivita-famiglia,/blog/livigno-con-bambini-attivita-famiglia,/blog/livigno-con-bambini-attivita-famiglia/en,—,/blog/livigno-con-bambini-attivita-famiglia/de,/blog/livigno-con-bambini-attivita-famiglia/fr,/blog/livigno-con-bambini-attivita-famiglia/da,/blog/livigno-con-bambini-attivita-famiglia/pl,/blog/livigno-con-bambini-attivita-famiglia/cs,/blog/livigno-con-bambini-attivita-famiglia/no,/blog/livigno-con-bambini-attivita-famiglia/nl,/blog/livigno-con-bambini-attivita-famiglia/zh,/blog/livigno-con-bambini-attivita-famiglia/ja,/blog/livigno-con-bambini-attivita-famiglia,0
https://ironwoodlivigno.com/blog/livigno-estate-10-esperienze-imperdibili,/blog/livigno-estate-10-esperienze-imperdibili,/blog/livigno-estate-10-esperienze-imperdibili/en,—,/blog/livigno-estate-10-esperienze-imperdibili/de,/blog/livigno-estate-10-esperienze-imperdibili/fr,/blog/livigno-estate-10-esperienze-imperdibili/da,/blog/livigno-estate-10-esperienze-imperdibili/pl,/blog/livigno-estate-10-esperienze-imperdibili/cs,/blog/livigno-estate-10-esperienze-imperdibili/no,/blog/livigno-estate-10-esperienze-imperdibili/nl,/blog/livigno-estate-10-esperienze-imperdibili/zh,/blog/livigno-estate-10-esperienze-imperdibili/ja,/blog/livigno-estate-10-esperienze-imperdibili,0
https://ironwoodlivigno.com/blog/migliori-piste-sci-livigno-famiglie,/blog/migliori-piste-sci-livigno-famiglie,/blog/migliori-piste-sci-livigno-famiglie/en,—,/blog/migliori-piste-sci-livigno-famiglie/de,/blog/migliori-piste-sci-livigno-famiglie/fr,/blog/migliori-piste-sci-livigno-famiglie/da,/blog/migliori-piste-sci-livigno-famiglie/pl,/blog/migliori-piste-sci-livigno-famiglie/cs,/blog/migliori-piste-sci-livigno-famiglie/no,/blog/migliori-piste-sci-livigno-famiglie/nl,/blog/migliori-piste-sci-livigno-famiglie/zh,/blog/migliori-piste-sci-livigno-famiglie/ja,/blog/migliori-piste-sci-livigno-famiglie,0
https://ironwoodlivigno.com/blog/sauna-privata-vs-condivisa-livigno,/blog/sauna-privata-vs-condivisa-livigno,/blog/sauna-privata-vs-condivisa-livigno/en,—,/blog/sauna-privata-vs-condivisa-livigno/de,/blog/sauna-privata-vs-condivisa-livigno/fr,/blog/sauna-privata-vs-condivisa-livigno/da,/blog/sauna-privata-vs-condivisa-livigno/pl,/blog/sauna-privata-vs-condivisa-livigno/cs,/blog/sauna-privata-vs-condivisa-livigno/no,/blog/sauna-privata-vs-condivisa-livigno/nl,/blog/sauna-privata-vs-condivisa-livigno/zh,/blog/sauna-privata-vs-condivisa-livigno/ja,/blog/sauna-privata-vs-condivisa-livigno,0
https://ironwoodlivigno.com/blog/quanto-costa-sciare-a-livigno-guida-prezzi,/blog/quanto-costa-sciare-a-livigno-guida-prezzi,/blog/quanto-costa-sciare-a-livigno-guida-prezzi/en,—,/blog/quanto-costa-sciare-a-livigno-guida-prezzi/de,/blog/quanto-costa-sciare-a-livigno-guida-prezzi/fr,/blog/quanto-costa-sciare-a-livigno-guida-prezzi/da,/blog/quanto-costa-sciare-a-livigno-guida-prezzi/pl,/blog/quanto-costa-sciare-a-livigno-guida-prezzi/cs,/blog/quanto-costa-sciare-a-livigno-guida-prezzi/no,/blog/quanto-costa-sciare-a-livigno-guida-prezzi/nl,/blog/quanto-costa-sciare-a-livigno-guida-prezzi/zh,/blog/quanto-costa-sciare-a-livigno-guida-prezzi/ja,/blog/quanto-costa-sciare-a-livigno-guida-prezzi,0
https://ironwoodlivigno.com/blog/natale-capodanno-a-livigno,/blog/natale-capodanno-a-livigno,/blog/natale-capodanno-a-livigno/en,—,/blog/natale-capodanno-a-livigno/de,/blog/natale-capodanno-a-livigno/fr,/blog/natale-capodanno-a-livigno/da,/blog/natale-capodanno-a-livigno/pl,/blog/natale-capodanno-a-livigno/cs,/blog/natale-capodanno-a-livigno/no,/blog/natale-capodanno-a-livigno/nl,/blog/natale-capodanno-a-livigno/zh,/blog/natale-capodanno-a-livigno/ja,/blog/natale-capodanno-a-livigno,0
https://ironwoodlivigno.com/blog/carosello-3000-vs-mottolino-quale-scegliere,/blog/carosello-3000-vs-mottolino-quale-scegliere,/blog/carosello-3000-vs-mottolino-quale-scegliere/en,—,/blog/carosello-3000-vs-mottolino-quale-scegliere/de,/blog/carosello-3000-vs-mottolino-quale-scegliere/fr,/blog/carosello-3000-vs-mottolino-quale-scegliere/da,/blog/carosello-3000-vs-mottolino-quale-scegliere/pl,/blog/carosello-3000-vs-mottolino-quale-scegliere/cs,/blog/carosello-3000-vs-mottolino-quale-scegliere/no,/blog/carosello-3000-vs-mottolino-quale-scegliere/nl,/blog/carosello-3000-vs-mottolino-quale-scegliere/zh,/blog/carosello-3000-vs-mottolino-quale-scegliere/ja,/blog/carosello-3000-vs-mottolino-quale-scegliere,0
https://ironwoodlivigno.com/blog/quanto-costa-un-appartamento-a-livigno,/blog/quanto-costa-un-appartamento-a-livigno,/blog/quanto-costa-un-appartamento-a-livigno/en,—,/blog/quanto-costa-un-appartamento-a-livigno/de,/blog/quanto-costa-un-appartamento-a-livigno/fr,/blog/quanto-costa-un-appartamento-a-livigno/da,/blog/quanto-costa-un-appartamento-a-livigno/pl,/blog/quanto-costa-un-appartamento-a-livigno/cs,/blog/quanto-costa-un-appartamento-a-livigno/no,/blog/quanto-costa-un-appartamento-a-livigno/nl,/blog/quanto-costa-un-appartamento-a-livigno/zh,/blog/quanto-costa-un-appartamento-a-livigno/ja,/blog/quanto-costa-un-appartamento-a-livigno,0
https://ironwoodlivigno.com/blog/appartamento-con-sauna-privata-livigno-vs-hotel,/blog/appartamento-con-sauna-privata-livigno-vs-hotel,/blog/appartamento-con-sauna-privata-livigno-vs-hotel/en,—,/blog/appartamento-con-sauna-privata-livigno-vs-hotel/de,/blog/appartamento-con-sauna-privata-livigno-vs-hotel/fr,/blog/appartamento-con-sauna-privata-livigno-vs-hotel/da,/blog/appartamento-con-sauna-privata-livigno-vs-hotel/pl,/blog/appartamento-con-sauna-privata-livigno-vs-hotel/cs,/blog/appartamento-con-sauna-privata-livigno-vs-hotel/no,/blog/appartamento-con-sauna-privata-livigno-vs-hotel/nl,/blog/appartamento-con-sauna-privata-livigno-vs-hotel/zh,/blog/appartamento-con-sauna-privata-livigno-vs-hotel/ja,/blog/appartamento-con-sauna-privata-livigno-vs-hotel,0
https://ironwoodlivigno.com/blog/livigno-per-gruppi-numerosi-fino-a-6-persone,/blog/livigno-per-gruppi-numerosi-fino-a-6-persone,/blog/livigno-per-gruppi-numerosi-fino-a-6-persone/en,—,/blog/livigno-per-gruppi-numerosi-fino-a-6-persone/de,/blog/livigno-per-gruppi-numerosi-fino-a-6-persone/fr,/blog/livigno-per-gruppi-numerosi-fino-a-6-persone/da,/blog/livigno-per-gruppi-numerosi-fino-a-6-persone/pl,/blog/livigno-per-gruppi-numerosi-fino-a-6-persone/cs,/blog/livigno-per-gruppi-numerosi-fino-a-6-persone/no,/blog/livigno-per-gruppi-numerosi-fino-a-6-persone/nl,/blog/livigno-per-gruppi-numerosi-fino-a-6-persone/zh,/blog/livigno-per-gruppi-numerosi-fino-a-6-persone/ja,/blog/livigno-per-gruppi-numerosi-fino-a-6-persone,0
https://ironwoodlivigno.com/blog/deposito-sci-e-attrezzatura-a-livigno-cosa-cercare,/blog/deposito-sci-e-attrezzatura-a-livigno-cosa-cercare,/blog/deposito-sci-e-attrezzatura-a-livigno-cosa-cercare/en,—,/blog/deposito-sci-e-attrezzatura-a-livigno-cosa-cercare/de,/blog/deposito-sci-e-attrezzatura-a-livigno-cosa-cercare/fr,/blog/deposito-sci-e-attrezzatura-a-livigno-cosa-cercare/da,/blog/deposito-sci-e-attrezzatura-a-livigno-cosa-cercare/pl,/blog/deposito-sci-e-attrezzatura-a-livigno-cosa-cercare/cs,/blog/deposito-sci-e-attrezzatura-a-livigno-cosa-cercare/no,/blog/deposito-sci-e-attrezzatura-a-livigno-cosa-cercare/nl,/blog/deposito-sci-e-attrezzatura-a-livigno-cosa-cercare/zh,/blog/deposito-sci-e-attrezzatura-a-livigno-cosa-cercare/ja,/blog/deposito-sci-e-attrezzatura-a-livigno-cosa-cercare,0
https://ironwoodlivigno.com/blog/quando-prenotare-livigno-calendario-stagionale,/blog/quando-prenotare-livigno-calendario-stagionale,/blog/quando-prenotare-livigno-calendario-stagionale/en,—,/blog/quando-prenotare-livigno-calendario-stagionale/de,/blog/quando-prenotare-livigno-calendario-stagionale/fr,/blog/quando-prenotare-livigno-calendario-stagionale/da,/blog/quando-prenotare-livigno-calendario-stagionale/pl,/blog/quando-prenotare-livigno-calendario-stagionale/cs,/blog/quando-prenotare-livigno-calendario-stagionale/no,/blog/quando-prenotare-livigno-calendario-stagionale/nl,/blog/quando-prenotare-livigno-calendario-stagionale/zh,/blog/quando-prenotare-livigno-calendario-stagionale/ja,/blog/quando-prenotare-livigno-calendario-stagionale,0
https://ironwoodlivigno.com/blog/vacanza-senza-pensieri-a-livigno-colazione-ed-e-bike,/blog/vacanza-senza-pensieri-a-livigno-colazione-ed-e-bike,/blog/vacanza-senza-pensieri-a-livigno-colazione-ed-e-bike/en,—,/blog/vacanza-senza-pensieri-a-livigno-colazione-ed-e-bike/de,/blog/vacanza-senza-pensieri-a-livigno-colazione-ed-e-bike/fr,/blog/vacanza-senza-pensieri-a-livigno-colazione-ed-e-bike/da,/blog/vacanza-senza-pensieri-a-livigno-colazione-ed-e-bike/pl,/blog/vacanza-senza-pensieri-a-livigno-colazione-ed-e-bike/cs,/blog/vacanza-senza-pensieri-a-livigno-colazione-ed-e-bike/no,/blog/vacanza-senza-pensieri-a-livigno-colazione-ed-e-bike/nl,/blog/vacanza-senza-pensieri-a-livigno-colazione-ed-e-bike/zh,/blog/vacanza-senza-pensieri-a-livigno-colazione-ed-e-bike/ja,/blog/vacanza-senza-pensieri-a-livigno-colazione-ed-e-bike,0
https://ironwoodlivigno.com/blog/livigno-tax-free-guida-per-chi-arriva-dallestero,/blog/livigno-tax-free-guida-per-chi-arriva-dallestero,/blog/livigno-tax-free-guida-per-chi-arriva-dallestero/en,—,/blog/livigno-tax-free-guida-per-chi-arriva-dallestero/de,/blog/livigno-tax-free-guida-per-chi-arriva-dallestero/fr,/blog/livigno-tax-free-guida-per-chi-arriva-dallestero/da,/blog/livigno-tax-free-guida-per-chi-arriva-dallestero/pl,/blog/livigno-tax-free-guida-per-chi-arriva-dallestero/cs,/blog/livigno-tax-free-guida-per-chi-arriva-dallestero/no,/blog/livigno-tax-free-guida-per-chi-arriva-dallestero/nl,/blog/livigno-tax-free-guida-per-chi-arriva-dallestero/zh,/blog/livigno-tax-free-guida-per-chi-arriva-dallestero/ja,/blog/livigno-tax-free-guida-per-chi-arriva-dallestero,0
https://ironwoodlivigno.com/blog/migliori-periodi-per-evitare-la-folla-a-livigno,/blog/migliori-periodi-per-evitare-la-folla-a-livigno,/blog/migliori-periodi-per-evitare-la-folla-a-livigno/en,—,/blog/migliori-periodi-per-evitare-la-folla-a-livigno/de,/blog/migliori-periodi-per-evitare-la-folla-a-livigno/fr,/blog/migliori-periodi-per-evitare-la-folla-a-livigno/da,/blog/migliori-periodi-per-evitare-la-folla-a-livigno/pl,/blog/migliori-periodi-per-evitare-la-folla-a-livigno/cs,/blog/migliori-periodi-per-evitare-la-folla-a-livigno/no,/blog/migliori-periodi-per-evitare-la-folla-a-livigno/nl,/blog/migliori-periodi-per-evitare-la-folla-a-livigno/zh,/blog/migliori-periodi-per-evitare-la-folla-a-livigno/ja,/blog/migliori-periodi-per-evitare-la-folla-a-livigno,0
https://ironwoodlivigno.com/blog/livigno-con-il-cane-regole-e-alternative,/blog/livigno-con-il-cane-regole-e-alternative,/blog/livigno-con-il-cane-regole-e-alternative/en,—,/blog/livigno-con-il-cane-regole-e-alternative/de,/blog/livigno-con-il-cane-regole-e-alternative/fr,/blog/livigno-con-il-cane-regole-e-alternative/da,/blog/livigno-con-il-cane-regole-e-alternative/pl,/blog/livigno-con-il-cane-regole-e-alternative/cs,/blog/livigno-con-il-cane-regole-e-alternative/no,/blog/livigno-con-il-cane-regole-e-alternative/nl,/blog/livigno-con-il-cane-regole-e-alternative/zh,/blog/livigno-con-il-cane-regole-e-alternative/ja,/blog/livigno-con-il-cane-regole-e-alternative,0
https://ironwoodlivigno.com/blog/da-dove-ammirare-il-tramonto-a-livigno,/blog/da-dove-ammirare-il-tramonto-a-livigno,/blog/da-dove-ammirare-il-tramonto-a-livigno/en,—,/blog/da-dove-ammirare-il-tramonto-a-livigno/de,/blog/da-dove-ammirare-il-tramonto-a-livigno/fr,/blog/da-dove-ammirare-il-tramonto-a-livigno/da,/blog/da-dove-ammirare-il-tramonto-a-livigno/pl,/blog/da-dove-ammirare-il-tramonto-a-livigno/cs,/blog/da-dove-ammirare-il-tramonto-a-livigno/no,/blog/da-dove-ammirare-il-tramonto-a-livigno/nl,/blog/da-dove-ammirare-il-tramonto-a-livigno/zh,/blog/da-dove-ammirare-il-tramonto-a-livigno/ja,/blog/da-dove-ammirare-il-tramonto-a-livigno,0
https://ironwoodlivigno.com/inverno,/inverno,/inverno/en,/inverno/en-us,/inverno/de,/inverno/fr,/inverno/da,/inverno/pl,/inverno/cs,/inverno/no,/inverno/nl,/inverno/zh,/inverno/ja,/inverno,0
https://ironwoodlivigno.com/estate,/estate,/estate/en,/estate/en-us,/estate/de,/estate/fr,/estate/da,/estate/pl,/estate/cs,/estate/no,/estate/nl,/estate/zh,/estate/ja,/estate,0
https://ironwoodlivigno.com/famiglie,/famiglie,/famiglie/en,/famiglie/en-us,/famiglie/de,/famiglie/fr,/famiglie/da,/famiglie/pl,/famiglie/cs,/famiglie/no,/famiglie/nl,/famiglie/zh,/famiglie/ja,/famiglie,0
https://ironwoodlivigno.com/come-arrivare,/come-arrivare,/come-arrivare/en,/come-arrivare/en-us,/come-arrivare/de,/come-arrivare/fr,/come-arrivare/da,/come-arrivare/pl,/come-arrivare/cs,/come-arrivare/no,/come-arrivare/nl,/come-arrivare/zh,/come-arrivare/ja,/come-arrivare,0
https://ironwoodlivigno.com/chi-siamo,/chi-siamo,/chi-siamo/en,/chi-siamo/en-us,/chi-siamo/de,/chi-siamo/fr,/chi-siamo/da,/chi-siamo/pl,/chi-siamo/cs,/chi-siamo/no,/chi-siamo/nl,/chi-siamo/zh,/chi-siamo/ja,/chi-siamo,0
https://ironwoodlivigno.com/sauna-bagno-turco-privato-livigno,/sauna-bagno-turco-privato-livigno,/sauna-bagno-turco-privato-livigno/en,/sauna-bagno-turco-privato-livigno/en-us,/sauna-bagno-turco-privato-livigno/de,/sauna-bagno-turco-privato-livigno/fr,/sauna-bagno-turco-privato-livigno/da,/sauna-bagno-turco-privato-livigno/pl,/sauna-bagno-turco-privato-livigno/cs,/sauna-bagno-turco-privato-livigno/no,/sauna-bagno-turco-privato-livigno/nl,/sauna-bagno-turco-privato-livigno/zh,/sauna-bagno-turco-privato-livigno/ja,/sauna-bagno-turco-privato-livigno,0
https://ironwoodlivigno.com/camere-appartamento-livigno,/camere-appartamento-livigno,/camere-appartamento-livigno/en,/camere-appartamento-livigno/en-us,/camere-appartamento-livigno/de,/camere-appartamento-livigno/fr,/camere-appartamento-livigno/da,/camere-appartamento-livigno/pl,/camere-appartamento-livigno/cs,/camere-appartamento-livigno/no,/camere-appartamento-livigno/nl,/camere-appartamento-livigno/zh,/camere-appartamento-livigno/ja,/camere-appartamento-livigno,0
