old_url,new_url,status,reason,live_status,live_location,chain_ok
/,/it,301,bare root to Italian home,301,/it,yes (1 hop)
/index.html,/it,301,legacy page of the previous multi-page site,301,/it,yes (1 hop)
/appartamento.html,/it#camere,301,legacy page of the previous multi-page site,301,/it#camere,yes (1 hop)
/dove-siamo.html,/it#posizione,301,legacy page of the previous multi-page site,301,/it#posizione,yes (1 hop)
/servizi.html,/it#esperienza,301,legacy page of the previous multi-page site,301,/it#esperienza,yes (1 hop)
/stagioni.html,/it,301,legacy page of the previous multi-page site,301,/it,yes (1 hop)
/recensioni.html,/it,301,legacy page of the previous multi-page site,301,/it,yes (1 hop)
/faq.html,/it,301,legacy page of the previous multi-page site,301,/it,yes (1 hop)
/contatti.html,/it#prenota,301,legacy page of the previous multi-page site,301,/it#prenota,yes (1 hop)
/prenota.html,/it#prenota,301,legacy page of the previous multi-page site,301,/it#prenota,yes (1 hop)
/privacy.html,/it/privacy,301,legacy page of the previous multi-page site,301,/it/privacy,yes (1 hop)
/blog/index.html,/blog,301,legacy page of the previous multi-page site,301,/blog,yes (1 hop)
/blog/cosa-fare-a-livigno.html,/blog,301,legacy page of the previous multi-page site,301,/blog,yes (1 hop)
/blog/duty-free-livigno.html,/blog/shopping-duty-free-livigno-cosa-comprare,301,legacy page of the previous multi-page site,301,/blog/shopping-duty-free-livigno-cosa-comprare,yes (1 hop)
/en/index.html,/en,301,legacy page of the previous multi-page site,301,/en,yes (1 hop)
/en/blog/index.html,/blog,301,legacy page of the previous multi-page site,301,/blog,yes (1 hop)
/en/blog/duty-free-livigno.html,/blog/shopping-duty-free-livigno-cosa-comprare/en,301,legacy page of the previous multi-page site,301,/blog/shopping-duty-free-livigno-cosa-comprare/en,yes (1 hop)
/en/blog/things-to-do-in-livigno.html,/blog,301,legacy page of the previous multi-page site,301,/blog,yes (1 hop)
/en/faq.html,/en,301,legacy page of the previous multi-page site,301,/en,yes (1 hop)
/en/contact.html,/en/contact,301,legacy page of the previous multi-page site,301,/en/contact,yes (1 hop)
/en/privacy.html,/en/privacy,301,legacy page of the previous multi-page site,301,/en/privacy,yes (1 hop)
/en/apartment.html,/en#camere,301,legacy page of the previous multi-page site,301,https://ironwoodlivigno.com/en,yes (1 hop)
/en/seasons.html,/en,301,legacy page of the previous multi-page site,301,/en,yes (1 hop)
/en/services.html,/en#esperienza,301,legacy page of the previous multi-page site,301,/en#esperienza,yes (1 hop)
/en/reviews.html,/en,301,legacy page of the previous multi-page site,301,/en,yes (1 hop)
/en/location.html,/en#posizione,301,legacy page of the previous multi-page site,301,https://ironwoodlivigno.com/en,yes (1 hop)
/en/book.html,/en#prenota,301,legacy page of the previous multi-page site,301,/en#prenota,yes (1 hop)
/de/index.html,/de,301,legacy page of the previous multi-page site,301,/de,yes (1 hop)
/de/blog/index.html,/blog,301,legacy page of the previous multi-page site,301,/blog,yes (1 hop)
/de/blog/duty-free-livigno.html,/blog/shopping-duty-free-livigno-cosa-comprare/de,301,legacy page of the previous multi-page site,301,/blog/shopping-duty-free-livigno-cosa-comprare/de,yes (1 hop)
/de/blog/was-tun-in-livigno.html,/blog,301,legacy page of the previous multi-page site,301,/blog,yes (1 hop)
/de/faq.html,/de,301,legacy page of the previous multi-page site,301,/de,yes (1 hop)
/de/kontakt.html,/de/kontakt,301,legacy page of the previous multi-page site,301,/de/kontakt,yes (1 hop)
/de/datenschutz.html,/de/privacy,301,legacy page of the previous multi-page site,301,/de/privacy,yes (1 hop)
/de/wohnung.html,/de#camere,301,legacy page of the previous multi-page site,301,/de#camere,yes (1 hop)
/de/jahreszeiten.html,/de,301,legacy page of the previous multi-page site,301,/de,yes (1 hop)
/de/leistungen.html,/de#esperienza,301,legacy page of the previous multi-page site,301,/de#esperienza,yes (1 hop)
/de/bewertungen.html,/de,301,legacy page of the previous multi-page site,301,/de,yes (1 hop)
/fr/index.html,/fr,301,legacy page of the previous multi-page site,301,/fr,yes (1 hop)
/fr/blog/index.html,/blog,301,legacy page of the previous multi-page site,301,/blog,yes (1 hop)
/fr/blog/duty-free-livigno.html,/blog/shopping-duty-free-livigno-cosa-comprare,301,legacy page of the previous multi-page site,301,/blog/shopping-duty-free-livigno-cosa-comprare,yes (1 hop)
/fr/blog/que-faire-a-livigno.html,/blog,301,legacy page of the previous multi-page site,301,/blog,yes (1 hop)
/fr/faq.html,/fr,301,legacy page of the previous multi-page site,301,/fr,yes (1 hop)
/fr/confidentialite.html,/fr/privacy,301,legacy page of the previous multi-page site,301,/fr/privacy,yes (1 hop)
/fr/emplacement.html,/fr#posizione,301,legacy page of the previous multi-page site,301,/fr#posizione,yes (1 hop)
/fr/services.html,/fr#esperienza,301,legacy page of the previous multi-page site,301,/fr#esperienza,yes (1 hop)
/fr/avis.html,/fr,301,legacy page of the previous multi-page site,301,/fr,yes (1 hop)
/fr/saisons.html,/fr,301,legacy page of the previous multi-page site,301,/fr,yes (1 hop)
/nl/index.html,/nl,301,legacy page of the previous multi-page site,301,/nl,yes (1 hop)
/nl/blog/index.html,/blog,301,legacy page of the previous multi-page site,301,/blog,yes (1 hop)
/nl/blog/duty-free-livigno.html,/blog/shopping-duty-free-livigno-cosa-comprare,301,legacy page of the previous multi-page site,301,/blog/shopping-duty-free-livigno-cosa-comprare,yes (1 hop)
/nl/blog/wat-te-doen-in-livigno.html,/blog,301,legacy page of the previous multi-page site,301,/blog,yes (1 hop)
/nl/faq.html,/nl,301,legacy page of the previous multi-page site,301,/nl,yes (1 hop)
/nl/contact.html,/nl/contact,301,legacy page of the previous multi-page site,301,/nl/contact,yes (1 hop)
/nl/privacybeleid.html,/nl/privacy,301,legacy page of the previous multi-page site,301,/nl/privacy,yes (1 hop)
/nl/locatie.html,/nl#posizione,301,legacy page of the previous multi-page site,301,/nl#posizione,yes (1 hop)
/nl/seizoenen.html,/nl,301,legacy page of the previous multi-page site,301,/nl,yes (1 hop)
/nl/boeken.html,/nl#prenota,301,legacy page of the previous multi-page site,301,/nl#prenota,yes (1 hop)
/da/blog/index.html,/blog,301,legacy page of the previous multi-page site,301,/blog,yes (1 hop)
/da/blog/duty-free-livigno.html,/blog/shopping-duty-free-livigno-cosa-comprare,301,legacy page of the previous multi-page site,301,/blog/shopping-duty-free-livigno-cosa-comprare,yes (1 hop)
/da/blog/ting-at-lave-i-livigno.html,/blog,301,legacy page of the previous multi-page site,301,/blog,yes (1 hop)
/da/faq.html,/da,301,legacy page of the previous multi-page site,301,/da,yes (1 hop)
/da/lejligheden.html,/da#camere,301,legacy page of the previous multi-page site,301,/da#camere,yes (1 hop)
/da/privatliv.html,/da/privacy,301,legacy page of the previous multi-page site,301,/da/privacy,yes (1 hop)
/da/saesoner.html,/da,301,legacy page of the previous multi-page site,301,/da,yes (1 hop)
/da/beliggenhed.html,/da#posizione,301,legacy page of the previous multi-page site,301,/da#posizione,yes (1 hop)
/no/index.html,/no,301,legacy page of the previous multi-page site,301,/no,yes (1 hop)
/no/blog/index.html,/blog,301,legacy page of the previous multi-page site,301,/blog,yes (1 hop)
/no/blog/duty-free-livigno.html,/blog/shopping-duty-free-livigno-cosa-comprare,301,legacy page of the previous multi-page site,301,/blog/shopping-duty-free-livigno-cosa-comprare,yes (1 hop)
/no/blog/ting-a-gjore-i-livigno.html,/blog,301,legacy page of the previous multi-page site,301,/blog,yes (1 hop)
/no/faq.html,/no,301,legacy page of the previous multi-page site,301,/no,yes (1 hop)
/no/leiligheten.html,/no#camere,301,legacy page of the previous multi-page site,301,/no#camere,yes (1 hop)
/no/sesonger.html,/no,301,legacy page of the previous multi-page site,301,/no,yes (1 hop)
/no/anmeldelser.html,/no,301,legacy page of the previous multi-page site,301,/no,yes (1 hop)
/pl/index.html,/pl,301,legacy page of the previous multi-page site,301,/pl,yes (1 hop)
/pl/blog/index.html,/blog,301,legacy page of the previous multi-page site,301,/blog,yes (1 hop)
/pl/blog/duty-free-livigno.html,/blog/shopping-duty-free-livigno-cosa-comprare,301,legacy page of the previous multi-page site,301,/blog/shopping-duty-free-livigno-cosa-comprare,yes (1 hop)
/pl/blog/co-robic-w-livigno.html,/blog,301,legacy page of the previous multi-page site,301,/blog,yes (1 hop)
/pl/faq.html,/pl,301,legacy page of the previous multi-page site,301,/pl,yes (1 hop)
/pl/kontakt.html,/pl/kontakt,301,legacy page of the previous multi-page site,301,/pl/kontakt,yes (1 hop)
/pl/polityka-prywatnosci.html,/pl/privacy,301,legacy page of the previous multi-page site,301,/pl/privacy,yes (1 hop)
/pl/apartament.html,/pl#camere,301,legacy page of the previous multi-page site,301,/pl#camere,yes (1 hop)
/pl/lokalizacja.html,/pl#posizione,301,legacy page of the previous multi-page site,301,/pl#posizione,yes (1 hop)
/pl/opinie.html,/pl,301,legacy page of the previous multi-page site,301,/pl,yes (1 hop)
/cs/blog/index.html,/blog,301,legacy page of the previous multi-page site,301,/blog,yes (1 hop)
/cs/blog/duty-free-livigno.html,/blog/shopping-duty-free-livigno-cosa-comprare,301,legacy page of the previous multi-page site,301,/blog/shopping-duty-free-livigno-cosa-comprare,yes (1 hop)
/cs/blog/co-delat-v-livignu.html,/blog,301,legacy page of the previous multi-page site,301,/blog,yes (1 hop)
/cs/lokalita.html,/cs#posizione,301,legacy page of the previous multi-page site,301,/cs#posizione,yes (1 hop)
/cs/recenze.html,/cs,301,legacy page of the previous multi-page site,301,/cs,yes (1 hop)
/cs/sezony.html,/cs,301,legacy page of the previous multi-page site,301,/cs,yes (1 hop)
/cs/sluzby.html,/cs#esperienza,301,legacy page of the previous multi-page site,301,/cs#esperienza,yes (1 hop)
/en/home,/en,301,legacy / alias URL,301,/en,yes (1 hop)
/de/home,/de,301,legacy / alias URL,301,/de,yes (1 hop)
/contatti,/it#prenota,301,contact slug in another language,301,/it#prenota,yes (1 hop)
/prenota,/it#prenota,301,legacy / alias URL,301,/it#prenota,yes (1 hop)
/dove-siamo,/it#posizione,301,legacy / alias URL,301,/it#posizione,yes (1 hop)
/photogallery,/it,301,legacy / alias URL,301,/it,yes (1 hop)
/en/photogallery,/en,301,legacy / alias URL,301,https://ironwoodlivigno.com/en,yes (1 hop)
/de/photogallery,/de,301,legacy / alias URL,301,https://ironwoodlivigno.com/de,yes (1 hop)
/cs/photogallery,/cs,301,legacy / alias URL,301,/cs,yes (1 hop)
/cs/contatti,/cs/kontakt,301,contact slug in another language,301,/cs/kontakt,yes (1 hop)
/de/contatti,/de/kontakt,301,contact slug in another language,301,/de/kontakt,yes (1 hop)
/en/contatti,/en/contact,301,contact slug in another language,301,/en/contact,yes (1 hop)
/cs/sauna,/cs,301,legacy / alias URL,301,/cs,yes (1 hop)
/en/ironwoodlivigno,/en,301,legacy / alias URL,301,https://ironwoodlivigno.com/en,yes (1 hop)
/prova,/it,301,legacy / alias URL,301,/it,yes (1 hop)
/home,/it,301,legacy / alias URL,301,https://ironwoodlivigno.com/it,yes (1 hop)
/appartamento,/it#camere,301,legacy / alias URL,301,/it#camere,yes (1 hop)
/Ironwood_livigno,/it,301,legacy / alias URL,301,https://ironwoodlivigno.com/it,yes (1 hop)
/it/contact,/it/contatti,301,contact slug in another language,301,/it/contatti,yes (1 hop)
/en/dove-siamo,/en#posizione,301,legacy / alias URL,301,/en#posizione,yes (1 hop)
/en/book,/en#prenota,301,legacy / alias URL,301,/en#prenota,yes (1 hop)
/en/apartment,/en#camere,301,legacy / alias URL,301,/en#camere,yes (1 hop)
/en/prices.html,/en#tariffe,301,legacy page of the previous multi-page site,301,/en#tariffe,yes (1 hop)
/de/jahreszeiten,/de,301,legacy / alias URL,301,/de,yes (1 hop)
/fr/reserver.html,/fr#prenota,301,legacy page of the previous multi-page site,301,/fr#prenota,yes (1 hop)
/fr/avis,/fr,301,legacy / alias URL,301,/fr,yes (1 hop)
/fr/saisons,/fr,301,legacy / alias URL,301,/fr,yes (1 hop)
/fr/blog/,/blog,301,legacy / alias URL,301,/blog,yes (1 hop)
/nl/diensten,/nl#esperienza,301,legacy / alias URL,301,/nl#esperienza,yes (1 hop)
/nl/seizoenen,/nl,301,legacy / alias URL,301,/nl,yes (1 hop)
/nl/appartement,/nl#camere,301,legacy / alias URL,301,/nl#camere,yes (1 hop)
/da/faq,/da,301,legacy / alias URL,301,/da,yes (1 hop)
/no/sesonger,/no,301,legacy / alias URL,301,/no,yes (1 hop)
/pl/sezony,/pl,301,legacy / alias URL,301,/pl,yes (1 hop)
/pl/sezony.html,/pl,301,legacy page of the previous multi-page site,301,/pl,yes (1 hop)
/pl/lokalizacja,/pl#posizione,301,legacy / alias URL,301,/pl#posizione,yes (1 hop)
/pl/polityka-prywatnosci,/pl/privacy,301,legacy / alias URL,301,/pl/privacy,yes (1 hop)
/pl/apartament,/pl#camere,301,legacy / alias URL,301,/pl#camere,yes (1 hop)
/pl/rezerwacja,/pl#prenota,301,legacy / alias URL,301,/pl#prenota,yes (1 hop)
/cs/ochrana-soukromi,/cs/privacy,301,legacy / alias URL,301,/cs/privacy,yes (1 hop)
/en/prenota,/en#prenota,301,legacy / alias URL,301,/en#prenota,yes (1 hop)
/en/prova,/en,301,legacy / alias URL,301,/en,yes (1 hop)
/de/prenota,/de#prenota,301,legacy / alias URL,301,/de#prenota,yes (1 hop)
/de/dove-siamo,/de#posizione,301,legacy / alias URL,301,/de#posizione,yes (1 hop)
/de/prova,/de,301,legacy / alias URL,301,/de,yes (1 hop)
/cs/prenota,/cs#prenota,301,legacy / alias URL,301,/cs#prenota,yes (1 hop)
/sauna,/sauna-bagno-turco-privato-livigno,301,legacy / alias URL,301,/sauna-bagno-turco-privato-livigno,yes (1 hop)
/en/sauna,/sauna-bagno-turco-privato-livigno/en,301,legacy / alias URL,301,/sauna-bagno-turco-privato-livigno/en,yes (1 hop)
/it/photogallery,/it,301,legacy / alias URL,301,/it,yes (1 hop)
/it/dove-siamo,/it#posizione,301,legacy / alias URL,301,/it#posizione,yes (1 hop)
/livigno-estate,/estate,301,legacy / alias URL,301,/estate,yes (1 hop)
/livigno-estate/en,/estate/en,301,legacy / alias URL,301,/estate/en,yes (1 hop)
/livigno-estate/en-us,/estate/en-us,301,legacy / alias URL,301,/estate/en-us,yes (1 hop)
/livigno-estate/de,/estate/de,301,legacy / alias URL,301,/estate/de,yes (1 hop)
/livigno-estate/fr,/estate/fr,301,legacy / alias URL,301,/estate/fr,yes (1 hop)
/livigno-estate/da,/estate/da,301,legacy / alias URL,301,/estate/da,yes (1 hop)
/livigno-estate/pl,/estate/pl,301,legacy / alias URL,301,/estate/pl,yes (1 hop)
/livigno-estate/cs,/estate/cs,301,legacy / alias URL,301,/estate/cs,yes (1 hop)
/livigno-estate/no,/estate/no,301,legacy / alias URL,301,/estate/no,yes (1 hop)
/livigno-estate/nl,/estate/nl,301,legacy / alias URL,301,/estate/nl,yes (1 hop)
/livigno-estate/zh,/estate/zh,301,legacy / alias URL,301,/estate/zh,yes (1 hop)
/livigno-estate/ja,/estate/ja,301,legacy / alias URL,301,/estate/ja,yes (1 hop)
/benessere,/sauna-bagno-turco-privato-livigno,301,legacy / alias URL,301,/sauna-bagno-turco-privato-livigno,yes (1 hop)
/benessere/en,/sauna-bagno-turco-privato-livigno/en,301,legacy / alias URL,301,/sauna-bagno-turco-privato-livigno/en,yes (1 hop)
/benessere/en-us,/sauna-bagno-turco-privato-livigno/en-us,301,legacy / alias URL,301,/sauna-bagno-turco-privato-livigno/en-us,yes (1 hop)
/benessere/de,/sauna-bagno-turco-privato-livigno/de,301,legacy / alias URL,301,/sauna-bagno-turco-privato-livigno/de,yes (1 hop)
/benessere/fr,/sauna-bagno-turco-privato-livigno/fr,301,legacy / alias URL,301,/sauna-bagno-turco-privato-livigno/fr,yes (1 hop)
/benessere/da,/sauna-bagno-turco-privato-livigno/da,301,legacy / alias URL,301,/sauna-bagno-turco-privato-livigno/da,yes (1 hop)
/benessere/pl,/sauna-bagno-turco-privato-livigno/pl,301,legacy / alias URL,301,/sauna-bagno-turco-privato-livigno/pl,yes (1 hop)
/benessere/cs,/sauna-bagno-turco-privato-livigno/cs,301,legacy / alias URL,301,/sauna-bagno-turco-privato-livigno/cs,yes (1 hop)
/benessere/no,/sauna-bagno-turco-privato-livigno/no,301,legacy / alias URL,301,/sauna-bagno-turco-privato-livigno/no,yes (1 hop)
/benessere/nl,/sauna-bagno-turco-privato-livigno/nl,301,legacy / alias URL,301,/sauna-bagno-turco-privato-livigno/nl,yes (1 hop)
/benessere/zh,/sauna-bagno-turco-privato-livigno/zh,301,legacy / alias URL,301,/sauna-bagno-turco-privato-livigno/zh,yes (1 hop)
/benessere/ja,/sauna-bagno-turco-privato-livigno/ja,301,legacy / alias URL,301,/sauna-bagno-turco-privato-livigno/ja,yes (1 hop)
